연도,용도,차종,규모,구간,검사대수
2015,전체,합계,합계,4년 이하,2014578
2015,전체,합계,경형,4년 이하,168049
2015,전체,합계,소형,4년 이하,588597
2015,전체,합계,중형,4년 이하,900924
2015,전체,합계,대형,4년 이하,357008
2015,전체,승용차,합계,4년 이하,1036520
2015,전체,승용차,경형,4년 이하,125762
2015,전체,승용차,소형,4년 이하,7998
2015,전체,승용차,중형,4년 이하,653100
2015,전체,승용차,대형,4년 이하,249660
2015,전체,승합차,합계,4년 이하,227693
2015,전체,승합차,경형,4년 이하,11062
2015,전체,승합차,소형,4년 이하,3
2015,전체,승합차,중형,4년 이하,186967
2015,전체,승합차,대형,4년 이하,29661
2015,전체,화물차,합계,4년 이하,731409
2015,전체,화물차,경형,4년 이하,31203
2015,전체,화물차,소형,4년 이하,573747
2015,전체,화물차,중형,4년 이하,57867
2015,전체,화물차,대형,4년 이하,68592
2015,전체,특수차,합계,4년 이하,18956
2015,전체,특수차,경형,4년 이하,22
2015,전체,특수차,소형,4년 이하,6849
2015,전체,특수차,중형,4년 이하,2990
2015,전체,특수차,대형,4년 이하,9095
2015,비사업용,합계,합계,4년 이하,1532458
2015,비사업용,합계,경형,4년 이하,142325
2015,비사업용,합계,소형,4년 이하,546720
2015,비사업용,합계,중형,4년 이하,636200
2015,비사업용,합계,대형,4년 이하,207213
2015,비사업용,승용차,합계,4년 이하,734777
2015,비사업용,승용차,경형,4년 이하,109080
2015,비사업용,승용차,소형,4년 이하,7862
2015,비사업용,승용차,중형,4년 이하,431627
2015,비사업용,승용차,대형,4년 이하,186208
2015,비사업용,승합차,합계,4년 이하,173809
2015,비사업용,승합차,경형,4년 이하,10345
2015,비사업용,승합차,소형,4년 이하,3
2015,비사업용,승합차,중형,4년 이하,160162
2015,비사업용,승합차,대형,4년 이하,3299
2015,비사업용,화물차,합계,4년 이하,619944
2015,비사업용,화물차,경형,4년 이하,22878
2015,비사업용,화물차,소형,4년 이하,536249
2015,비사업용,화물차,중형,4년 이하,43657
2015,비사업용,화물차,대형,4년 이하,17160
2015,비사업용,특수차,합계,4년 이하,3928
2015,비사업용,특수차,경형,4년 이하,22
2015,비사업용,특수차,소형,4년 이하,2606
2015,비사업용,특수차,중형,4년 이하,754
2015,비사업용,특수차,대형,4년 이하,546
2015,사업용,합계,합계,4년 이하,482120
2015,사업용,합계,경형,4년 이하,25724
2015,사업용,합계,소형,4년 이하,41877
2015,사업용,합계,중형,4년 이하,264724
2015,사업용,합계,대형,4년 이하,149795
2015,사업용,승용차,합계,4년 이하,301743
2015,사업용,승용차,경형,4년 이하,16682
2015,사업용,승용차,소형,4년 이하,136
2015,사업용,승용차,중형,4년 이하,221473
2015,사업용,승용차,대형,4년 이하,63452
2015,사업용,승합차,합계,4년 이하,53884
2015,사업용,승합차,경형,4년 이하,717
2015,사업용,승합차,소형,4년 이하,0
2015,사업용,승합차,중형,4년 이하,26805
2015,사업용,승합차,대형,4년 이하,26362
2015,사업용,화물차,합계,4년 이하,111465
2015,사업용,화물차,경형,4년 이하,8325
2015,사업용,화물차,소형,4년 이하,37498
2015,사업용,화물차,중형,4년 이하,14210
2015,사업용,화물차,대형,4년 이하,51432
2015,사업용,특수차,합계,4년 이하,15028
2015,사업용,특수차,경형,4년 이하,0
2015,사업용,특수차,소형,4년 이하,4243
2015,사업용,특수차,중형,4년 이하,2236
2015,사업용,특수차,대형,4년 이하,8549
2015,전체,합계,합계,5~6년,1778839
2015,전체,합계,경형,5~6년,160220
2015,전체,합계,소형,5~6년,311447
2015,전체,합계,중형,5~6년,924705
2015,전체,합계,대형,5~6년,382467
2015,전체,승용차,합계,5~6년,1204716
2015,전체,승용차,경형,5~6년,142469
2015,전체,승용차,소형,5~6년,26762
2015,전체,승용차,중형,5~6년,739347
2015,전체,승용차,대형,5~6년,296138
2015,전체,승합차,합계,5~6년,167333
2015,전체,승합차,경형,5~6년,4757
2015,전체,승합차,소형,5~6년,2
2015,전체,승합차,중형,5~6년,138760
2015,전체,승합차,대형,5~6년,23814
2015,전체,화물차,합계,5~6년,396477
2015,전체,화물차,경형,5~6년,12994
2015,전체,화물차,소형,5~6년,282019
2015,전체,화물차,중형,5~6년,45036
2015,전체,화물차,대형,5~6년,56428
2015,전체,특수차,합계,5~6년,10313
2015,전체,특수차,경형,5~6년,0
2015,전체,특수차,소형,5~6년,2664
2015,전체,특수차,중형,5~6년,1562
2015,전체,특수차,대형,5~6년,6087
2015,비사업용,합계,합계,5~6년,1599850
2015,비사업용,합계,경형,5~6년,157261
2015,비사업용,합계,소형,5~6년,290391
2015,비사업용,합계,중형,5~6년,851831
2015,비사업용,합계,대형,5~6년,300367
2015,비사업용,승용차,합계,5~6년,1141023
2015,비사업용,승용차,경형,5~6년,141762
2015,비사업용,승용차,소형,5~6년,26654
2015,비사업용,승용차,중형,5~6년,689538
2015,비사업용,승용차,대형,5~6년,283069
2015,비사업용,승합차,합계,5~6년,135257
2015,비사업용,승합차,경형,5~6년,4753
2015,비사업용,승합차,소형,5~6년,1
2015,비사업용,승합차,중형,5~6년,128260
2015,비사업용,승합차,대형,5~6년,2243
2015,비사업용,화물차,합계,5~6년,321624
2015,비사업용,화물차,경형,5~6년,10746
2015,비사업용,화물차,소형,5~6년,262870
2015,비사업용,화물차,중형,5~6년,33481
2015,비사업용,화물차,대형,5~6년,14527
2015,비사업용,특수차,합계,5~6년,1946
2015,비사업용,특수차,경형,5~6년,0
2015,비사업용,특수차,소형,5~6년,866
2015,비사업용,특수차,중형,5~6년,552
2015,비사업용,특수차,대형,5~6년,528
2015,사업용,합계,합계,5~6년,178989
2015,사업용,합계,경형,5~6년,2959
2015,사업용,합계,소형,5~6년,21056
2015,사업용,합계,중형,5~6년,72874
2015,사업용,합계,대형,5~6년,82100
2015,사업용,승용차,합계,5~6년,63693
2015,사업용,승용차,경형,5~6년,707
2015,사업용,승용차,소형,5~6년,108
2015,사업용,승용차,중형,5~6년,49809
2015,사업용,승용차,대형,5~6년,13069
2015,사업용,승합차,합계,5~6년,32076
2015,사업용,승합차,경형,5~6년,4
2015,사업용,승합차,소형,5~6년,1
2015,사업용,승합차,중형,5~6년,10500
2015,사업용,승합차,대형,5~6년,21571
2015,사업용,화물차,합계,5~6년,74853
2015,사업용,화물차,경형,5~6년,2248
2015,사업용,화물차,소형,5~6년,19149
2015,사업용,화물차,중형,5~6년,11555
2015,사업용,화물차,대형,5~6년,41901
2015,사업용,특수차,합계,5~6년,8367
2015,사업용,특수차,경형,5~6년,0
2015,사업용,특수차,소형,5~6년,1798
2015,사업용,특수차,중형,5~6년,1010
2015,사업용,특수차,대형,5~6년,5559
2015,전체,합계,합계,7~8년,1462350
2015,전체,합계,경형,7~8년,99524
2015,전체,합계,소형,7~8년,252561
2015,전체,합계,중형,7~8년,767789
2015,전체,합계,대형,7~8년,342476
2015,전체,승용차,합계,7~8년,926261
2015,전체,승용차,경형,7~8년,88350
2015,전체,승용차,소형,7~8년,31560
2015,전체,승용차,중형,7~8년,556927
2015,전체,승용차,대형,7~8년,249424
2015,전체,승합차,합계,7~8년,191481
2015,전체,승합차,경형,7~8년,3368
2015,전체,승합차,소형,7~8년,3
2015,전체,승합차,중형,7~8년,155637
2015,전체,승합차,대형,7~8년,32473
2015,전체,화물차,합계,7~8년,331167
2015,전체,화물차,경형,7~8년,7806
2015,전체,화물차,소형,7~8년,218600
2015,전체,화물차,중형,7~8년,52680
2015,전체,화물차,대형,7~8년,52081
2015,전체,특수차,합계,7~8년,13441
2015,전체,특수차,경형,7~8년,0
2015,전체,특수차,소형,7~8년,2398
2015,전체,특수차,중형,7~8년,2545
2015,전체,특수차,대형,7~8년,8498
2015,비사업용,합계,합계,7~8년,1334494
2015,비사업용,합계,경형,7~8년,98568
2015,비사업용,합계,소형,7~8년,238675
2015,비사업용,합계,중형,7~8년,730894
2015,비사업용,합계,대형,7~8년,266357
2015,비사업용,승용차,합계,7~8년,908855
2015,비사업용,승용차,경형,7~8년,88329
2015,비사업용,승용차,소형,7~8년,31558
2015,비사업용,승용차,중형,7~8년,545728
2015,비사업용,승용차,대형,7~8년,243240
2015,비사업용,승합차,합계,7~8년,152026
2015,비사업용,승합차,경형,7~8년,3368
2015,비사업용,승합차,소형,7~8년,3
2015,비사업용,승합차,중형,7~8년,145171
2015,비사업용,승합차,대형,7~8년,3484
2015,비사업용,화물차,합계,7~8년,271212
2015,비사업용,화물차,경형,7~8년,6871
2015,비사업용,화물차,소형,7~8년,206339
2015,비사업용,화물차,중형,7~8년,39108
2015,비사업용,화물차,대형,7~8년,18894
2015,비사업용,특수차,합계,7~8년,2401
2015,비사업용,특수차,경형,7~8년,0
2015,비사업용,특수차,소형,7~8년,775
2015,비사업용,특수차,중형,7~8년,887
2015,비사업용,특수차,대형,7~8년,739
2015,사업용,합계,합계,7~8년,127856
2015,사업용,합계,경형,7~8년,956
2015,사업용,합계,소형,7~8년,13886
2015,사업용,합계,중형,7~8년,36895
2015,사업용,합계,대형,7~8년,76119
2015,사업용,승용차,합계,7~8년,17406
2015,사업용,승용차,경형,7~8년,21
2015,사업용,승용차,소형,7~8년,2
2015,사업용,승용차,중형,7~8년,11199
2015,사업용,승용차,대형,7~8년,6184
2015,사업용,승합차,합계,7~8년,39455
2015,사업용,승합차,경형,7~8년,0
2015,사업용,승합차,소형,7~8년,0
2015,사업용,승합차,중형,7~8년,10466
2015,사업용,승합차,대형,7~8년,28989
2015,사업용,화물차,합계,7~8년,59955
2015,사업용,화물차,경형,7~8년,935
2015,사업용,화물차,소형,7~8년,12261
2015,사업용,화물차,중형,7~8년,13572
2015,사업용,화물차,대형,7~8년,33187
2015,사업용,특수차,합계,7~8년,11040
2015,사업용,특수차,경형,7~8년,0
2015,사업용,특수차,소형,7~8년,1623
2015,사업용,특수차,중형,7~8년,1658
2015,사업용,특수차,대형,7~8년,7759
2015,전체,합계,합계,9~10년,1330464
2015,전체,합계,경형,9~10년,67807
2015,전체,합계,소형,9~10년,176530
2015,전체,합계,중형,9~10년,777781
2015,전체,합계,대형,9~10년,308346
2015,전체,승용차,합계,9~10년,820420
2015,전체,승용차,경형,9~10년,57992
2015,전체,승용차,소형,9~10년,31747
2015,전체,승용차,중형,9~10년,491678
2015,전체,승용차,대형,9~10년,239003
2015,전체,승합차,합계,9~10년,160292
2015,전체,승합차,경형,9~10년,3774
2015,전체,승합차,소형,9~10년,0
2015,전체,승합차,중형,9~10년,141428
2015,전체,승합차,대형,9~10년,15090
2015,전체,화물차,합계,9~10년,336373
2015,전체,화물차,경형,9~10년,6038
2015,전체,화물차,소형,9~10년,143424
2015,전체,화물차,중형,9~10년,140524
2015,전체,화물차,대형,9~10년,46387
2015,전체,특수차,합계,9~10년,13379
2015,전체,특수차,경형,9~10년,3
2015,전체,특수차,소형,9~10년,1359
2015,전체,특수차,중형,9~10년,4151
2015,전체,특수차,대형,9~10년,7866
2015,비사업용,합계,합계,9~10년,1243992
2015,비사업용,합계,경형,9~10년,67151
2015,비사업용,합계,소형,9~10년,168800
2015,비사업용,합계,중형,9~10년,748228
2015,비사업용,합계,대형,9~10년,259813
2015,비사업용,승용차,합계,9~10년,818747
2015,비사업용,승용차,경형,9~10년,57992
2015,비사업용,승용차,소형,9~10년,31747
2015,비사업용,승용차,중형,9~10년,491596
2015,비사업용,승용차,대형,9~10년,237412
2015,비사업용,승합차,합계,9~10년,144191
2015,비사업용,승합차,경형,9~10년,3774
2015,비사업용,승합차,소형,9~10년,0
2015,비사업용,승합차,중형,9~10년,136721
2015,비사업용,승합차,대형,9~10년,3696
2015,비사업용,화물차,합계,9~10년,278118
2015,비사업용,화물차,경형,9~10년,5382
2015,비사업용,화물차,소형,9~10년,136410
2015,비사업용,화물차,중형,9~10년,118314
2015,비사업용,화물차,대형,9~10년,18012
2015,비사업용,특수차,합계,9~10년,2936
2015,비사업용,특수차,경형,9~10년,3
2015,비사업용,특수차,소형,9~10년,643
2015,비사업용,특수차,중형,9~10년,1597
2015,비사업용,특수차,대형,9~10년,693
2015,사업용,합계,합계,9~10년,86472
2015,사업용,합계,경형,9~10년,656
2015,사업용,합계,소형,9~10년,7730
2015,사업용,합계,중형,9~10년,29553
2015,사업용,합계,대형,9~10년,48533
2015,사업용,승용차,합계,9~10년,1673
2015,사업용,승용차,경형,9~10년,0
2015,사업용,승용차,소형,9~10년,0
2015,사업용,승용차,중형,9~10년,82
2015,사업용,승용차,대형,9~10년,1591
2015,사업용,승합차,합계,9~10년,16101
2015,사업용,승합차,경형,9~10년,0
2015,사업용,승합차,소형,9~10년,0
2015,사업용,승합차,중형,9~10년,4707
2015,사업용,승합차,대형,9~10년,11394
2015,사업용,화물차,합계,9~10년,58255
2015,사업용,화물차,경형,9~10년,656
2015,사업용,화물차,소형,9~10년,7014
2015,사업용,화물차,중형,9~10년,22210
2015,사업용,화물차,대형,9~10년,28375
2015,사업용,특수차,합계,9~10년,10443
2015,사업용,특수차,경형,9~10년,0
2015,사업용,특수차,소형,9~10년,716
2015,사업용,특수차,중형,9~10년,2554
2015,사업용,특수차,대형,9~10년,7173
2015,전체,합계,합계,11~12년,1195257
2015,전체,합계,경형,11~12년,43090
2015,전체,합계,소형,11~12년,183233
2015,전체,합계,중형,11~12년,698384
2015,전체,합계,대형,11~12년,270550
2015,전체,승용차,합계,11~12년,710909
2015,전체,승용차,경형,11~12년,34690
2015,전체,승용차,소형,11~12년,26077
2015,전체,승용차,중형,11~12년,428187
2015,전체,승용차,대형,11~12년,221955
2015,전체,승합차,합계,11~12년,113428
2015,전체,승합차,경형,11~12년,3144
2015,전체,승합차,소형,11~12년,4
2015,전체,승합차,중형,11~12년,105508
2015,전체,승합차,대형,11~12년,4772
2015,전체,화물차,합계,11~12년,359645
2015,전체,화물차,경형,11~12년,5256
2015,전체,화물차,소형,11~12년,156721
2015,전체,화물차,중형,11~12년,161342
2015,전체,화물차,대형,11~12년,36326
2015,전체,특수차,합계,11~12년,11275
2015,전체,특수차,경형,11~12년,0
2015,전체,특수차,소형,11~12년,431
2015,전체,특수차,중형,11~12년,3347
2015,전체,특수차,대형,11~12년,7497
2015,비사업용,합계,합계,11~12년,1138883
2015,비사업용,합계,경형,11~12년,42799
2015,비사업용,합계,소형,11~12년,177348
2015,비사업용,합계,중형,11~12년,673987
2015,비사업용,합계,대형,11~12년,244749
2015,비사업용,승용차,합계,11~12년,710887
2015,비사업용,승용차,경형,11~12년,34690
2015,비사업용,승용차,소형,11~12년,26077
2015,비사업용,승용차,중형,11~12년,428187
2015,비사업용,승용차,대형,11~12년,221933
2015,비사업용,승합차,합계,11~12년,112787
2015,비사업용,승합차,경형,11~12년,3144
2015,비사업용,승합차,소형,11~12년,3
2015,비사업용,승합차,중형,11~12년,105241
2015,비사업용,승합차,대형,11~12년,4399
2015,비사업용,화물차,합계,11~12년,312253
2015,비사업용,화물차,경형,11~12년,4965
2015,비사업용,화물차,소형,11~12년,150983
2015,비사업용,화물차,중형,11~12년,138577
2015,비사업용,화물차,대형,11~12년,17728
2015,비사업용,특수차,합계,11~12년,2956
2015,비사업용,특수차,경형,11~12년,0
2015,비사업용,특수차,소형,11~12년,285
2015,비사업용,특수차,중형,11~12년,1982
2015,비사업용,특수차,대형,11~12년,689
2015,사업용,합계,합계,11~12년,56374
2015,사업용,합계,경형,11~12년,291
2015,사업용,합계,소형,11~12년,5885
2015,사업용,합계,중형,11~12년,24397
2015,사업용,합계,대형,11~12년,25801
2015,사업용,승용차,합계,11~12년,22
2015,사업용,승용차,경형,11~12년,0
2015,사업용,승용차,소형,11~12년,0
2015,사업용,승용차,중형,11~12년,0
2015,사업용,승용차,대형,11~12년,22
2015,사업용,승합차,합계,11~12년,641
2015,사업용,승합차,경형,11~12년,0
2015,사업용,승합차,소형,11~12년,1
2015,사업용,승합차,중형,11~12년,267
2015,사업용,승합차,대형,11~12년,373
2015,사업용,화물차,합계,11~12년,47392
2015,사업용,화물차,경형,11~12년,291
2015,사업용,화물차,소형,11~12년,5738
2015,사업용,화물차,중형,11~12년,22765
2015,사업용,화물차,대형,11~12년,18598
2015,사업용,특수차,합계,11~12년,8319
2015,사업용,특수차,경형,11~12년,0
2015,사업용,특수차,소형,11~12년,146
2015,사업용,특수차,중형,11~12년,1365
2015,사업용,특수차,대형,11~12년,6808
2015,전체,합계,합계,13~14년,1210398
2015,전체,합계,경형,13~14년,31932
2015,전체,합계,소형,13~14년,231998
2015,전체,합계,중형,13~14년,678341
2015,전체,합계,대형,13~14년,268127
2015,전체,승용차,합계,13~14년,684013
2015,전체,승용차,경형,13~14년,26915
2015,전체,승용차,소형,13~14년,30142
2015,전체,승용차,중형,13~14년,408941
2015,전체,승용차,대형,13~14년,218015
2015,전체,승합차,합계,13~14년,94131
2015,전체,승합차,경형,13~14년,1775
2015,전체,승합차,소형,13~14년,0
2015,전체,승합차,중형,13~14년,88736
2015,전체,승합차,대형,13~14년,3620
2015,전체,화물차,합계,13~14년,420798
2015,전체,화물차,경형,13~14년,3242
2015,전체,화물차,소형,13~14년,201616
2015,전체,화물차,중형,13~14년,177934
2015,전체,화물차,대형,13~14년,38006
2015,전체,특수차,합계,13~14년,11456
2015,전체,특수차,경형,13~14년,0
2015,전체,특수차,소형,13~14년,240
2015,전체,특수차,중형,13~14년,2730
2015,전체,특수차,대형,13~14년,8486
2015,비사업용,합계,합계,13~14년,1145462
2015,비사업용,합계,경형,13~14년,31809
2015,비사업용,합계,소형,13~14년,225473
2015,비사업용,합계,중형,13~14년,648315
2015,비사업용,합계,대형,13~14년,239865
2015,비사업용,승용차,합계,13~14년,684013
2015,비사업용,승용차,경형,13~14년,26915
2015,비사업용,승용차,소형,13~14년,30142
2015,비사업용,승용차,중형,13~14년,408941
2015,비사업용,승용차,대형,13~14년,218015
2015,비사업용,승합차,합계,13~14년,94126
2015,비사업용,승합차,경형,13~14년,1775
2015,비사업용,승합차,소형,13~14년,0
2015,비사업용,승합차,중형,13~14년,88731
2015,비사업용,승합차,대형,13~14년,3620
2015,비사업용,화물차,합계,13~14년,364347
2015,비사업용,화물차,경형,13~14년,3119
2015,비사업용,화물차,소형,13~14년,195141
2015,비사업용,화물차,중형,13~14년,148651
2015,비사업용,화물차,대형,13~14년,17436
2015,비사업용,특수차,합계,13~14년,2976
2015,비사업용,특수차,경형,13~14년,0
2015,비사업용,특수차,소형,13~14년,190
2015,비사업용,특수차,중형,13~14년,1992
2015,비사업용,특수차,대형,13~14년,794
2015,사업용,합계,합계,13~14년,64936
2015,사업용,합계,경형,13~14년,123
2015,사업용,합계,소형,13~14년,6525
2015,사업용,합계,중형,13~14년,30026
2015,사업용,합계,대형,13~14년,28262
2015,사업용,승용차,합계,13~14년,0
2015,사업용,승용차,경형,13~14년,0
2015,사업용,승용차,소형,13~14년,0
2015,사업용,승용차,중형,13~14년,0
2015,사업용,승용차,대형,13~14년,0
2015,사업용,승합차,합계,13~14년,5
2015,사업용,승합차,경형,13~14년,0
2015,사업용,승합차,소형,13~14년,0
2015,사업용,승합차,중형,13~14년,5
2015,사업용,승합차,대형,13~14년,0
2015,사업용,화물차,합계,13~14년,56451
2015,사업용,화물차,경형,13~14년,123
2015,사업용,화물차,소형,13~14년,6475
2015,사업용,화물차,중형,13~14년,29283
2015,사업용,화물차,대형,13~14년,20570
2015,사업용,특수차,합계,13~14년,8480
2015,사업용,특수차,경형,13~14년,0
2015,사업용,특수차,소형,13~14년,50
2015,사업용,특수차,중형,13~14년,738
2015,사업용,특수차,대형,13~14년,7692
2015,전체,합계,합계,15년 이상,1568531
2015,전체,합계,경형,15년 이상,66812
2015,전체,합계,소형,15년 이상,505955
2015,전체,합계,중형,15년 이상,730312
2015,전체,합계,대형,15년 이상,265452
2015,전체,승용차,합계,15년 이상,739406
2015,전체,승용차,경형,15년 이상,58573
2015,전체,승용차,소형,15년 이상,127063
2015,전체,승용차,중형,15년 이상,417677
2015,전체,승용차,대형,15년 이상,136093
2015,전체,승합차,합계,15년 이상,152324
2015,전체,승합차,경형,15년 이상,1205
2015,전체,승합차,소형,15년 이상,9594
2015,전체,승합차,중형,15년 이상,138506
2015,전체,승합차,대형,15년 이상,3019
2015,전체,화물차,합계,15년 이상,655494
2015,전체,화물차,경형,15년 이상,7031
2015,전체,화물차,소형,15년 이상,368296
2015,전체,화물차,중형,15년 이상,168268
2015,전체,화물차,대형,15년 이상,111899
2015,전체,특수차,합계,15년 이상,21307
2015,전체,특수차,경형,15년 이상,3
2015,전체,특수차,소형,15년 이상,1002
2015,전체,특수차,중형,15년 이상,5861
2015,전체,특수차,대형,15년 이상,14441
2015,비사업용,합계,합계,15년 이상,1476809
2015,비사업용,합계,경형,15년 이상,66411
2015,비사업용,합계,소형,15년 이상,500225
2015,비사업용,합계,중형,15년 이상,706944
2015,비사업용,합계,대형,15년 이상,203229
2015,비사업용,승용차,합계,15년 이상,739406
2015,비사업용,승용차,경형,15년 이상,58573
2015,비사업용,승용차,소형,15년 이상,127063
2015,비사업용,승용차,중형,15년 이상,417677
2015,비사업용,승용차,대형,15년 이상,136093
2015,비사업용,승합차,합계,15년 이상,152324
2015,비사업용,승합차,경형,15년 이상,1205
2015,비사업용,승합차,소형,15년 이상,9594
2015,비사업용,승합차,중형,15년 이상,138506
2015,비사업용,승합차,대형,15년 이상,3019
2015,비사업용,화물차,합계,15년 이상,578221
2015,비사업용,화물차,경형,15년 이상,6630
2015,비사업용,화물차,소형,15년 이상,362848
2015,비사업용,화물차,중형,15년 이상,146347
2015,비사업용,화물차,대형,15년 이상,62396
2015,비사업용,특수차,합계,15년 이상,6858
2015,비사업용,특수차,경형,15년 이상,3
2015,비사업용,특수차,소형,15년 이상,720
2015,비사업용,특수차,중형,15년 이상,4414
2015,비사업용,특수차,대형,15년 이상,1721
2015,사업용,합계,합계,15년 이상,91722
2015,사업용,합계,경형,15년 이상,401
2015,사업용,합계,소형,15년 이상,5730
2015,사업용,합계,중형,15년 이상,23368
2015,사업용,합계,대형,15년 이상,62223
2015,사업용,승용차,합계,15년 이상,0
2015,사업용,승용차,경형,15년 이상,0
2015,사업용,승용차,소형,15년 이상,0
2015,사업용,승용차,중형,15년 이상,0
2015,사업용,승용차,대형,15년 이상,0
2015,사업용,승합차,합계,15년 이상,0
2015,사업용,승합차,경형,15년 이상,0
2015,사업용,승합차,소형,15년 이상,0
2015,사업용,승합차,중형,15년 이상,0
2015,사업용,승합차,대형,15년 이상,0
2015,사업용,화물차,합계,15년 이상,77273
2015,사업용,화물차,경형,15년 이상,401
2015,사업용,화물차,소형,15년 이상,5448
2015,사업용,화물차,중형,15년 이상,21921
2015,사업용,화물차,대형,15년 이상,49503
2015,사업용,특수차,합계,15년 이상,14449
2015,사업용,특수차,경형,15년 이상,0
2015,사업용,특수차,소형,15년 이상,282
2015,사업용,특수차,중형,15년 이상,1447
2015,사업용,특수차,대형,15년 이상,12720
2015,전체,합계,합계,기타,1
2015,전체,합계,경형,기타,0
2015,전체,합계,소형,기타,0
2015,전체,합계,중형,기타,0
2015,전체,합계,대형,기타,1
2015,전체,승용차,합계,기타,1
2015,전체,승용차,경형,기타,0
2015,전체,승용차,소형,기타,0
2015,전체,승용차,중형,기타,0
2015,전체,승용차,대형,기타,1
2015,전체,승합차,합계,기타,0
2015,전체,승합차,경형,기타,0
2015,전체,승합차,소형,기타,0
2015,전체,승합차,중형,기타,0
2015,전체,승합차,대형,기타,0
2015,전체,화물차,합계,기타,0
2015,전체,화물차,경형,기타,0
2015,전체,화물차,소형,기타,0
2015,전체,화물차,중형,기타,0
2015,전체,화물차,대형,기타,0
2015,전체,특수차,합계,기타,0
2015,전체,특수차,경형,기타,0
2015,전체,특수차,소형,기타,0
2015,전체,특수차,중형,기타,0
2015,전체,특수차,대형,기타,0
2015,비사업용,합계,합계,기타,1
2015,비사업용,합계,경형,기타,0
2015,비사업용,합계,소형,기타,0
2015,비사업용,합계,중형,기타,0
2015,비사업용,합계,대형,기타,1
2015,비사업용,승용차,합계,기타,1
2015,비사업용,승용차,경형,기타,0
2015,비사업용,승용차,소형,기타,0
2015,비사업용,승용차,중형,기타,0
2015,비사업용,승용차,대형,기타,1
2015,비사업용,승합차,합계,기타,0
2015,비사업용,승합차,경형,기타,0
2015,비사업용,승합차,소형,기타,0
2015,비사업용,승합차,중형,기타,0
2015,비사업용,승합차,대형,기타,0
2015,비사업용,화물차,합계,기타,0
2015,비사업용,화물차,경형,기타,0
2015,비사업용,화물차,소형,기타,0
2015,비사업용,화물차,중형,기타,0
2015,비사업용,화물차,대형,기타,0
2015,비사업용,특수차,합계,기타,0
2015,비사업용,특수차,경형,기타,0
2015,비사업용,특수차,소형,기타,0
2015,비사업용,특수차,중형,기타,0
2015,비사업용,특수차,대형,기타,0
2015,사업용,합계,합계,기타,0
2015,사업용,합계,경형,기타,0
2015,사업용,합계,소형,기타,0
2015,사업용,합계,중형,기타,0
2015,사업용,합계,대형,기타,0
2015,사업용,승용차,합계,기타,0
2015,사업용,승용차,경형,기타,0
2015,사업용,승용차,소형,기타,0
2015,사업용,승용차,중형,기타,0
2015,사업용,승용차,대형,기타,0
2015,사업용,승합차,합계,기타,0
2015,사업용,승합차,경형,기타,0
2015,사업용,승합차,소형,기타,0
2015,사업용,승합차,중형,기타,0
2015,사업용,승합차,대형,기타,0
2015,사업용,화물차,합계,기타,0
2015,사업용,화물차,경형,기타,0
2015,사업용,화물차,소형,기타,0
2015,사업용,화물차,중형,기타,0
2015,사업용,화물차,대형,기타,0
2015,사업용,특수차,합계,기타,0
2015,사업용,특수차,경형,기타,0
2015,사업용,특수차,소형,기타,0
2015,사업용,특수차,중형,기타,0
2015,사업용,특수차,대형,기타,0
2016,전체,합계,합계,4년 이하,1244530
2016,전체,합계,경형,4년 이하,64747
2016,전체,합계,소형,4년 이하,541363
2016,전체,합계,중형,4년 이하,456503
2016,전체,합계,대형,4년 이하,181917
2016,전체,승용차,합계,4년 이하,380431
2016,전체,승용차,경형,4년 이하,28280
2016,전체,승용차,소형,4년 이하,395
2016,전체,승용차,중형,4년 이하,258505
2016,전체,승용차,대형,4년 이하,93251
2016,전체,승합차,합계,4년 이하,179539
2016,전체,승합차,경형,4년 이하,8437
2016,전체,승합차,소형,4년 이하,7
2016,전체,승합차,중형,4년 이하,144254
2016,전체,승합차,대형,4년 이하,26841
2016,전체,화물차,합계,4년 이하,667008
2016,전체,화물차,경형,4년 이하,28018
2016,전체,화물차,소형,4년 이하,533999
2016,전체,화물차,중형,4년 이하,50731
2016,전체,화물차,대형,4년 이하,54260
2016,전체,특수차,합계,4년 이하,17552
2016,전체,특수차,경형,4년 이하,12
2016,전체,특수차,소형,4년 이하,6962
2016,전체,특수차,중형,4년 이하,3013
2016,전체,특수차,대형,4년 이하,7565
2016,비사업용,합계,합계,4년 이하,770313
2016,비사업용,합계,경형,4년 이하,37727
2016,비사업용,합계,소형,4년 이하,499751
2016,비사업용,합계,중형,4년 이하,196262
2016,비사업용,합계,대형,4년 이하,36573
2016,비사업용,승용차,합계,4년 이하,73456
2016,비사업용,승용차,경형,4년 이하,8819
2016,비사업용,승용차,소형,4년 이하,295
2016,비사업용,승용차,중형,4년 이하,43584
2016,비사업용,승용차,대형,4년 이하,20758
2016,비사업용,승합차,합계,4년 이하,125044
2016,비사업용,승합차,경형,4년 이하,8160
2016,비사업용,승합차,소형,4년 이하,6
2016,비사업용,승합차,중형,4년 이하,114117
2016,비사업용,승합차,대형,4년 이하,2761
2016,비사업용,화물차,합계,4년 이하,568249
2016,비사업용,화물차,경형,4년 이하,20736
2016,비사업용,화물차,소형,4년 이하,496801
2016,비사업용,화물차,중형,4년 이하,37937
2016,비사업용,화물차,대형,4년 이하,12775
2016,비사업용,특수차,합계,4년 이하,3564
2016,비사업용,특수차,경형,4년 이하,12
2016,비사업용,특수차,소형,4년 이하,2649
2016,비사업용,특수차,중형,4년 이하,624
2016,비사업용,특수차,대형,4년 이하,279
2016,사업용,합계,합계,4년 이하,474217
2016,사업용,합계,경형,4년 이하,27020
2016,사업용,합계,소형,4년 이하,41612
2016,사업용,합계,중형,4년 이하,260241
2016,사업용,합계,대형,4년 이하,145344
2016,사업용,승용차,합계,4년 이하,306975
2016,사업용,승용차,경형,4년 이하,19461
2016,사업용,승용차,소형,4년 이하,100
2016,사업용,승용차,중형,4년 이하,214921
2016,사업용,승용차,대형,4년 이하,72493
2016,사업용,승합차,합계,4년 이하,54495
2016,사업용,승합차,경형,4년 이하,277
2016,사업용,승합차,소형,4년 이하,1
2016,사업용,승합차,중형,4년 이하,30137
2016,사업용,승합차,대형,4년 이하,24080
2016,사업용,화물차,합계,4년 이하,98759
2016,사업용,화물차,경형,4년 이하,7282
2016,사업용,화물차,소형,4년 이하,37198
2016,사업용,화물차,중형,4년 이하,12794
2016,사업용,화물차,대형,4년 이하,41485
2016,사업용,특수차,합계,4년 이하,13988
2016,사업용,특수차,경형,4년 이하,0
2016,사업용,특수차,소형,4년 이하,4313
2016,사업용,특수차,중형,4년 이하,2389
2016,사업용,특수차,대형,4년 이하,7286
2016,전체,합계,합계,5~6년,1843123
2016,전체,합계,경형,5~6년,216653
2016,전체,합계,소형,5~6년,310937
2016,전체,합계,중형,5~6년,961026
2016,전체,합계,대형,5~6년,354507
2016,전체,승용차,합계,5~6년,1266053
2016,전체,승용차,경형,5~6년,196722
2016,전체,승용차,소형,5~6년,2763
2016,전체,승용차,중형,5~6년,793213
2016,전체,승용차,대형,5~6년,273355
2016,전체,승합차,합계,5~6년,153005
2016,전체,승합차,경형,5~6년,5523
2016,전체,승합차,소형,5~6년,2
2016,전체,승합차,중형,5~6년,128572
2016,전체,승합차,대형,5~6년,18908
2016,전체,화물차,합계,5~6년,411240
2016,전체,화물차,경형,5~6년,14396
2016,전체,화물차,소형,5~6년,303910
2016,전체,화물차,중형,5~6년,37207
2016,전체,화물차,대형,5~6년,55727
2016,전체,특수차,합계,5~6년,12825
2016,전체,특수차,경형,5~6년,12
2016,전체,특수차,소형,5~6년,4262
2016,전체,특수차,중형,5~6년,2034
2016,전체,특수차,대형,5~6년,6517
2016,비사업용,합계,합계,5~6년,1617499
2016,비사업용,합계,경형,5~6년,209437
2016,비사업용,합계,소형,5~6년,285440
2016,비사업용,합계,중형,5~6년,855385
2016,비사업용,합계,대형,5~6년,267237
2016,비사업용,승용차,합계,5~6년,1161891
2016,비사업용,승용차,경형,5~6년,192723
2016,비사업용,승용차,소형,5~6년,2722
2016,비사업용,승용차,중형,5~6년,712686
2016,비사업용,승용차,대형,5~6년,253760
2016,비사업용,승합차,합계,5~6년,121699
2016,비사업용,승합차,경형,5~6년,5050
2016,비사업용,승합차,소형,5~6년,2
2016,비사업용,승합차,중형,5~6년,115098
2016,비사업용,승합차,대형,5~6년,1549
2016,비사업용,화물차,합계,5~6년,331763
2016,비사업용,화물차,경형,5~6년,11652
2016,비사업용,화물차,소형,5~6년,281151
2016,비사업용,화물차,중형,5~6년,27310
2016,비사업용,화물차,대형,5~6년,11650
2016,비사업용,특수차,합계,5~6년,2146
2016,비사업용,특수차,경형,5~6년,12
2016,비사업용,특수차,소형,5~6년,1565
2016,비사업용,특수차,중형,5~6년,291
2016,비사업용,특수차,대형,5~6년,278
2016,사업용,합계,합계,5~6년,225624
2016,사업용,합계,경형,5~6년,7216
2016,사업용,합계,소형,5~6년,25497
2016,사업용,합계,중형,5~6년,105641
2016,사업용,합계,대형,5~6년,87270
2016,사업용,승용차,합계,5~6년,104162
2016,사업용,승용차,경형,5~6년,3999
2016,사업용,승용차,소형,5~6년,41
2016,사업용,승용차,중형,5~6년,80527
2016,사업용,승용차,대형,5~6년,19595
2016,사업용,승합차,합계,5~6년,31306
2016,사업용,승합차,경형,5~6년,473
2016,사업용,승합차,소형,5~6년,0
2016,사업용,승합차,중형,5~6년,13474
2016,사업용,승합차,대형,5~6년,17359
2016,사업용,화물차,합계,5~6년,79477
2016,사업용,화물차,경형,5~6년,2744
2016,사업용,화물차,소형,5~6년,22759
2016,사업용,화물차,중형,5~6년,9897
2016,사업용,화물차,대형,5~6년,44077
2016,사업용,특수차,합계,5~6년,10679
2016,사업용,특수차,경형,5~6년,0
2016,사업용,특수차,소형,5~6년,2697
2016,사업용,특수차,중형,5~6년,1743
2016,사업용,특수차,대형,5~6년,6239
2016,전체,합계,합계,7~8년,1758187
2016,전체,합계,경형,7~8년,159969
2016,전체,합계,소형,7~8년,289295
2016,전체,합계,중형,7~8년,959794
2016,전체,합계,대형,7~8년,349129
2016,전체,승용차,합계,7~8년,1153666
2016,전체,승용차,경형,7~8년,146072
2016,전체,승용차,소형,7~8년,24830
2016,전체,승용차,중형,7~8년,726698
2016,전체,승용차,대형,7~8년,256066
2016,전체,승합차,합계,7~8년,211487
2016,전체,승합차,경형,7~8년,3438
2016,전체,승합차,소형,7~8년,2
2016,전체,승합차,중형,7~8년,176376
2016,전체,승합차,대형,7~8년,31671
2016,전체,화물차,합계,7~8년,381055
2016,전체,화물차,경형,7~8년,10457
2016,전체,화물차,소형,7~8년,261627
2016,전체,화물차,중형,7~8년,54785
2016,전체,화물차,대형,7~8년,54186
2016,전체,특수차,합계,7~8년,11979
2016,전체,특수차,경형,7~8년,2
2016,전체,특수차,소형,7~8년,2836
2016,전체,특수차,중형,7~8년,1935
2016,전체,특수차,대형,7~8년,7206
2016,비사업용,합계,합계,7~8년,1591731
2016,비사업용,합계,경형,7~8년,157993
2016,비사업용,합계,소형,7~8년,268163
2016,비사업용,합계,중형,7~8년,899793
2016,비사업용,합계,대형,7~8년,265782
2016,비사업용,승용차,합계,7~8년,1120909
2016,비사업용,승용차,경형,7~8년,145541
2016,비사업용,승용차,소형,7~8년,24540
2016,비사업용,승용차,중형,7~8년,702779
2016,비사업용,승용차,대형,7~8년,248049
2016,비사업용,승합차,합계,7~8년,163199
2016,비사업용,승합차,경형,7~8년,3432
2016,비사업용,승합차,소형,7~8년,1
2016,비사업용,승합차,중형,7~8년,157591
2016,비사업용,승합차,대형,7~8년,2175
2016,비사업용,화물차,합계,7~8년,305888
2016,비사업용,화물차,경형,7~8년,9019
2016,비사업용,화물차,소형,7~8년,242862
2016,비사업용,화물차,중형,7~8년,38819
2016,비사업용,화물차,대형,7~8년,15188
2016,비사업용,특수차,합계,7~8년,1735
2016,비사업용,특수차,경형,7~8년,1
2016,비사업용,특수차,소형,7~8년,760
2016,비사업용,특수차,중형,7~8년,604
2016,비사업용,특수차,대형,7~8년,370
2016,사업용,합계,합계,7~8년,166456
2016,사업용,합계,경형,7~8년,1976
2016,사업용,합계,소형,7~8년,21132
2016,사업용,합계,중형,7~8년,60001
2016,사업용,합계,대형,7~8년,83347
2016,사업용,승용차,합계,7~8년,32757
2016,사업용,승용차,경형,7~8년,531
2016,사업용,승용차,소형,7~8년,290
2016,사업용,승용차,중형,7~8년,23919
2016,사업용,승용차,대형,7~8년,8017
2016,사업용,승합차,합계,7~8년,48288
2016,사업용,승합차,경형,7~8년,6
2016,사업용,승합차,소형,7~8년,1
2016,사업용,승합차,중형,7~8년,18785
2016,사업용,승합차,대형,7~8년,29496
2016,사업용,화물차,합계,7~8년,75167
2016,사업용,화물차,경형,7~8년,1438
2016,사업용,화물차,소형,7~8년,18765
2016,사업용,화물차,중형,7~8년,15966
2016,사업용,화물차,대형,7~8년,38998
2016,사업용,특수차,합계,7~8년,10244
2016,사업용,특수차,경형,7~8년,1
2016,사업용,특수차,소형,7~8년,2076
2016,사업용,특수차,중형,7~8년,1331
2016,사업용,특수차,대형,7~8년,6836
2016,전체,합계,합계,9~10년,1425740
2016,전체,합계,경형,9~10년,128495
2016,전체,합계,소형,9~10년,258096
2016,전체,합계,중형,9~10년,708433
2016,전체,합계,대형,9~10년,330716
2016,전체,승용차,합계,9~10년,900645
2016,전체,승용차,경형,9~10년,120461
2016,전체,승용차,소형,9~10년,38572
2016,전체,승용차,중형,9~10년,497723
2016,전체,승용차,대형,9~10년,243889
2016,전체,승합차,합계,9~10년,173253
2016,전체,승합차,경형,9~10년,2571
2016,전체,승합차,소형,9~10년,8
2016,전체,승합차,중형,9~10년,149326
2016,전체,승합차,대형,9~10년,21348
2016,전체,화물차,합계,9~10년,336068
2016,전체,화물차,경형,9~10년,5463
2016,전체,화물차,소형,9~10년,216806
2016,전체,화물차,중형,9~10년,57945
2016,전체,화물차,대형,9~10년,55854
2016,전체,특수차,합계,9~10년,15774
2016,전체,특수차,경형,9~10년,0
2016,전체,특수차,소형,9~10년,2710
2016,전체,특수차,중형,9~10년,3439
2016,전체,특수차,대형,9~10년,9625
2016,비사업용,합계,합계,9~10년,1305129
2016,비사업용,합계,경형,9~10년,127428
2016,비사업용,합계,소형,9~10년,242587
2016,비사업용,합계,중형,9~10년,674594
2016,비사업용,합계,대형,9~10년,260520
2016,비사업용,승용차,합계,9~10년,892712
2016,비사업용,승용차,경형,9~10년,119927
2016,비사업용,승용차,소형,9~10년,38270
2016,비사업용,승용차,중형,9~10년,494477
2016,비사업용,승용차,대형,9~10년,240038
2016,비사업용,승합차,합계,9~10년,143506
2016,비사업용,승합차,경형,9~10년,2569
2016,비사업용,승합차,소형,9~10년,8
2016,비사업용,승합차,중형,9~10년,138219
2016,비사업용,승합차,대형,9~10년,2710
2016,비사업용,화물차,합계,9~10년,266927
2016,비사업용,화물차,경형,9~10년,4932
2016,비사업용,화물차,소형,9~10년,203590
2016,비사업용,화물차,중형,9~10년,41091
2016,비사업용,화물차,대형,9~10년,17314
2016,비사업용,특수차,합계,9~10년,1984
2016,비사업용,특수차,경형,9~10년,0
2016,비사업용,특수차,소형,9~10년,719
2016,비사업용,특수차,중형,9~10년,807
2016,비사업용,특수차,대형,9~10년,458
2016,사업용,합계,합계,9~10년,120611
2016,사업용,합계,경형,9~10년,1067
2016,사업용,합계,소형,9~10년,15509
2016,사업용,합계,중형,9~10년,33839
2016,사업용,합계,대형,9~10년,70196
2016,사업용,승용차,합계,9~10년,7933
2016,사업용,승용차,경형,9~10년,534
2016,사업용,승용차,소형,9~10년,302
2016,사업용,승용차,중형,9~10년,3246
2016,사업용,승용차,대형,9~10년,3851
2016,사업용,승합차,합계,9~10년,29747
2016,사업용,승합차,경형,9~10년,2
2016,사업용,승합차,소형,9~10년,0
2016,사업용,승합차,중형,9~10년,11107
2016,사업용,승합차,대형,9~10년,18638
2016,사업용,화물차,합계,9~10년,69141
2016,사업용,화물차,경형,9~10년,531
2016,사업용,화물차,소형,9~10년,13216
2016,사업용,화물차,중형,9~10년,16854
2016,사업용,화물차,대형,9~10년,38540
2016,사업용,특수차,합계,9~10년,13790
2016,사업용,특수차,경형,9~10년,0
2016,사업용,특수차,소형,9~10년,1991
2016,사업용,특수차,중형,9~10년,2632
2016,사업용,특수차,대형,9~10년,9167
2016,전체,합계,합계,11~12년,1265383
2016,전체,합계,경형,11~12년,58683
2016,전체,합계,소형,11~12년,146270
2016,전체,합계,중형,11~12년,751898
2016,전체,합계,대형,11~12년,308532
2016,전체,승용차,합계,11~12년,805324
2016,전체,승용차,경형,11~12년,49922
2016,전체,승용차,소형,11~12년,34415
2016,전체,승용차,중형,11~12년,462452
2016,전체,승용차,대형,11~12년,258535
2016,전체,승합차,합계,11~12년,135903
2016,전체,승합차,경형,11~12년,3130
2016,전체,승합차,소형,11~12년,1
2016,전체,승합차,중형,11~12년,127823
2016,전체,승합차,대형,11~12년,4949
2016,전체,화물차,합계,11~12년,313198
2016,전체,화물차,경형,11~12년,5623
2016,전체,화물차,소형,11~12년,111177
2016,전체,화물차,중형,11~12년,158018
2016,전체,화물차,대형,11~12년,38380
2016,전체,특수차,합계,11~12년,10958
2016,전체,특수차,경형,11~12년,8
2016,전체,특수차,소형,11~12년,677
2016,전체,특수차,중형,11~12년,3605
2016,전체,특수차,대형,11~12년,6668
2016,비사업용,합계,합계,11~12년,1197753
2016,비사업용,합계,경형,11~12년,58005
2016,비사업용,합계,소형,11~12년,141052
2016,비사업용,합계,중형,11~12년,722813
2016,비사업용,합계,대형,11~12년,275883
2016,비사업용,승용차,합계,11~12년,803434
2016,비사업용,승용차,경형,11~12년,49737
2016,비사업용,승용차,소형,11~12년,34056
2016,비사업용,승용차,중형,11~12년,462019
2016,비사업용,승용차,대형,11~12년,257622
2016,비사업용,승합차,합계,11~12년,132201
2016,비사업용,승합차,경형,11~12년,3122
2016,비사업용,승합차,소형,11~12년,1
2016,비사업용,승합차,중형,11~12년,125264
2016,비사업용,승합차,대형,11~12년,3814
2016,비사업용,화물차,합계,11~12년,260075
2016,비사업용,화물차,경형,11~12년,5138
2016,비사업용,화물차,소형,11~12년,106703
2016,비사업용,화물차,중형,11~12년,134192
2016,비사업용,화물차,대형,11~12년,14042
2016,비사업용,특수차,합계,11~12년,2043
2016,비사업용,특수차,경형,11~12년,8
2016,비사업용,특수차,소형,11~12년,292
2016,비사업용,특수차,중형,11~12년,1338
2016,비사업용,특수차,대형,11~12년,405
2016,사업용,합계,합계,11~12년,67630
2016,사업용,합계,경형,11~12년,678
2016,사업용,합계,소형,11~12년,5218
2016,사업용,합계,중형,11~12년,29085
2016,사업용,합계,대형,11~12년,32649
2016,사업용,승용차,합계,11~12년,1890
2016,사업용,승용차,경형,11~12년,185
2016,사업용,승용차,소형,11~12년,359
2016,사업용,승용차,중형,11~12년,433
2016,사업용,승용차,대형,11~12년,913
2016,사업용,승합차,합계,11~12년,3702
2016,사업용,승합차,경형,11~12년,8
2016,사업용,승합차,소형,11~12년,0
2016,사업용,승합차,중형,11~12년,2559
2016,사업용,승합차,대형,11~12년,1135
2016,사업용,화물차,합계,11~12년,53123
2016,사업용,화물차,경형,11~12년,485
2016,사업용,화물차,소형,11~12년,4474
2016,사업용,화물차,중형,11~12년,23826
2016,사업용,화물차,대형,11~12년,24338
2016,사업용,특수차,합계,11~12년,8915
2016,사업용,특수차,경형,11~12년,0
2016,사업용,특수차,소형,11~12년,385
2016,사업용,특수차,중형,11~12년,2267
2016,사업용,특수차,대형,11~12년,6263
2016,전체,합계,합계,13~14년,1138728
2016,전체,합계,경형,13~14년,41171
2016,전체,합계,소형,13~14년,191948
2016,전체,합계,중형,13~14년,647238
2016,전체,합계,대형,13~14년,258371
2016,전체,승용차,합계,13~14년,665948
2016,전체,승용차,경형,13~14년,35524
2016,전체,승용차,소형,13~14년,15437
2016,전체,승용차,중형,13~14년,403811
2016,전체,승용차,대형,13~14년,211176
2016,전체,승합차,합계,13~14년,90833
2016,전체,승합차,경형,13~14년,1949
2016,전체,승합차,소형,13~14년,3
2016,전체,승합차,중형,13~14년,85433
2016,전체,승합차,대형,13~14년,3448
2016,전체,화물차,합계,13~14년,370775
2016,전체,화물차,경형,13~14년,3698
2016,전체,화물차,소형,13~14년,176215
2016,전체,화물차,중형,13~14년,155259
2016,전체,화물차,대형,13~14년,35603
2016,전체,특수차,합계,13~14년,11172
2016,전체,특수차,경형,13~14년,0
2016,전체,특수차,소형,13~14년,293
2016,전체,특수차,중형,13~14년,2735
2016,전체,특수차,대형,13~14년,8144
2016,비사업용,합계,합계,13~14년,1079071
2016,비사업용,합계,경형,13~14년,40898
2016,비사업용,합계,소형,13~14년,186965
2016,비사업용,합계,중형,13~14년,620380
2016,비사업용,합계,대형,13~14년,230828
2016,비사업용,승용차,합계,13~14년,665229
2016,비사업용,승용차,경형,13~14년,35430
2016,비사업용,승용차,소형,13~14년,15360
2016,비사업용,승용차,중형,13~14년,403492
2016,비사업용,승용차,대형,13~14년,210947
2016,비사업용,승합차,합계,13~14년,89614
2016,비사업용,승합차,경형,13~14년,1941
2016,비사업용,승합차,소형,13~14년,2
2016,비사업용,승합차,중형,13~14년,84477
2016,비사업용,승합차,대형,13~14년,3194
2016,비사업용,화물차,합계,13~14년,322025
2016,비사업용,화물차,경형,13~14년,3527
2016,비사업용,화물차,소형,13~14년,171423
2016,비사업용,화물차,중형,13~14년,130851
2016,비사업용,화물차,대형,13~14년,16224
2016,비사업용,특수차,합계,13~14년,2203
2016,비사업용,특수차,경형,13~14년,0
2016,비사업용,특수차,소형,13~14년,180
2016,비사업용,특수차,중형,13~14년,1560
2016,비사업용,특수차,대형,13~14년,463
2016,사업용,합계,합계,13~14년,59657
2016,사업용,합계,경형,13~14년,273
2016,사업용,합계,소형,13~14년,4983
2016,사업용,합계,중형,13~14년,26858
2016,사업용,합계,대형,13~14년,27543
2016,사업용,승용차,합계,13~14년,719
2016,사업용,승용차,경형,13~14년,94
2016,사업용,승용차,소형,13~14년,77
2016,사업용,승용차,중형,13~14년,319
2016,사업용,승용차,대형,13~14년,229
2016,사업용,승합차,합계,13~14년,1219
2016,사업용,승합차,경형,13~14년,8
2016,사업용,승합차,소형,13~14년,1
2016,사업용,승합차,중형,13~14년,956
2016,사업용,승합차,대형,13~14년,254
2016,사업용,화물차,합계,13~14년,48750
2016,사업용,화물차,경형,13~14년,171
2016,사업용,화물차,소형,13~14년,4792
2016,사업용,화물차,중형,13~14년,24408
2016,사업용,화물차,대형,13~14년,19379
2016,사업용,특수차,합계,13~14년,8969
2016,사업용,특수차,경형,13~14년,0
2016,사업용,특수차,소형,13~14년,113
2016,사업용,특수차,중형,13~14년,1175
2016,사업용,특수차,대형,13~14년,7681
2016,전체,합계,합계,15년 이상,2109947
2016,전체,합계,경형,15년 이상,68606
2016,전체,합계,소형,15년 이상,539983
2016,전체,합계,중형,15년 이상,1048138
2016,전체,합계,대형,15년 이상,453220
2016,전체,승용차,합계,15년 이상,1114410
2016,전체,승용차,경형,15년 이상,59605
2016,전체,승용차,소형,15년 이상,109873
2016,전체,승용차,중형,15년 이상,638477
2016,전체,승용차,대형,15년 이상,306455
2016,전체,승합차,합계,15년 이상,154436
2016,전체,승합차,경형,15년 이상,1742
2016,전체,승합차,소형,15년 이상,2577
2016,전체,승합차,중형,15년 이상,145912
2016,전체,승합차,대형,15년 이상,4205
2016,전체,화물차,합계,15년 이상,814917
2016,전체,화물차,경형,15년 이상,7258
2016,전체,화물차,소형,15년 이상,426548
2016,전체,화물차,중형,15년 이상,256614
2016,전체,화물차,대형,15년 이상,124497
2016,전체,특수차,합계,15년 이상,26184
2016,전체,특수차,경형,15년 이상,1
2016,전체,특수차,소형,15년 이상,985
2016,전체,특수차,중형,15년 이상,7135
2016,전체,특수차,대형,15년 이상,18063
2016,비사업용,합계,합계,15년 이상,1987831
2016,비사업용,합계,경형,15년 이상,68180
2016,비사업용,합계,소형,15년 이상,531776
2016,비사업용,합계,중형,15년 이상,1008124
2016,비사업용,합계,대형,15년 이상,379751
2016,비사업용,승용차,합계,15년 이상,1114097
2016,비사업용,승용차,경형,15년 이상,59574
2016,비사업용,승용차,소형,15년 이상,109837
2016,비사업용,승용차,중형,15년 이상,638318
2016,비사업용,승용차,대형,15년 이상,306368
2016,비사업용,승합차,합계,15년 이상,153834
2016,비사업용,승합차,경형,15년 이상,1739
2016,비사업용,승합차,소형,15년 이상,2575
2016,비사업용,승합차,중형,15년 이상,145380
2016,비사업용,승합차,대형,15년 이상,4140
2016,비사업용,화물차,합계,15년 이상,712349
2016,비사업용,화물차,경형,15년 이상,6866
2016,비사업용,화물차,소형,15년 이상,418639
2016,비사업용,화물차,중형,15년 이상,219166
2016,비사업용,화물차,대형,15년 이상,67678
2016,비사업용,특수차,합계,15년 이상,7551
2016,비사업용,특수차,경형,15년 이상,1
2016,비사업용,특수차,소형,15년 이상,725
2016,비사업용,특수차,중형,15년 이상,5260
2016,비사업용,특수차,대형,15년 이상,1565
2016,사업용,합계,합계,15년 이상,122116
2016,사업용,합계,경형,15년 이상,426
2016,사업용,합계,소형,15년 이상,8207
2016,사업용,합계,중형,15년 이상,40014
2016,사업용,합계,대형,15년 이상,73469
2016,사업용,승용차,합계,15년 이상,313
2016,사업용,승용차,경형,15년 이상,31
2016,사업용,승용차,소형,15년 이상,36
2016,사업용,승용차,중형,15년 이상,159
2016,사업용,승용차,대형,15년 이상,87
2016,사업용,승합차,합계,15년 이상,602
2016,사업용,승합차,경형,15년 이상,3
2016,사업용,승합차,소형,15년 이상,2
2016,사업용,승합차,중형,15년 이상,532
2016,사업용,승합차,대형,15년 이상,65
2016,사업용,화물차,합계,15년 이상,102568
2016,사업용,화물차,경형,15년 이상,392
2016,사업용,화물차,소형,15년 이상,7909
2016,사업용,화물차,중형,15년 이상,37448
2016,사업용,화물차,대형,15년 이상,56819
2016,사업용,특수차,합계,15년 이상,18633
2016,사업용,특수차,경형,15년 이상,0
2016,사업용,특수차,소형,15년 이상,260
2016,사업용,특수차,중형,15년 이상,1875
2016,사업용,특수차,대형,15년 이상,16498
2016,전체,합계,합계,기타,10
2016,전체,합계,경형,기타,1
2016,전체,합계,소형,기타,1
2016,전체,합계,중형,기타,5
2016,전체,합계,대형,기타,3
2016,전체,승용차,합계,기타,9
2016,전체,승용차,경형,기타,1
2016,전체,승용차,소형,기타,0
2016,전체,승용차,중형,기타,5
2016,전체,승용차,대형,기타,3
2016,전체,승합차,합계,기타,0
2016,전체,승합차,경형,기타,0
2016,전체,승합차,소형,기타,0
2016,전체,승합차,중형,기타,0
2016,전체,승합차,대형,기타,0
2016,전체,화물차,합계,기타,1
2016,전체,화물차,경형,기타,0
2016,전체,화물차,소형,기타,1
2016,전체,화물차,중형,기타,0
2016,전체,화물차,대형,기타,0
2016,전체,특수차,합계,기타,0
2016,전체,특수차,경형,기타,0
2016,전체,특수차,소형,기타,0
2016,전체,특수차,중형,기타,0
2016,전체,특수차,대형,기타,0
2016,비사업용,합계,합계,기타,10
2016,비사업용,합계,경형,기타,1
2016,비사업용,합계,소형,기타,1
2016,비사업용,합계,중형,기타,5
2016,비사업용,합계,대형,기타,3
2016,비사업용,승용차,합계,기타,9
2016,비사업용,승용차,경형,기타,1
2016,비사업용,승용차,소형,기타,0
2016,비사업용,승용차,중형,기타,5
2016,비사업용,승용차,대형,기타,3
2016,비사업용,승합차,합계,기타,0
2016,비사업용,승합차,경형,기타,0
2016,비사업용,승합차,소형,기타,0
2016,비사업용,승합차,중형,기타,0
2016,비사업용,승합차,대형,기타,0
2016,비사업용,화물차,합계,기타,1
2016,비사업용,화물차,경형,기타,0
2016,비사업용,화물차,소형,기타,1
2016,비사업용,화물차,중형,기타,0
2016,비사업용,화물차,대형,기타,0
2016,비사업용,특수차,합계,기타,0
2016,비사업용,특수차,경형,기타,0
2016,비사업용,특수차,소형,기타,0
2016,비사업용,특수차,중형,기타,0
2016,비사업용,특수차,대형,기타,0
2016,사업용,합계,합계,기타,0
2016,사업용,합계,경형,기타,0
2016,사업용,합계,소형,기타,0
2016,사업용,합계,중형,기타,0
2016,사업용,합계,대형,기타,0
2016,사업용,승용차,합계,기타,0
2016,사업용,승용차,경형,기타,0
2016,사업용,승용차,소형,기타,0
2016,사업용,승용차,중형,기타,0
2016,사업용,승용차,대형,기타,0
2016,사업용,승합차,합계,기타,0
2016,사업용,승합차,경형,기타,0
2016,사업용,승합차,소형,기타,0
2016,사업용,승합차,중형,기타,0
2016,사업용,승합차,대형,기타,0
2016,사업용,화물차,합계,기타,0
2016,사업용,화물차,경형,기타,0
2016,사업용,화물차,소형,기타,0
2016,사업용,화물차,중형,기타,0
2016,사업용,화물차,대형,기타,0
2016,사업용,특수차,합계,기타,0
2016,사업용,특수차,경형,기타,0
2016,사업용,특수차,소형,기타,0
2016,사업용,특수차,중형,기타,0
2016,사업용,특수차,대형,기타,0
2017,전체,합계,합계,4년 이하,2865346
2017,전체,합계,경형,4년 이하,248165
2017,전체,합계,소형,4년 이하,801838
2017,전체,합계,중형,4년 이하,1301331
2017,전체,합계,대형,4년 이하,514012
2017,전체,승용차,합계,4년 이하,1596612
2017,전체,승용차,경형,4년 이하,197716
2017,전체,승용차,소형,4년 이하,4861
2017,전체,승용차,중형,4년 이하,1022727
2017,전체,승용차,대형,4년 이하,371308
2017,전체,승합차,합계,4년 이하,252876
2017,전체,승합차,경형,4년 이하,11777
2017,전체,승합차,소형,4년 이하,7
2017,전체,승합차,중형,4년 이하,201495
2017,전체,승합차,대형,4년 이하,39597
2017,전체,화물차,합계,4년 이하,988659
2017,전체,화물차,경형,4년 이하,38659
2017,전체,화물차,소형,4년 이하,786332
2017,전체,화물차,중형,4년 이하,72295
2017,전체,화물차,대형,4년 이하,91373
2017,전체,특수차,합계,4년 이하,27199
2017,전체,특수차,경형,4년 이하,13
2017,전체,특수차,소형,4년 이하,10638
2017,전체,특수차,중형,4년 이하,4814
2017,전체,특수차,대형,4년 이하,11734
2017,비사업용,합계,합계,4년 이하,2183634
2017,비사업용,합계,경형,4년 이하,214103
2017,비사업용,합계,소형,4년 이하,747828
2017,비사업용,합계,중형,4년 이하,927292
2017,비사업용,합계,대형,4년 이하,294411
2017,비사업용,승용차,합계,4년 이하,1145848
2017,비사업용,승용차,경형,4년 이하,173265
2017,비사업용,승용차,소형,4년 이하,4748
2017,비사업용,승용차,중형,4년 이하,701235
2017,비사업용,승용차,대형,4년 이하,266600
2017,비사업용,승합차,합계,4년 이하,186046
2017,비사업용,승합차,경형,4년 이하,10912
2017,비사업용,승합차,소형,4년 이하,7
2017,비사업용,승합차,중형,4년 이하,170122
2017,비사업용,승합차,대형,4년 이하,5005
2017,비사업용,화물차,합계,4년 이하,845052
2017,비사업용,화물차,경형,4년 이하,29913
2017,비사업용,화물차,소형,4년 이하,738293
2017,비사업용,화물차,중형,4년 이하,54802
2017,비사업용,화물차,대형,4년 이하,22044
2017,비사업용,특수차,합계,4년 이하,6688
2017,비사업용,특수차,경형,4년 이하,13
2017,비사업용,특수차,소형,4년 이하,4780
2017,비사업용,특수차,중형,4년 이하,1133
2017,비사업용,특수차,대형,4년 이하,762
2017,사업용,합계,합계,4년 이하,681712
2017,사업용,합계,경형,4년 이하,34062
2017,사업용,합계,소형,4년 이하,54010
2017,사업용,합계,중형,4년 이하,374039
2017,사업용,합계,대형,4년 이하,219601
2017,사업용,승용차,합계,4년 이하,450764
2017,사업용,승용차,경형,4년 이하,24451
2017,사업용,승용차,소형,4년 이하,113
2017,사업용,승용차,중형,4년 이하,321492
2017,사업용,승용차,대형,4년 이하,104708
2017,사업용,승합차,합계,4년 이하,66830
2017,사업용,승합차,경형,4년 이하,865
2017,사업용,승합차,소형,4년 이하,0
2017,사업용,승합차,중형,4년 이하,31373
2017,사업용,승합차,대형,4년 이하,34592
2017,사업용,화물차,합계,4년 이하,143607
2017,사업용,화물차,경형,4년 이하,8746
2017,사업용,화물차,소형,4년 이하,48039
2017,사업용,화물차,중형,4년 이하,17493
2017,사업용,화물차,대형,4년 이하,69329
2017,사업용,특수차,합계,4년 이하,20511
2017,사업용,특수차,경형,4년 이하,0
2017,사업용,특수차,소형,4년 이하,5858
2017,사업용,특수차,중형,4년 이하,3681
2017,사업용,특수차,대형,4년 이하,10972
2017,전체,합계,합계,5~6년,1031454
2017,전체,합계,경형,5~6년,109373
2017,전체,합계,소형,5~6년,152409
2017,전체,합계,중형,5~6년,542150
2017,전체,합계,대형,5~6년,227522
2017,전체,승용차,합계,5~6년,699651
2017,전체,승용차,경형,5~6년,101389
2017,전체,승용차,소형,5~6년,7055
2017,전체,승용차,중형,5~6년,414183
2017,전체,승용차,대형,5~6년,177024
2017,전체,승합차,합계,5~6년,114956
2017,전체,승합차,경형,5~6년,2051
2017,전체,승합차,소형,5~6년,0
2017,전체,승합차,중형,5~6년,98178
2017,전체,승합차,대형,5~6년,14727
2017,전체,화물차,합계,5~6년,206520
2017,전체,화물차,경형,5~6년,5920
2017,전체,화물차,소형,5~6년,141852
2017,전체,화물차,중형,5~6년,28129
2017,전체,화물차,대형,5~6년,30619
2017,전체,특수차,합계,5~6년,10327
2017,전체,특수차,경형,5~6년,13
2017,전체,특수차,소형,5~6년,3502
2017,전체,특수차,중형,5~6년,1660
2017,전체,특수차,대형,5~6년,5152
2017,비사업용,합계,합계,5~6년,943383
2017,비사업용,합계,경형,5~6년,108123
2017,비사업용,합계,소형,5~6년,141619
2017,비사업용,합계,중형,5~6년,510793
2017,비사업용,합계,대형,5~6년,182848
2017,비사업용,승용차,합계,5~6년,676930
2017,비사업용,승용차,경형,5~6년,100990
2017,비사업용,승용차,소형,5~6년,7045
2017,비사업용,승용차,중형,5~6년,397851
2017,비사업용,승용차,대형,5~6년,171044
2017,비사업용,승합차,합계,5~6년,95127
2017,비사업용,승합차,경형,5~6년,2051
2017,비사업용,승합차,소형,5~6년,0
2017,비사업용,승합차,중형,5~6년,91444
2017,비사업용,승합차,대형,5~6년,1632
2017,비사업용,화물차,합계,5~6년,169157
2017,비사업용,화물차,경형,5~6년,5069
2017,비사업용,화물차,소형,5~6년,133204
2017,비사업용,화물차,중형,5~6년,21069
2017,비사업용,화물차,대형,5~6년,9815
2017,비사업용,특수차,합계,5~6년,2169
2017,비사업용,특수차,경형,5~6년,13
2017,비사업용,특수차,소형,5~6년,1370
2017,비사업용,특수차,중형,5~6년,429
2017,비사업용,특수차,대형,5~6년,357
2017,사업용,합계,합계,5~6년,88071
2017,사업용,합계,경형,5~6년,1250
2017,사업용,합계,소형,5~6년,10790
2017,사업용,합계,중형,5~6년,31357
2017,사업용,합계,대형,5~6년,44674
2017,사업용,승용차,합계,5~6년,22721
2017,사업용,승용차,경형,5~6년,399
2017,사업용,승용차,소형,5~6년,10
2017,사업용,승용차,중형,5~6년,16332
2017,사업용,승용차,대형,5~6년,5980
2017,사업용,승합차,합계,5~6년,19829
2017,사업용,승합차,경형,5~6년,0
2017,사업용,승합차,소형,5~6년,0
2017,사업용,승합차,중형,5~6년,6734
2017,사업용,승합차,대형,5~6년,13095
2017,사업용,화물차,합계,5~6년,37363
2017,사업용,화물차,경형,5~6년,851
2017,사업용,화물차,소형,5~6년,8648
2017,사업용,화물차,중형,5~6년,7060
2017,사업용,화물차,대형,5~6년,20804
2017,사업용,특수차,합계,5~6년,8158
2017,사업용,특수차,경형,5~6년,0
2017,사업용,특수차,소형,5~6년,2132
2017,사업용,특수차,중형,5~6년,1231
2017,사업용,특수차,대형,5~6년,4795
2017,전체,합계,합계,7~8년,1798319
2017,전체,합계,경형,7~8년,153841
2017,전체,합계,소형,7~8년,304871
2017,전체,합계,중형,7~8년,949908
2017,전체,합계,대형,7~8년,389699
2017,전체,승용차,합계,7~8년,1159612
2017,전체,승용차,경형,7~8년,140135
2017,전체,승용차,소형,7~8년,25298
2017,전체,승용차,중형,7~8년,703690
2017,전체,승용차,대형,7~8년,290489
2017,전체,승합차,합계,7~8년,220235
2017,전체,승합차,경형,7~8년,3386
2017,전체,승합차,소형,7~8년,1
2017,전체,승합차,중형,7~8년,186028
2017,전체,승합차,대형,7~8년,30820
2017,전체,화물차,합계,7~8년,404111
2017,전체,화물차,경형,7~8년,10320
2017,전체,화물차,소형,7~8년,275764
2017,전체,화물차,중형,7~8년,57764
2017,전체,화물차,대형,7~8년,60263
2017,전체,특수차,합계,7~8년,14361
2017,전체,특수차,경형,7~8년,0
2017,전체,특수차,소형,7~8년,3808
2017,전체,특수차,중형,7~8년,2426
2017,전체,특수차,대형,7~8년,8127
2017,비사업용,합계,합계,7~8년,1655225
2017,비사업용,합계,경형,7~8년,152714
2017,비사업용,합계,소형,7~8년,287181
2017,비사업용,합계,중형,7~8년,909372
2017,비사업용,합계,대형,7~8년,305958
2017,비사업용,승용차,합계,7~8년,1140197
2017,비사업용,승용차,경형,7~8년,140121
2017,비사업용,승용차,소형,7~8년,25296
2017,비사업용,승용차,중형,7~8년,691426
2017,비사업용,승용차,대형,7~8년,283354
2017,비사업용,승합차,합계,7~8년,180829
2017,비사업용,승합차,경형,7~8년,3384
2017,비사업용,승합차,소형,7~8년,1
2017,비사업용,승합차,중형,7~8년,174351
2017,비사업용,승합차,대형,7~8년,3093
2017,비사업용,화물차,합계,7~8년,331189
2017,비사업용,화물차,경형,7~8년,9209
2017,비사업용,화물차,소형,7~8년,260433
2017,비사업용,화물차,중형,7~8년,42748
2017,비사업용,화물차,대형,7~8년,18799
2017,비사업용,특수차,합계,7~8년,3010
2017,비사업용,특수차,경형,7~8년,0
2017,비사업용,특수차,소형,7~8년,1451
2017,비사업용,특수차,중형,7~8년,847
2017,비사업용,특수차,대형,7~8년,712
2017,사업용,합계,합계,7~8년,143094
2017,사업용,합계,경형,7~8년,1127
2017,사업용,합계,소형,7~8년,17690
2017,사업용,합계,중형,7~8년,40536
2017,사업용,합계,대형,7~8년,83741
2017,사업용,승용차,합계,7~8년,19415
2017,사업용,승용차,경형,7~8년,14
2017,사업용,승용차,소형,7~8년,2
2017,사업용,승용차,중형,7~8년,12264
2017,사업용,승용차,대형,7~8년,7135
2017,사업용,승합차,합계,7~8년,39406
2017,사업용,승합차,경형,7~8년,2
2017,사업용,승합차,소형,7~8년,0
2017,사업용,승합차,중형,7~8년,11677
2017,사업용,승합차,대형,7~8년,27727
2017,사업용,화물차,합계,7~8년,72922
2017,사업용,화물차,경형,7~8년,1111
2017,사업용,화물차,소형,7~8년,15331
2017,사업용,화물차,중형,7~8년,15016
2017,사업용,화물차,대형,7~8년,41464
2017,사업용,특수차,합계,7~8년,11351
2017,사업용,특수차,경형,7~8년,0
2017,사업용,특수차,소형,7~8년,2357
2017,사업용,특수차,중형,7~8년,1579
2017,사업용,특수차,대형,7~8년,7415
2017,전체,합계,합계,9~10년,1370689
2017,전체,합계,경형,9~10년,93095
2017,전체,합계,소형,9~10년,240349
2017,전체,합계,중형,9~10년,726544
2017,전체,합계,대형,9~10년,310701
2017,전체,승용차,합계,9~10년,886442
2017,전체,승용차,경형,9~10년,85208
2017,전체,승용차,소형,9~10년,29515
2017,전체,승용차,중형,9~10년,531908
2017,전체,승용차,대형,9~10년,239811
2017,전체,승합차,합계,9~10년,158731
2017,전체,승합차,경형,9~10년,2181
2017,전체,승합차,소형,9~10년,2
2017,전체,승합차,중형,9~10년,143522
2017,전체,승합차,대형,9~10년,13026
2017,전체,화물차,합계,9~10년,312818
2017,전체,화물차,경형,9~10년,5706
2017,전체,화물차,소형,9~10년,208548
2017,전체,화물차,중형,9~10년,48714
2017,전체,화물차,대형,9~10년,49850
2017,전체,특수차,합계,9~10년,12698
2017,전체,특수차,경형,9~10년,0
2017,전체,특수차,소형,9~10년,2284
2017,전체,특수차,중형,9~10년,2400
2017,전체,특수차,대형,9~10년,8014
2017,비사업용,합계,합계,9~10년,1291588
2017,비사업용,합계,경형,9~10년,92688
2017,비사업용,합계,소형,9~10년,230227
2017,비사업용,합계,중형,9~10년,708292
2017,비사업용,합계,대형,9~10년,260381
2017,비사업용,승용차,합계,9~10년,884576
2017,비사업용,승용차,경형,9~10년,85208
2017,비사업용,승용차,소형,9~10년,29514
2017,비사업용,승용차,중형,9~10년,531836
2017,비사업용,승용차,대형,9~10년,238018
2017,비사업용,승합차,합계,9~10년,145419
2017,비사업용,승합차,경형,9~10년,2181
2017,비사업용,승합차,소형,9~10년,2
2017,비사업용,승합차,중형,9~10년,139776
2017,비사업용,승합차,대형,9~10년,3460
2017,비사업용,화물차,합계,9~10년,259196
2017,비사업용,화물차,경형,9~10년,5299
2017,비사업용,화물차,소형,9~10년,199822
2017,비사업용,화물차,중형,9~10년,35840
2017,비사업용,화물차,대형,9~10년,18235
2017,비사업용,특수차,합계,9~10년,2397
2017,비사업용,특수차,경형,9~10년,0
2017,비사업용,특수차,소형,9~10년,889
2017,비사업용,특수차,중형,9~10년,840
2017,비사업용,특수차,대형,9~10년,668
2017,사업용,합계,합계,9~10년,79101
2017,사업용,합계,경형,9~10년,407
2017,사업용,합계,소형,9~10년,10122
2017,사업용,합계,중형,9~10년,18252
2017,사업용,합계,대형,9~10년,50320
2017,사업용,승용차,합계,9~10년,1866
2017,사업용,승용차,경형,9~10년,0
2017,사업용,승용차,소형,9~10년,1
2017,사업용,승용차,중형,9~10년,72
2017,사업용,승용차,대형,9~10년,1793
2017,사업용,승합차,합계,9~10년,13312
2017,사업용,승합차,경형,9~10년,0
2017,사업용,승합차,소형,9~10년,0
2017,사업용,승합차,중형,9~10년,3746
2017,사업용,승합차,대형,9~10년,9566
2017,사업용,화물차,합계,9~10년,53622
2017,사업용,화물차,경형,9~10년,407
2017,사업용,화물차,소형,9~10년,8726
2017,사업용,화물차,중형,9~10년,12874
2017,사업용,화물차,대형,9~10년,31615
2017,사업용,특수차,합계,9~10년,10301
2017,사업용,특수차,경형,9~10년,0
2017,사업용,특수차,소형,9~10년,1395
2017,사업용,특수차,중형,9~10년,1560
2017,사업용,특수차,대형,9~10년,7346
2017,전체,합계,합계,11~12년,1238912
2017,전체,합계,경형,11~12년,59767
2017,전체,합계,소형,11~12년,164206
2017,전체,합계,중형,11~12년,723750
2017,전체,합계,대형,11~12년,291189
2017,전체,승용차,합계,11~12년,784453
2017,전체,승용차,경형,11~12년,53671
2017,전체,승용차,소형,11~12년,28646
2017,전체,승용차,중형,11~12년,467728
2017,전체,승용차,대형,11~12년,234408
2017,전체,승합차,합계,11~12년,134129
2017,전체,승합차,경형,11~12년,2058
2017,전체,승합차,소형,11~12년,0
2017,전체,승합차,중형,11~12년,126766
2017,전체,승합차,대형,11~12년,5305
2017,전체,화물차,합계,11~12년,307884
2017,전체,화물차,경형,11~12년,4037
2017,전체,화물차,소형,11~12년,134294
2017,전체,화물차,중형,11~12년,125394
2017,전체,화물차,대형,11~12년,44159
2017,전체,특수차,합계,11~12년,12446
2017,전체,특수차,경형,11~12년,1
2017,전체,특수차,소형,11~12년,1266
2017,전체,특수차,중형,11~12년,3862
2017,전체,특수차,대형,11~12년,7317
2017,비사업용,합계,합계,11~12년,1177589
2017,비사업용,합계,경형,11~12년,59477
2017,비사업용,합계,소형,11~12년,159096
2017,비사업용,합계,중형,11~12년,701792
2017,비사업용,합계,대형,11~12년,257224
2017,비사업용,승용차,합계,11~12년,784448
2017,비사업용,승용차,경형,11~12년,53671
2017,비사업용,승용차,소형,11~12년,28646
2017,비사업용,승용차,중형,11~12년,467728
2017,비사업용,승용차,대형,11~12년,234403
2017,비사업용,승합차,합계,11~12년,133520
2017,비사업용,승합차,경형,11~12년,2058
2017,비사업용,승합차,소형,11~12년,0
2017,비사업용,승합차,중형,11~12년,126493
2017,비사업용,승합차,대형,11~12년,4969
2017,비사업용,화물차,합계,11~12년,256605
2017,비사업용,화물차,경형,11~12년,3747
2017,비사업용,화물차,소형,11~12년,129735
2017,비사업용,화물차,중형,11~12년,105849
2017,비사업용,화물차,대형,11~12년,17274
2017,비사업용,특수차,합계,11~12년,3016
2017,비사업용,특수차,경형,11~12년,1
2017,비사업용,특수차,소형,11~12년,715
2017,비사업용,특수차,중형,11~12년,1722
2017,비사업용,특수차,대형,11~12년,578
2017,사업용,합계,합계,11~12년,61323
2017,사업용,합계,경형,11~12년,290
2017,사업용,합계,소형,11~12년,5110
2017,사업용,합계,중형,11~12년,21958
2017,사업용,합계,대형,11~12년,33965
2017,사업용,승용차,합계,11~12년,5
2017,사업용,승용차,경형,11~12년,0
2017,사업용,승용차,소형,11~12년,0
2017,사업용,승용차,중형,11~12년,0
2017,사업용,승용차,대형,11~12년,5
2017,사업용,승합차,합계,11~12년,609
2017,사업용,승합차,경형,11~12년,0
2017,사업용,승합차,소형,11~12년,0
2017,사업용,승합차,중형,11~12년,273
2017,사업용,승합차,대형,11~12년,336
2017,사업용,화물차,합계,11~12년,51279
2017,사업용,화물차,경형,11~12년,290
2017,사업용,화물차,소형,11~12년,4559
2017,사업용,화물차,중형,11~12년,19545
2017,사업용,화물차,대형,11~12년,26885
2017,사업용,특수차,합계,11~12년,9430
2017,사업용,특수차,경형,11~12년,0
2017,사업용,특수차,소형,11~12년,551
2017,사업용,특수차,중형,11~12년,2140
2017,사업용,특수차,대형,11~12년,6739
2017,전체,합계,합계,13~14년,1042030
2017,전체,합계,경형,13~14년,32823
2017,전체,합계,소형,13~14년,155759
2017,전체,합계,중형,13~14년,607557
2017,전체,합계,대형,13~14년,245891
2017,전체,승용차,합계,13~14년,629273
2017,전체,승용차,경형,13~14년,27701
2017,전체,승용차,소형,13~14년,20680
2017,전체,승용차,중형,13~14년,379601
2017,전체,승용차,대형,13~14년,201291
2017,전체,승합차,합계,13~14년,92837
2017,전체,승합차,경형,13~14년,1672
2017,전체,승합차,소형,13~14년,2
2017,전체,승합차,중형,13~14년,87627
2017,전체,승합차,대형,13~14년,3536
2017,전체,화물차,합계,13~14년,309658
2017,전체,화물차,경형,13~14년,3449
2017,전체,화물차,소형,13~14년,134709
2017,전체,화물차,중형,13~14년,137425
2017,전체,화물차,대형,13~14년,34075
2017,전체,특수차,합계,13~14년,10262
2017,전체,특수차,경형,13~14년,1
2017,전체,특수차,소형,13~14년,368
2017,전체,특수차,중형,13~14년,2904
2017,전체,특수차,대형,13~14년,6989
2017,비사업용,합계,합계,13~14년,995296
2017,비사업용,합계,경형,13~14년,32704
2017,비사업용,합계,소형,13~14년,152419
2017,비사업용,합계,중형,13~14년,588170
2017,비사업용,합계,대형,13~14년,222003
2017,비사업용,승용차,합계,13~14년,629273
2017,비사업용,승용차,경형,13~14년,27701
2017,비사업용,승용차,소형,13~14년,20680
2017,비사업용,승용차,중형,13~14년,379601
2017,비사업용,승용차,대형,13~14년,201291
2017,비사업용,승합차,합계,13~14년,92836
2017,비사업용,승합차,경형,13~14년,1672
2017,비사업용,승합차,소형,13~14년,2
2017,비사업용,승합차,중형,13~14년,87626
2017,비사업용,승합차,대형,13~14년,3536
2017,비사업용,화물차,합계,13~14년,270455
2017,비사업용,화물차,경형,13~14년,3330
2017,비사업용,화물차,소형,13~14년,131469
2017,비사업용,화물차,중형,13~14년,119052
2017,비사업용,화물차,대형,13~14년,16604
2017,비사업용,특수차,합계,13~14년,2732
2017,비사업용,특수차,경형,13~14년,1
2017,비사업용,특수차,소형,13~14년,268
2017,비사업용,특수차,중형,13~14년,1891
2017,비사업용,특수차,대형,13~14년,572
2017,사업용,합계,합계,13~14년,46734
2017,사업용,합계,경형,13~14년,119
2017,사업용,합계,소형,13~14년,3340
2017,사업용,합계,중형,13~14년,19387
2017,사업용,합계,대형,13~14년,23888
2017,사업용,승용차,합계,13~14년,0
2017,사업용,승용차,경형,13~14년,0
2017,사업용,승용차,소형,13~14년,0
2017,사업용,승용차,중형,13~14년,0
2017,사업용,승용차,대형,13~14년,0
2017,사업용,승합차,합계,13~14년,1
2017,사업용,승합차,경형,13~14년,0
2017,사업용,승합차,소형,13~14년,0
2017,사업용,승합차,중형,13~14년,1
2017,사업용,승합차,대형,13~14년,0
2017,사업용,화물차,합계,13~14년,39203
2017,사업용,화물차,경형,13~14년,119
2017,사업용,화물차,소형,13~14년,3240
2017,사업용,화물차,중형,13~14년,18373
2017,사업용,화물차,대형,13~14년,17471
2017,사업용,특수차,합계,13~14년,7530
2017,사업용,특수차,경형,13~14년,0
2017,사업용,특수차,소형,13~14년,100
2017,사업용,특수차,중형,13~14년,1013
2017,사업용,특수차,대형,13~14년,6417
2017,전체,합계,합계,15년 이상,1863510
2017,전체,합계,경형,15년 이상,47759
2017,전체,합계,소형,15년 이상,480622
2017,전체,합계,중형,15년 이상,938421
2017,전체,합계,대형,15년 이상,396708
2017,전체,승용차,합계,15년 이상,902533
2017,전체,승용차,경형,15년 이상,40107
2017,전체,승용차,소형,15년 이상,75725
2017,전체,승용차,중형,15년 이상,534033
2017,전체,승용차,대형,15년 이상,252668
2017,전체,승합차,합계,15년 이상,143023
2017,전체,승합차,경형,15년 이상,1418
2017,전체,승합차,소형,15년 이상,5063
2017,전체,승합차,중형,15년 이상,133061
2017,전체,승합차,대형,15년 이상,3481
2017,전체,화물차,합계,15년 이상,792771
2017,전체,화물차,경형,15년 이상,6232
2017,전체,화물차,소형,15년 이상,398933
2017,전체,화물차,중형,15년 이상,264683
2017,전체,화물차,대형,15년 이상,122923
2017,전체,특수차,합계,15년 이상,25183
2017,전체,특수차,경형,15년 이상,2
2017,전체,특수차,소형,15년 이상,901
2017,전체,특수차,중형,15년 이상,6644
2017,전체,특수차,대형,15년 이상,17636
2017,비사업용,합계,합계,15년 이상,1747186
2017,비사업용,합계,경형,15년 이상,47391
2017,비사업용,합계,소형,15년 이상,474031
2017,비사업용,합계,중형,15년 이상,900433
2017,비사업용,합계,대형,15년 이상,325331
2017,비사업용,승용차,합계,15년 이상,902533
2017,비사업용,승용차,경형,15년 이상,40107
2017,비사업용,승용차,소형,15년 이상,75725
2017,비사업용,승용차,중형,15년 이상,534033
2017,비사업용,승용차,대형,15년 이상,252668
2017,비사업용,승합차,합계,15년 이상,143023
2017,비사업용,승합차,경형,15년 이상,1418
2017,비사업용,승합차,소형,15년 이상,5063
2017,비사업용,승합차,중형,15년 이상,133061
2017,비사업용,승합차,대형,15년 이상,3481
2017,비사업용,화물차,합계,15년 이상,694226
2017,비사업용,화물차,경형,15년 이상,5864
2017,비사업용,화물차,소형,15년 이상,392573
2017,비사업용,화물차,중형,15년 이상,228348
2017,비사업용,화물차,대형,15년 이상,67441
2017,비사업용,특수차,합계,15년 이상,7404
2017,비사업용,특수차,경형,15년 이상,2
2017,비사업용,특수차,소형,15년 이상,670
2017,비사업용,특수차,중형,15년 이상,4991
2017,비사업용,특수차,대형,15년 이상,1741
2017,사업용,합계,합계,15년 이상,116324
2017,사업용,합계,경형,15년 이상,368
2017,사업용,합계,소형,15년 이상,6591
2017,사업용,합계,중형,15년 이상,37988
2017,사업용,합계,대형,15년 이상,71377
2017,사업용,승용차,합계,15년 이상,0
2017,사업용,승용차,경형,15년 이상,0
2017,사업용,승용차,소형,15년 이상,0
2017,사업용,승용차,중형,15년 이상,0
2017,사업용,승용차,대형,15년 이상,0
2017,사업용,승합차,합계,15년 이상,0
2017,사업용,승합차,경형,15년 이상,0
2017,사업용,승합차,소형,15년 이상,0
2017,사업용,승합차,중형,15년 이상,0
2017,사업용,승합차,대형,15년 이상,0
2017,사업용,화물차,합계,15년 이상,98545
2017,사업용,화물차,경형,15년 이상,368
2017,사업용,화물차,소형,15년 이상,6360
2017,사업용,화물차,중형,15년 이상,36335
2017,사업용,화물차,대형,15년 이상,55482
2017,사업용,특수차,합계,15년 이상,17779
2017,사업용,특수차,경형,15년 이상,0
2017,사업용,특수차,소형,15년 이상,231
2017,사업용,특수차,중형,15년 이상,1653
2017,사업용,특수차,대형,15년 이상,15895
2017,전체,합계,합계,기타,4
2017,전체,합계,경형,기타,0
2017,전체,합계,소형,기타,1
2017,전체,합계,중형,기타,2
2017,전체,합계,대형,기타,1
2017,전체,승용차,합계,기타,3
2017,전체,승용차,경형,기타,0
2017,전체,승용차,소형,기타,0
2017,전체,승용차,중형,기타,2
2017,전체,승용차,대형,기타,1
2017,전체,승합차,합계,기타,0
2017,전체,승합차,경형,기타,0
2017,전체,승합차,소형,기타,0
2017,전체,승합차,중형,기타,0
2017,전체,승합차,대형,기타,0
2017,전체,화물차,합계,기타,1
2017,전체,화물차,경형,기타,0
2017,전체,화물차,소형,기타,1
2017,전체,화물차,중형,기타,0
2017,전체,화물차,대형,기타,0
2017,전체,특수차,합계,기타,0
2017,전체,특수차,경형,기타,0
2017,전체,특수차,소형,기타,0
2017,전체,특수차,중형,기타,0
2017,전체,특수차,대형,기타,0
2017,비사업용,합계,합계,기타,4
2017,비사업용,합계,경형,기타,0
2017,비사업용,합계,소형,기타,1
2017,비사업용,합계,중형,기타,2
2017,비사업용,합계,대형,기타,1
2017,비사업용,승용차,합계,기타,3
2017,비사업용,승용차,경형,기타,0
2017,비사업용,승용차,소형,기타,0
2017,비사업용,승용차,중형,기타,2
2017,비사업용,승용차,대형,기타,1
2017,비사업용,승합차,합계,기타,0
2017,비사업용,승합차,경형,기타,0
2017,비사업용,승합차,소형,기타,0
2017,비사업용,승합차,중형,기타,0
2017,비사업용,승합차,대형,기타,0
2017,비사업용,화물차,합계,기타,1
2017,비사업용,화물차,경형,기타,0
2017,비사업용,화물차,소형,기타,1
2017,비사업용,화물차,중형,기타,0
2017,비사업용,화물차,대형,기타,0
2017,비사업용,특수차,합계,기타,0
2017,비사업용,특수차,경형,기타,0
2017,비사업용,특수차,소형,기타,0
2017,비사업용,특수차,중형,기타,0
2017,비사업용,특수차,대형,기타,0
2017,사업용,합계,합계,기타,0
2017,사업용,합계,경형,기타,0
2017,사업용,합계,소형,기타,0
2017,사업용,합계,중형,기타,0
2017,사업용,합계,대형,기타,0
2017,사업용,승용차,합계,기타,0
2017,사업용,승용차,경형,기타,0
2017,사업용,승용차,소형,기타,0
2017,사업용,승용차,중형,기타,0
2017,사업용,승용차,대형,기타,0
2017,사업용,승합차,합계,기타,0
2017,사업용,승합차,경형,기타,0
2017,사업용,승합차,소형,기타,0
2017,사업용,승합차,중형,기타,0
2017,사업용,승합차,대형,기타,0
2017,사업용,화물차,합계,기타,0
2017,사업용,화물차,경형,기타,0
2017,사업용,화물차,소형,기타,0
2017,사업용,화물차,중형,기타,0
2017,사업용,화물차,대형,기타,0
2017,사업용,특수차,합계,기타,0
2017,사업용,특수차,경형,기타,0
2017,사업용,특수차,소형,기타,0
2017,사업용,특수차,중형,기타,0
2017,사업용,특수차,대형,기타,0
2018,전체,합계,합계,4년 이하,3037461
2018,전체,합계,경형,4년 이하,251788
2018,전체,합계,소형,4년 이하,838844
2018,전체,합계,중형,4년 이하,1341597
2018,전체,합계,대형,4년 이하,605232
2018,전체,승용차,합계,4년 이하,1750361
2018,전체,승용차,경형,4년 이하,206460
2018,전체,승용차,소형,4년 이하,3235
2018,전체,승용차,중형,4년 이하,1085318
2018,전체,승용차,대형,4년 이하,455348
2018,전체,승합차,합계,4년 이하,227029
2018,전체,승합차,경형,4년 이하,9782
2018,전체,승합차,소형,4년 이하,7
2018,전체,승합차,중형,4년 이하,176504
2018,전체,승합차,대형,4년 이하,40736
2018,전체,화물차,합계,4년 이하,1030357
2018,전체,화물차,경형,4년 이하,35539
2018,전체,화물차,소형,4년 이하,823729
2018,전체,화물차,중형,4년 이하,73841
2018,전체,화물차,대형,4년 이하,97248
2018,전체,특수차,합계,4년 이하,29714
2018,전체,특수차,경형,4년 이하,7
2018,전체,특수차,소형,4년 이하,11873
2018,전체,특수차,중형,4년 이하,5934
2018,전체,특수차,대형,4년 이하,11900
2018,비사업용,합계,합계,4년 이하,2298051
2018,비사업용,합계,경형,4년 이하,213619
2018,비사업용,합계,소형,4년 이하,782101
2018,비사업용,합계,중형,4년 이하,945251
2018,비사업용,합계,대형,4년 이하,357080
2018,비사업용,승용차,합계,4년 이하,1249551
2018,비사업용,승용차,경형,4년 이하,177017
2018,비사업용,승용차,소형,4년 이하,3137
2018,비사업용,승용차,중형,4년 이하,742930
2018,비사업용,승용차,대형,4년 이하,326467
2018,비사업용,승합차,합계,4년 이하,159657
2018,비사업용,승합차,경형,4년 이하,9120
2018,비사업용,승합차,소형,4년 이하,7
2018,비사업용,승합차,중형,4년 이하,144979
2018,비사업용,승합차,대형,4년 이하,5551
2018,비사업용,화물차,합계,4년 이하,880328
2018,비사업용,화물차,경형,4년 이하,27475
2018,비사업용,화물차,소형,4년 이하,772677
2018,비사업용,화물차,중형,4년 이하,55958
2018,비사업용,화물차,대형,4년 이하,24218
2018,비사업용,특수차,합계,4년 이하,8515
2018,비사업용,특수차,경형,4년 이하,7
2018,비사업용,특수차,소형,4년 이하,6280
2018,비사업용,특수차,중형,4년 이하,1384
2018,비사업용,특수차,대형,4년 이하,844
2018,사업용,합계,합계,4년 이하,739410
2018,사업용,합계,경형,4년 이하,38169
2018,사업용,합계,소형,4년 이하,56743
2018,사업용,합계,중형,4년 이하,396346
2018,사업용,합계,대형,4년 이하,248152
2018,사업용,승용차,합계,4년 이하,500810
2018,사업용,승용차,경형,4년 이하,29443
2018,사업용,승용차,소형,4년 이하,98
2018,사업용,승용차,중형,4년 이하,342388
2018,사업용,승용차,대형,4년 이하,128881
2018,사업용,승합차,합계,4년 이하,67372
2018,사업용,승합차,경형,4년 이하,662
2018,사업용,승합차,소형,4년 이하,0
2018,사업용,승합차,중형,4년 이하,31525
2018,사업용,승합차,대형,4년 이하,35185
2018,사업용,화물차,합계,4년 이하,150029
2018,사업용,화물차,경형,4년 이하,8064
2018,사업용,화물차,소형,4년 이하,51052
2018,사업용,화물차,중형,4년 이하,17883
2018,사업용,화물차,대형,4년 이하,73030
2018,사업용,특수차,합계,4년 이하,21199
2018,사업용,특수차,경형,4년 이하,0
2018,사업용,특수차,소형,4년 이하,5593
2018,사업용,특수차,중형,4년 이하,4550
2018,사업용,특수차,대형,4년 이하,11056
2018,전체,합계,합계,5~6년,1034161
2018,전체,합계,경형,5~6년,121463
2018,전체,합계,소형,5~6년,153963
2018,전체,합계,중형,5~6년,563306
2018,전체,합계,대형,5~6년,195429
2018,전체,승용차,합계,5~6년,688552
2018,전체,승용차,경형,5~6년,110728
2018,전체,승용차,소형,5~6년,858
2018,전체,승용차,중형,5~6년,427657
2018,전체,승용차,대형,5~6년,149309
2018,전체,승합차,합계,5~6년,124701
2018,전체,승합차,경형,5~6년,2552
2018,전체,승합차,소형,5~6년,0
2018,전체,승합차,중형,5~6년,106467
2018,전체,승합차,대형,5~6년,15682
2018,전체,화물차,합계,5~6년,211432
2018,전체,화물차,경형,5~6년,8170
2018,전체,화물차,소형,5~6년,149777
2018,전체,화물차,중형,5~6년,27756
2018,전체,화물차,대형,5~6년,25729
2018,전체,특수차,합계,5~6년,9476
2018,전체,특수차,경형,5~6년,13
2018,전체,특수차,소형,5~6년,3328
2018,전체,특수차,중형,5~6년,1426
2018,전체,특수차,대형,5~6년,4709
2018,비사업용,합계,합계,5~6년,946341
2018,비사업용,합계,경형,5~6년,119848
2018,비사업용,합계,소형,5~6년,143198
2018,비사업용,합계,중형,5~6년,529388
2018,비사업용,합계,대형,5~6년,153907
2018,비사업용,승용차,합계,5~6년,662930
2018,비사업용,승용차,경형,5~6년,110200
2018,비사업용,승용차,소형,5~6년,858
2018,비사업용,승용차,중형,5~6년,408615
2018,비사업용,승용차,대형,5~6년,143257
2018,비사업용,승합차,합계,5~6년,103855
2018,비사업용,승합차,경형,5~6년,2543
2018,비사업용,승합차,소형,5~6년,0
2018,비사업용,승합차,중형,5~6년,99583
2018,비사업용,승합차,대형,5~6년,1729
2018,비사업용,화물차,합계,5~6년,177502
2018,비사업용,화물차,경형,5~6년,7092
2018,비사업용,화물차,소형,5~6년,140963
2018,비사업용,화물차,중형,5~6년,20822
2018,비사업용,화물차,대형,5~6년,8625
2018,비사업용,특수차,합계,5~6년,2054
2018,비사업용,특수차,경형,5~6년,13
2018,비사업용,특수차,소형,5~6년,1377
2018,비사업용,특수차,중형,5~6년,368
2018,비사업용,특수차,대형,5~6년,296
2018,사업용,합계,합계,5~6년,87820
2018,사업용,합계,경형,5~6년,1615
2018,사업용,합계,소형,5~6년,10765
2018,사업용,합계,중형,5~6년,33918
2018,사업용,합계,대형,5~6년,41522
2018,사업용,승용차,합계,5~6년,25622
2018,사업용,승용차,경형,5~6년,528
2018,사업용,승용차,소형,5~6년,0
2018,사업용,승용차,중형,5~6년,19042
2018,사업용,승용차,대형,5~6년,6052
2018,사업용,승합차,합계,5~6년,20846
2018,사업용,승합차,경형,5~6년,9
2018,사업용,승합차,소형,5~6년,0
2018,사업용,승합차,중형,5~6년,6884
2018,사업용,승합차,대형,5~6년,13953
2018,사업용,화물차,합계,5~6년,33930
2018,사업용,화물차,경형,5~6년,1078
2018,사업용,화물차,소형,5~6년,8814
2018,사업용,화물차,중형,5~6년,6934
2018,사업용,화물차,대형,5~6년,17104
2018,사업용,특수차,합계,5~6년,7422
2018,사업용,특수차,경형,5~6년,0
2018,사업용,특수차,소형,5~6년,1951
2018,사업용,특수차,중형,5~6년,1058
2018,사업용,특수차,대형,5~6년,4413
2018,전체,합계,합계,7~8년,1793562
2018,전체,합계,경형,7~8년,177019
2018,전체,합계,소형,7~8년,305639
2018,전체,합계,중형,7~8년,957442
2018,전체,합계,대형,7~8년,353462
2018,전체,승용차,합계,7~8년,1128931
2018,전체,승용차,경형,7~8년,163057
2018,전체,승용차,소형,7~8년,13374
2018,전체,승용차,중형,7~8년,702061
2018,전체,승용차,대형,7~8년,250439
2018,전체,승합차,합계,7~8년,228687
2018,전체,승합차,경형,7~8년,3538
2018,전체,승합차,소형,7~8년,3
2018,전체,승합차,중형,7~8년,195426
2018,전체,승합차,대형,7~8년,29720
2018,전체,화물차,합계,7~8년,416940
2018,전체,화물차,경형,7~8년,10412
2018,전체,화물차,소형,7~8년,286302
2018,전체,화물차,중형,7~8년,56760
2018,전체,화물차,대형,7~8년,63466
2018,전체,특수차,합계,7~8년,19004
2018,전체,특수차,경형,7~8년,12
2018,전체,특수차,소형,7~8년,5960
2018,전체,특수차,중형,7~8년,3195
2018,전체,특수차,대형,7~8년,9837
2018,비사업용,합계,합계,7~8년,1647847
2018,비사업용,합계,경형,7~8년,176030
2018,비사업용,합계,소형,7~8년,286555
2018,비사업용,합계,중형,7~8년,918000
2018,비사업용,합계,대형,7~8년,267262
2018,비사업용,승용차,합계,7~8년,1110233
2018,비사업용,승용차,경형,7~8년,163048
2018,비사업용,승용차,소형,7~8년,13373
2018,비사업용,승용차,중형,7~8년,690685
2018,비사업용,승용차,대형,7~8년,243127
2018,비사업용,승합차,합계,7~8년,190641
2018,비사업용,승합차,경형,7~8년,3538
2018,비사업용,승합차,소형,7~8년,2
2018,비사업용,승합차,중형,7~8년,183829
2018,비사업용,승합차,대형,7~8년,3272
2018,비사업용,화물차,합계,7~8년,342681
2018,비사업용,화물차,경형,7~8년,9432
2018,비사업용,화물차,소형,7~8년,270589
2018,비사업용,화물차,중형,7~8년,42520
2018,비사업용,화물차,대형,7~8년,20140
2018,비사업용,특수차,합계,7~8년,4292
2018,비사업용,특수차,경형,7~8년,12
2018,비사업용,특수차,소형,7~8년,2591
2018,비사업용,특수차,중형,7~8년,966
2018,비사업용,특수차,대형,7~8년,723
2018,사업용,합계,합계,7~8년,145715
2018,사업용,합계,경형,7~8년,989
2018,사업용,합계,소형,7~8년,19084
2018,사업용,합계,중형,7~8년,39442
2018,사업용,합계,대형,7~8년,86200
2018,사업용,승용차,합계,7~8년,18698
2018,사업용,승용차,경형,7~8년,9
2018,사업용,승용차,소형,7~8년,1
2018,사업용,승용차,중형,7~8년,11376
2018,사업용,승용차,대형,7~8년,7312
2018,사업용,승합차,합계,7~8년,38046
2018,사업용,승합차,경형,7~8년,0
2018,사업용,승합차,소형,7~8년,1
2018,사업용,승합차,중형,7~8년,11597
2018,사업용,승합차,대형,7~8년,26448
2018,사업용,화물차,합계,7~8년,74259
2018,사업용,화물차,경형,7~8년,980
2018,사업용,화물차,소형,7~8년,15713
2018,사업용,화물차,중형,7~8년,14240
2018,사업용,화물차,대형,7~8년,43326
2018,사업용,특수차,합계,7~8년,14712
2018,사업용,특수차,경형,7~8년,0
2018,사업용,특수차,소형,7~8년,3369
2018,사업용,특수차,중형,7~8년,2229
2018,사업용,특수차,대형,7~8년,9114
2018,전체,합계,합계,9~10년,1451675
2018,전체,합계,경형,9~10년,131793
2018,전체,합계,소형,9~10년,259280
2018,전체,합계,중형,9~10년,761833
2018,전체,합계,대형,9~10년,298769
2018,전체,승용차,합계,9~10년,939587
2018,전체,승용차,경형,9~10년,122435
2018,전체,승용차,소형,9~10년,28394
2018,전체,승용차,중형,9~10년,559836
2018,전체,승용차,대형,9~10년,228922
2018,전체,승합차,합계,9~10년,167489
2018,전체,승합차,경형,9~10년,2241
2018,전체,승합차,소형,9~10년,2
2018,전체,승합차,중형,9~10년,152134
2018,전체,승합차,대형,9~10년,13112
2018,전체,화물차,합계,9~10년,334163
2018,전체,화물차,경형,9~10년,7115
2018,전체,화물차,소형,9~10년,228920
2018,전체,화물차,중형,9~10년,48223
2018,전체,화물차,대형,9~10년,49905
2018,전체,특수차,합계,9~10년,10436
2018,전체,특수차,경형,9~10년,2
2018,전체,특수차,소형,9~10년,1964
2018,전체,특수차,중형,9~10년,1640
2018,전체,특수차,대형,9~10년,6830
2018,비사업용,합계,합계,9~10년,1372492
2018,비사업용,합계,경형,9~10년,131320
2018,비사업용,합계,소형,9~10년,248551
2018,비사업용,합계,중형,9~10년,743753
2018,비사업용,합계,대형,9~10년,248868
2018,비사업용,승용차,합계,9~10년,937982
2018,비사업용,승용차,경형,9~10년,122434
2018,비사업용,승용차,소형,9~10년,28394
2018,비사업용,승용차,중형,9~10년,559744
2018,비사업용,승용차,대형,9~10년,227410
2018,비사업용,승합차,합계,9~10년,153135
2018,비사업용,승합차,경형,9~10년,2240
2018,비사업용,승합차,소형,9~10년,1
2018,비사업용,승합차,중형,9~10년,147767
2018,비사업용,승합차,대형,9~10년,3127
2018,비사업용,화물차,합계,9~10년,279129
2018,비사업용,화물차,경형,9~10년,6644
2018,비사업용,화물차,소형,9~10년,219365
2018,비사업용,화물차,중형,9~10년,35519
2018,비사업용,화물차,대형,9~10년,17601
2018,비사업용,특수차,합계,9~10년,2246
2018,비사업용,특수차,경형,9~10년,2
2018,비사업용,특수차,소형,9~10년,791
2018,비사업용,특수차,중형,9~10년,723
2018,비사업용,특수차,대형,9~10년,730
2018,사업용,합계,합계,9~10년,79183
2018,사업용,합계,경형,9~10년,473
2018,사업용,합계,소형,9~10년,10729
2018,사업용,합계,중형,9~10년,18080
2018,사업용,합계,대형,9~10년,49901
2018,사업용,승용차,합계,9~10년,1605
2018,사업용,승용차,경형,9~10년,1
2018,사업용,승용차,소형,9~10년,0
2018,사업용,승용차,중형,9~10년,92
2018,사업용,승용차,대형,9~10년,1512
2018,사업용,승합차,합계,9~10년,14354
2018,사업용,승합차,경형,9~10년,1
2018,사업용,승합차,소형,9~10년,1
2018,사업용,승합차,중형,9~10년,4367
2018,사업용,승합차,대형,9~10년,9985
2018,사업용,화물차,합계,9~10년,55034
2018,사업용,화물차,경형,9~10년,471
2018,사업용,화물차,소형,9~10년,9555
2018,사업용,화물차,중형,9~10년,12704
2018,사업용,화물차,대형,9~10년,32304
2018,사업용,특수차,합계,9~10년,8190
2018,사업용,특수차,경형,9~10년,0
2018,사업용,특수차,소형,9~10년,1173
2018,사업용,특수차,중형,9~10년,917
2018,사업용,특수차,대형,9~10년,6100
2018,전체,합계,합계,11~12년,1246114
2018,전체,합계,경형,11~12년,78828
2018,전체,합계,소형,11~12년,213016
2018,전체,합계,중형,11~12년,653190
2018,전체,합계,대형,11~12년,301080
2018,전체,승용차,합계,11~12년,785241
2018,전체,승용차,경형,11~12년,74403
2018,전체,승용차,소형,11~12년,31193
2018,전체,승용차,중형,11~12년,444908
2018,전체,승용차,대형,11~12년,234737
2018,전체,승합차,합계,11~12년,138274
2018,전체,승합차,경형,11~12년,1399
2018,전체,승합차,소형,11~12년,6
2018,전체,승합차,중형,11~12년,131552
2018,전체,승합차,대형,11~12년,5317
2018,전체,화물차,합계,11~12년,308046
2018,전체,화물차,경형,11~12년,3024
2018,전체,화물차,소형,11~12년,179554
2018,전체,화물차,중형,11~12년,73077
2018,전체,화물차,대형,11~12년,52391
2018,전체,특수차,합계,11~12년,14553
2018,전체,특수차,경형,11~12년,2
2018,전체,특수차,소형,11~12년,2263
2018,전체,특수차,중형,11~12년,3653
2018,전체,특수차,대형,11~12년,8635
2018,비사업용,합계,합계,11~12년,1179969
2018,비사업용,합계,경형,11~12년,78672
2018,비사업용,합계,소형,11~12년,206080
2018,비사업용,합계,중형,11~12년,634877
2018,비사업용,합계,대형,11~12년,260340
2018,비사업용,승용차,합계,11~12년,785231
2018,비사업용,승용차,경형,11~12년,74403
2018,비사업용,승용차,소형,11~12년,31193
2018,비사업용,승용차,중형,11~12년,444908
2018,비사업용,승용차,대형,11~12년,234727
2018,비사업용,승합차,합계,11~12년,137773
2018,비사업용,승합차,경형,11~12년,1399
2018,비사업용,승합차,소형,11~12년,6
2018,비사업용,승합차,중형,11~12년,131339
2018,비사업용,승합차,대형,11~12년,5029
2018,비사업용,화물차,합계,11~12년,254069
2018,비사업용,화물차,경형,11~12년,2868
2018,비사업용,화물차,소형,11~12년,173876
2018,비사업용,화물차,중형,11~12년,57410
2018,비사업용,화물차,대형,11~12년,19915
2018,비사업용,특수차,합계,11~12년,2896
2018,비사업용,특수차,경형,11~12년,2
2018,비사업용,특수차,소형,11~12년,1005
2018,비사업용,특수차,중형,11~12년,1220
2018,비사업용,특수차,대형,11~12년,669
2018,사업용,합계,합계,11~12년,66145
2018,사업용,합계,경형,11~12년,156
2018,사업용,합계,소형,11~12년,6936
2018,사업용,합계,중형,11~12년,18313
2018,사업용,합계,대형,11~12년,40740
2018,사업용,승용차,합계,11~12년,10
2018,사업용,승용차,경형,11~12년,0
2018,사업용,승용차,소형,11~12년,0
2018,사업용,승용차,중형,11~12년,0
2018,사업용,승용차,대형,11~12년,10
2018,사업용,승합차,합계,11~12년,501
2018,사업용,승합차,경형,11~12년,0
2018,사업용,승합차,소형,11~12년,0
2018,사업용,승합차,중형,11~12년,213
2018,사업용,승합차,대형,11~12년,288
2018,사업용,화물차,합계,11~12년,53977
2018,사업용,화물차,경형,11~12년,156
2018,사업용,화물차,소형,11~12년,5678
2018,사업용,화물차,중형,11~12년,15667
2018,사업용,화물차,대형,11~12년,32476
2018,사업용,특수차,합계,11~12년,11657
2018,사업용,특수차,경형,11~12년,0
2018,사업용,특수차,소형,11~12년,1258
2018,사업용,특수차,중형,11~12년,2433
2018,사업용,특수차,대형,11~12년,7966
2018,전체,합계,합계,13~14년,1031483
2018,전체,합계,경형,13~14년,38899
2018,전체,합계,소형,13~14년,123895
2018,전체,합계,중형,13~14년,615157
2018,전체,합계,대형,13~14년,253532
2018,전체,승용차,합계,13~14년,639364
2018,전체,승용차,경형,13~14년,34117
2018,전체,승용차,소형,13~14년,21648
2018,전체,승용차,중형,13~14년,373511
2018,전체,승용차,대형,13~14년,210088
2018,전체,승합차,합계,13~14년,110850
2018,전체,승합차,경형,13~14년,1500
2018,전체,승합차,소형,13~14년,0
2018,전체,승합차,중형,13~14년,105400
2018,전체,승합차,대형,13~14년,3950
2018,전체,화물차,합계,13~14년,271883
2018,전체,화물차,경형,13~14년,3276
2018,전체,화물차,소형,13~14년,101722
2018,전체,화물차,중형,13~14년,133210
2018,전체,화물차,대형,13~14년,33675
2018,전체,특수차,합계,13~14년,9386
2018,전체,특수차,경형,13~14년,6
2018,전체,특수차,소형,13~14년,525
2018,전체,특수차,중형,13~14년,3036
2018,전체,특수차,대형,13~14년,5819
2018,비사업용,합계,합계,13~14년,987197
2018,비사업용,합계,경형,13~14년,38764
2018,비사업용,합계,소형,13~14년,121556
2018,비사업용,합계,중형,13~14년,596807
2018,비사업용,합계,대형,13~14년,230070
2018,비사업용,승용차,합계,13~14년,639364
2018,비사업용,승용차,경형,13~14년,34117
2018,비사업용,승용차,소형,13~14년,21648
2018,비사업용,승용차,중형,13~14년,373511
2018,비사업용,승용차,대형,13~14년,210088
2018,비사업용,승합차,합계,13~14년,110847
2018,비사업용,승합차,경형,13~14년,1500
2018,비사업용,승합차,소형,13~14년,0
2018,비사업용,승합차,중형,13~14년,105397
2018,비사업용,승합차,대형,13~14년,3950
2018,비사업용,화물차,합계,13~14년,234221
2018,비사업용,화물차,경형,13~14년,3141
2018,비사업용,화물차,소형,13~14년,99513
2018,비사업용,화물차,중형,13~14년,116062
2018,비사업용,화물차,대형,13~14년,15505
2018,비사업용,특수차,합계,13~14년,2765
2018,비사업용,특수차,경형,13~14년,6
2018,비사업용,특수차,소형,13~14년,395
2018,비사업용,특수차,중형,13~14년,1837
2018,비사업용,특수차,대형,13~14년,527
2018,사업용,합계,합계,13~14년,44286
2018,사업용,합계,경형,13~14년,135
2018,사업용,합계,소형,13~14년,2339
2018,사업용,합계,중형,13~14년,18350
2018,사업용,합계,대형,13~14년,23462
2018,사업용,승용차,합계,13~14년,0
2018,사업용,승용차,경형,13~14년,0
2018,사업용,승용차,소형,13~14년,0
2018,사업용,승용차,중형,13~14년,0
2018,사업용,승용차,대형,13~14년,0
2018,사업용,승합차,합계,13~14년,3
2018,사업용,승합차,경형,13~14년,0
2018,사업용,승합차,소형,13~14년,0
2018,사업용,승합차,중형,13~14년,3
2018,사업용,승합차,대형,13~14년,0
2018,사업용,화물차,합계,13~14년,37662
2018,사업용,화물차,경형,13~14년,135
2018,사업용,화물차,소형,13~14년,2209
2018,사업용,화물차,중형,13~14년,17148
2018,사업용,화물차,대형,13~14년,18170
2018,사업용,특수차,합계,13~14년,6621
2018,사업용,특수차,경형,13~14년,0
2018,사업용,특수차,소형,13~14년,130
2018,사업용,특수차,중형,13~14년,1199
2018,사업용,특수차,대형,13~14년,5292
2018,전체,합계,합계,15년 이상,1906854
2018,전체,합계,경형,15년 이상,44988
2018,전체,합계,소형,15년 이상,448097
2018,전체,합계,중형,15년 이상,962575
2018,전체,합계,대형,15년 이상,451194
2018,전체,승용차,합계,15년 이상,947850
2018,전체,승용차,경형,15년 이상,37442
2018,전체,승용차,소형,15년 이상,57809
2018,전체,승용차,중형,15년 이상,548497
2018,전체,승용차,대형,15년 이상,304102
2018,전체,승합차,합계,15년 이상,125998
2018,전체,승합차,경형,15년 이상,1505
2018,전체,승합차,소형,15년 이상,1347
2018,전체,승합차,중형,15년 이상,119648
2018,전체,승합차,대형,15년 이상,3498
2018,전체,화물차,합계,15년 이상,806601
2018,전체,화물차,경형,15년 이상,6039
2018,전체,화물차,소형,15년 이상,388035
2018,전체,화물차,중형,15년 이상,287579
2018,전체,화물차,대형,15년 이상,124948
2018,전체,특수차,합계,15년 이상,26405
2018,전체,특수차,경형,15년 이상,2
2018,전체,특수차,소형,15년 이상,906
2018,전체,특수차,중형,15년 이상,6851
2018,전체,특수차,대형,15년 이상,18646
2018,비사업용,합계,합계,15년 이상,1790419
2018,비사업용,합계,경형,15년 이상,44669
2018,비사업용,합계,소형,15년 이상,442703
2018,비사업용,합계,중형,15년 이상,922802
2018,비사업용,합계,대형,15년 이상,380245
2018,비사업용,승용차,합계,15년 이상,947850
2018,비사업용,승용차,경형,15년 이상,37442
2018,비사업용,승용차,소형,15년 이상,57809
2018,비사업용,승용차,중형,15년 이상,548497
2018,비사업용,승용차,대형,15년 이상,304102
2018,비사업용,승합차,합계,15년 이상,125998
2018,비사업용,승합차,경형,15년 이상,1505
2018,비사업용,승합차,소형,15년 이상,1347
2018,비사업용,승합차,중형,15년 이상,119648
2018,비사업용,승합차,대형,15년 이상,3498
2018,비사업용,화물차,합계,15년 이상,709025
2018,비사업용,화물차,경형,15년 이상,5720
2018,비사업용,화물차,소형,15년 이상,382883
2018,비사업용,화물차,중형,15년 이상,249613
2018,비사업용,화물차,대형,15년 이상,70809
2018,비사업용,특수차,합계,15년 이상,7546
2018,비사업용,특수차,경형,15년 이상,2
2018,비사업용,특수차,소형,15년 이상,664
2018,비사업용,특수차,중형,15년 이상,5044
2018,비사업용,특수차,대형,15년 이상,1836
2018,사업용,합계,합계,15년 이상,116435
2018,사업용,합계,경형,15년 이상,319
2018,사업용,합계,소형,15년 이상,5394
2018,사업용,합계,중형,15년 이상,39773
2018,사업용,합계,대형,15년 이상,70949
2018,사업용,승용차,합계,15년 이상,0
2018,사업용,승용차,경형,15년 이상,0
2018,사업용,승용차,소형,15년 이상,0
2018,사업용,승용차,중형,15년 이상,0
2018,사업용,승용차,대형,15년 이상,0
2018,사업용,승합차,합계,15년 이상,0
2018,사업용,승합차,경형,15년 이상,0
2018,사업용,승합차,소형,15년 이상,0
2018,사업용,승합차,중형,15년 이상,0
2018,사업용,승합차,대형,15년 이상,0
2018,사업용,화물차,합계,15년 이상,97576
2018,사업용,화물차,경형,15년 이상,319
2018,사업용,화물차,소형,15년 이상,5152
2018,사업용,화물차,중형,15년 이상,37966
2018,사업용,화물차,대형,15년 이상,54139
2018,사업용,특수차,합계,15년 이상,18859
2018,사업용,특수차,경형,15년 이상,0
2018,사업용,특수차,소형,15년 이상,242
2018,사업용,특수차,중형,15년 이상,1807
2018,사업용,특수차,대형,15년 이상,16810
2018,전체,합계,합계,기타,5
2018,전체,합계,경형,기타,0
2018,전체,합계,소형,기타,1
2018,전체,합계,중형,기타,3
2018,전체,합계,대형,기타,1
2018,전체,승용차,합계,기타,4
2018,전체,승용차,경형,기타,0
2018,전체,승용차,소형,기타,0
2018,전체,승용차,중형,기타,3
2018,전체,승용차,대형,기타,1
2018,전체,승합차,합계,기타,0
2018,전체,승합차,경형,기타,0
2018,전체,승합차,소형,기타,0
2018,전체,승합차,중형,기타,0
2018,전체,승합차,대형,기타,0
2018,전체,화물차,합계,기타,1
2018,전체,화물차,경형,기타,0
2018,전체,화물차,소형,기타,1
2018,전체,화물차,중형,기타,0
2018,전체,화물차,대형,기타,0
2018,전체,특수차,합계,기타,0
2018,전체,특수차,경형,기타,0
2018,전체,특수차,소형,기타,0
2018,전체,특수차,중형,기타,0
2018,전체,특수차,대형,기타,0
2018,비사업용,합계,합계,기타,5
2018,비사업용,합계,경형,기타,0
2018,비사업용,합계,소형,기타,1
2018,비사업용,합계,중형,기타,3
2018,비사업용,합계,대형,기타,1
2018,비사업용,승용차,합계,기타,4
2018,비사업용,승용차,경형,기타,0
2018,비사업용,승용차,소형,기타,0
2018,비사업용,승용차,중형,기타,3
2018,비사업용,승용차,대형,기타,1
2018,비사업용,승합차,합계,기타,0
2018,비사업용,승합차,경형,기타,0
2018,비사업용,승합차,소형,기타,0
2018,비사업용,승합차,중형,기타,0
2018,비사업용,승합차,대형,기타,0
2018,비사업용,화물차,합계,기타,1
2018,비사업용,화물차,경형,기타,0
2018,비사업용,화물차,소형,기타,1
2018,비사업용,화물차,중형,기타,0
2018,비사업용,화물차,대형,기타,0
2018,비사업용,특수차,합계,기타,0
2018,비사업용,특수차,경형,기타,0
2018,비사업용,특수차,소형,기타,0
2018,비사업용,특수차,중형,기타,0
2018,비사업용,특수차,대형,기타,0
2018,사업용,합계,합계,기타,0
2018,사업용,합계,경형,기타,0
2018,사업용,합계,소형,기타,0
2018,사업용,합계,중형,기타,0
2018,사업용,합계,대형,기타,0
2018,사업용,승용차,합계,기타,0
2018,사업용,승용차,경형,기타,0
2018,사업용,승용차,소형,기타,0
2018,사업용,승용차,중형,기타,0
2018,사업용,승용차,대형,기타,0
2018,사업용,승합차,합계,기타,0
2018,사업용,승합차,경형,기타,0
2018,사업용,승합차,소형,기타,0
2018,사업용,승합차,중형,기타,0
2018,사업용,승합차,대형,기타,0
2018,사업용,화물차,합계,기타,0
2018,사업용,화물차,경형,기타,0
2018,사업용,화물차,소형,기타,0
2018,사업용,화물차,중형,기타,0
2018,사업용,화물차,대형,기타,0
2018,사업용,특수차,합계,기타,0
2018,사업용,특수차,소형,기타,0
2018,사업용,특수차,중형,기타,0
2018,사업용,특수차,대형,기타,0
2019,전체,합계,합계,4년 이하,3229974
2019,전체,합계,경형,4년 이하,235470
2019,전체,합계,소형,4년 이하,859490
2019,전체,합계,중형,4년 이하,1430214
2019,전체,합계,대형,4년 이하,704800
2019,전체,승용차,합계,4년 이하,1952721
2019,전체,승용차,경형,4년 이하,195740
2019,전체,승용차,소형,4년 이하,2431
2019,전체,승용차,중형,4년 이하,1200013
2019,전체,승용차,대형,4년 이하,554537
2019,전체,승합차,합계,4년 이하,201487
2019,전체,승합차,경형,4년 이하,7981
2019,전체,승합차,소형,4년 이하,10
2019,전체,승합차,중형,4년 이하,153599
2019,전체,승합차,대형,4년 이하,39897
2019,전체,화물차,합계,4년 이하,1043708
2019,전체,화물차,경형,4년 이하,31748
2019,전체,화물차,소형,4년 이하,843065
2019,전체,화물차,중형,4년 이하,70339
2019,전체,화물차,대형,4년 이하,98556
2019,전체,특수차,합계,4년 이하,32058
2019,전체,특수차,경형,4년 이하,1
2019,전체,특수차,소형,4년 이하,13984
2019,전체,특수차,중형,4년 이하,6263
2019,전체,특수차,대형,4년 이하,11810
2019,비사업용,합계,합계,4년 이하,2419878
2019,비사업용,합계,경형,4년 이하,193736
2019,비사업용,합계,소형,4년 이하,794232
2019,비사업용,합계,중형,4년 이하,1010379
2019,비사업용,합계,대형,4년 이하,421531
2019,비사업용,승용차,합계,4년 이하,1387511
2019,비사업용,승용차,경형,4년 이하,162245
2019,비사업용,승용차,소형,4년 이하,2369
2019,비사업용,승용차,중형,4년 이하,833118
2019,비사업용,승용차,대형,4년 이하,389779
2019,비사업용,승합차,합계,4년 이하,136086
2019,비사업용,승합차,경형,4년 이하,7434
2019,비사업용,승합차,소형,4년 이하,10
2019,비사업용,승합차,중형,4년 이하,122981
2019,비사업용,승합차,대형,4년 이하,5661
2019,비사업용,화물차,합계,4년 이하,885199
2019,비사업용,화물차,경형,4년 이하,24056
2019,비사업용,화물차,소형,4년 이하,783125
2019,비사업용,화물차,중형,4년 이하,52865
2019,비사업용,화물차,대형,4년 이하,25153
2019,비사업용,특수차,합계,4년 이하,11082
2019,비사업용,특수차,경형,4년 이하,1
2019,비사업용,특수차,소형,4년 이하,8728
2019,비사업용,특수차,중형,4년 이하,1415
2019,비사업용,특수차,대형,4년 이하,938
2019,사업용,합계,합계,4년 이하,810096
2019,사업용,합계,경형,4년 이하,41734
2019,사업용,합계,소형,4년 이하,65258
2019,사업용,합계,중형,4년 이하,419835
2019,사업용,합계,대형,4년 이하,283269
2019,사업용,승용차,합계,4년 이하,565210
2019,사업용,승용차,경형,4년 이하,33495
2019,사업용,승용차,소형,4년 이하,62
2019,사업용,승용차,중형,4년 이하,366895
2019,사업용,승용차,대형,4년 이하,164758
2019,사업용,승합차,합계,4년 이하,65401
2019,사업용,승합차,경형,4년 이하,547
2019,사업용,승합차,소형,4년 이하,0
2019,사업용,승합차,중형,4년 이하,30618
2019,사업용,승합차,대형,4년 이하,34236
2019,사업용,화물차,합계,4년 이하,158509
2019,사업용,화물차,경형,4년 이하,7692
2019,사업용,화물차,소형,4년 이하,59940
2019,사업용,화물차,중형,4년 이하,17474
2019,사업용,화물차,대형,4년 이하,73403
2019,사업용,특수차,합계,4년 이하,20976
2019,사업용,특수차,경형,4년 이하,0
2019,사업용,특수차,소형,4년 이하,5256
2019,사업용,특수차,중형,4년 이하,4848
2019,사업용,특수차,대형,4년 이하,10872
2019,전체,합계,합계,5~6년,947702
2019,전체,합계,경형,5~6년,102458
2019,전체,합계,소형,5~6년,168440
2019,전체,합계,중형,5~6년,487969
2019,전체,합계,대형,5~6년,188835
2019,전체,승용차,합계,5~6년,631040
2019,전체,승용차,경형,5~6년,93273
2019,전체,승용차,소형,5~6년,1991
2019,전체,승용차,중형,5~6년,390208
2019,전체,승용차,대형,5~6년,145568
2019,전체,승합차,합계,5~6년,77043
2019,전체,승합차,경형,5~6년,2108
2019,전체,승합차,소형,5~6년,1
2019,전체,승합차,중형,5~6년,63985
2019,전체,승합차,대형,5~6년,10949
2019,전체,화물차,합계,5~6년,230041
2019,전체,화물차,경형,5~6년,7067
2019,전체,화물차,소형,5~6년,162954
2019,전체,화물차,중형,5~6년,32243
2019,전체,화물차,대형,5~6년,27777
2019,전체,특수차,합계,5~6년,9578
2019,전체,특수차,경형,5~6년,10
2019,전체,특수차,소형,5~6년,3494
2019,전체,특수차,중형,5~6년,1533
2019,전체,특수차,대형,5~6년,4541
2019,비사업용,합계,합계,5~6년,860529
2019,비사업용,합계,경형,5~6년,101096
2019,비사업용,합계,소형,5~6년,156682
2019,비사업용,합계,중형,5~6년,453298
2019,비사업용,합계,대형,5~6년,149453
2019,비사업용,승용차,합계,5~6년,603302
2019,비사업용,승용차,경형,5~6년,92957
2019,비사업용,승용차,소형,5~6년,1987
2019,비사업용,승용차,중형,5~6년,369908
2019,비사업용,승용차,대형,5~6년,138450
2019,비사업용,승합차,합계,5~6년,62973
2019,비사업용,승합차,경형,5~6년,2104
2019,비사업용,승합차,소형,5~6년,1
2019,비사업용,승합차,중형,5~6년,59058
2019,비사업용,승합차,대형,5~6년,1810
2019,비사업용,화물차,합계,5~6년,192043
2019,비사업용,화물차,경형,5~6년,6025
2019,비사업용,화물차,소형,5~6년,153164
2019,비사업용,화물차,중형,5~6년,23894
2019,비사업용,화물차,대형,5~6년,8960
2019,비사업용,특수차,합계,5~6년,2211
2019,비사업용,특수차,경형,5~6년,10
2019,비사업용,특수차,소형,5~6년,1530
2019,비사업용,특수차,중형,5~6년,438
2019,비사업용,특수차,대형,5~6년,233
2019,사업용,합계,합계,5~6년,87173
2019,사업용,합계,경형,5~6년,1362
2019,사업용,합계,소형,5~6년,11758
2019,사업용,합계,중형,5~6년,34671
2019,사업용,합계,대형,5~6년,39382
2019,사업용,승용차,합계,5~6년,27738
2019,사업용,승용차,경형,5~6년,316
2019,사업용,승용차,소형,5~6년,4
2019,사업용,승용차,중형,5~6년,20300
2019,사업용,승용차,대형,5~6년,7118
2019,사업용,승합차,합계,5~6년,14070
2019,사업용,승합차,경형,5~6년,4
2019,사업용,승합차,소형,5~6년,0
2019,사업용,승합차,중형,5~6년,4927
2019,사업용,승합차,대형,5~6년,9139
2019,사업용,화물차,합계,5~6년,37998
2019,사업용,화물차,경형,5~6년,1042
2019,사업용,화물차,소형,5~6년,9790
2019,사업용,화물차,중형,5~6년,8349
2019,사업용,화물차,대형,5~6년,18817
2019,사업용,특수차,합계,5~6년,7367
2019,사업용,특수차,경형,5~6년,0
2019,사업용,특수차,소형,5~6년,1964
2019,사업용,특수차,중형,5~6년,1095
2019,사업용,특수차,대형,5~6년,4308
2019,전체,합계,합계,7~8년,1677615
2019,전체,합계,경형,7~8년,176948
2019,전체,합계,소형,7~8년,300642
2019,전체,합계,중형,7~8년,840222
2019,전체,합계,대형,7~8년,359803
2019,전체,승용차,합계,7~8년,1118588
2019,전체,승용차,경형,7~8년,160820
2019,전체,승용차,소형,7~8년,8203
2019,전체,승용차,중형,7~8년,674414
2019,전체,승용차,대형,7~8년,275151
2019,전체,승합차,합계,7~8년,129344
2019,전체,승합차,경형,7~8년,3808
2019,전체,승합차,소형,7~8년,3
2019,전체,승합차,중형,7~8년,108577
2019,전체,승합차,대형,7~8년,16956
2019,전체,화물차,합계,7~8년,409535
2019,전체,화물차,경형,7~8년,12294
2019,전체,화물차,소형,7~8년,285615
2019,전체,화물차,중형,7~8년,54120
2019,전체,화물차,대형,7~8년,57506
2019,전체,특수차,합계,7~8년,20148
2019,전체,특수차,경형,7~8년,26
2019,전체,특수차,소형,7~8년,6821
2019,전체,특수차,중형,7~8년,3111
2019,전체,특수차,대형,7~8년,10190
2019,비사업용,합계,합계,7~8년,1551808
2019,비사업용,합계,경형,7~8년,175766
2019,비사업용,합계,소형,7~8년,281010
2019,비사업용,합계,중형,7~8년,804363
2019,비사업용,합계,대형,7~8년,290669
2019,비사업용,승용차,합계,7~8년,1097635
2019,비사업용,승용차,경형,7~8년,160811
2019,비사업용,승용차,소형,7~8년,8203
2019,비사업용,승용차,중형,7~8년,660869
2019,비사업용,승용차,대형,7~8년,267752
2019,비사업용,승합차,합계,7~8년,109773
2019,비사업용,승합차,경형,7~8년,3805
2019,비사업용,승합차,소형,7~8년,3
2019,비사업용,승합차,중형,7~8년,102578
2019,비사업용,승합차,대형,7~8년,3387
2019,비사업용,화물차,합계,7~8년,339842
2019,비사업용,화물차,경형,7~8년,11124
2019,비사업용,화물차,소형,7~8년,269761
2019,비사업용,화물차,중형,7~8년,40058
2019,비사업용,화물차,대형,7~8년,18899
2019,비사업용,특수차,합계,7~8년,4558
2019,비사업용,특수차,경형,7~8년,26
2019,비사업용,특수차,소형,7~8년,3043
2019,비사업용,특수차,중형,7~8년,858
2019,비사업용,특수차,대형,7~8년,631
2019,사업용,합계,합계,7~8년,125807
2019,사업용,합계,경형,7~8년,1182
2019,사업용,합계,소형,7~8년,19632
2019,사업용,합계,중형,7~8년,35859
2019,사업용,합계,대형,7~8년,69134
2019,사업용,승용차,합계,7~8년,20953
2019,사업용,승용차,경형,7~8년,9
2019,사업용,승용차,소형,7~8년,0
2019,사업용,승용차,중형,7~8년,13545
2019,사업용,승용차,대형,7~8년,7399
2019,사업용,승합차,합계,7~8년,19571
2019,사업용,승합차,경형,7~8년,3
2019,사업용,승합차,소형,7~8년,0
2019,사업용,승합차,중형,7~8년,5999
2019,사업용,승합차,대형,7~8년,13569
2019,사업용,화물차,합계,7~8년,69693
2019,사업용,화물차,경형,7~8년,1170
2019,사업용,화물차,소형,7~8년,15854
2019,사업용,화물차,중형,7~8년,14062
2019,사업용,화물차,대형,7~8년,38607
2019,사업용,특수차,합계,7~8년,15590
2019,사업용,특수차,경형,7~8년,0
2019,사업용,특수차,소형,7~8년,3778
2019,사업용,특수차,중형,7~8년,2253
2019,사업용,특수차,대형,7~8년,9559
2019,전체,합계,합계,9~10년,1671232
2019,전체,합계,경형,9~10년,146405
2019,전체,합계,소형,9~10년,287361
2019,전체,합계,중형,9~10년,878979
2019,전체,합계,대형,9~10년,358487
2019,전체,승용차,합계,9~10년,1103897
2019,전체,승용차,경형,9~10년,136637
2019,전체,승용차,소형,9~10년,21337
2019,전체,승용차,중형,9~10년,665544
2019,전체,승용차,대형,9~10년,280379
2019,전체,승합차,합계,9~10년,171230
2019,전체,승합차,경형,9~10년,2312
2019,전체,승합차,소형,9~10년,1
2019,전체,승합차,중형,9~10년,157588
2019,전체,승합차,대형,9~10년,11329
2019,전체,화물차,합계,9~10년,382393
2019,전체,화물차,경형,9~10년,7456
2019,전체,화물차,소형,9~10년,262587
2019,전체,화물차,중형,9~10년,53503
2019,전체,화물차,대형,9~10년,58847
2019,전체,특수차,합계,9~10년,13712
2019,전체,특수차,경형,9~10년,0
2019,전체,특수차,소형,9~10년,3436
2019,전체,특수차,중형,9~10년,2344
2019,전체,특수차,대형,9~10년,7932
2019,비사업용,합계,합계,9~10년,1580246
2019,비사업용,합계,경형,9~10년,145917
2019,비사업용,합계,소형,9~10년,273266
2019,비사업용,합계,중형,9~10년,859791
2019,비사업용,합계,대형,9~10년,301272
2019,비사업용,승용차,합계,9~10년,1102012
2019,비사업용,승용차,경형,9~10년,136637
2019,비사업용,승용차,소형,9~10년,21337
2019,비사업용,승용차,중형,9~10년,665484
2019,비사업용,승용차,대형,9~10년,278554
2019,비사업용,승합차,합계,9~10년,159549
2019,비사업용,승합차,경형,9~10년,2311
2019,비사업용,승합차,소형,9~10년,1
2019,비사업용,승합차,중형,9~10년,154065
2019,비사업용,승합차,대형,9~10년,3172
2019,비사업용,화물차,합계,9~10년,315653
2019,비사업용,화물차,경형,9~10년,6969
2019,비사업용,화물차,소형,9~10년,250419
2019,비사업용,화물차,중형,9~10년,39381
2019,비사업용,화물차,대형,9~10년,18884
2019,비사업용,특수차,합계,9~10년,3032
2019,비사업용,특수차,경형,9~10년,0
2019,비사업용,특수차,소형,9~10년,1509
2019,비사업용,특수차,중형,9~10년,861
2019,비사업용,특수차,대형,9~10년,662
2019,사업용,합계,합계,9~10년,90986
2019,사업용,합계,경형,9~10년,488
2019,사업용,합계,소형,9~10년,14095
2019,사업용,합계,중형,9~10년,19188
2019,사업용,합계,대형,9~10년,57215
2019,사업용,승용차,합계,9~10년,1885
2019,사업용,승용차,경형,9~10년,0
2019,사업용,승용차,소형,9~10년,0
2019,사업용,승용차,중형,9~10년,60
2019,사업용,승용차,대형,9~10년,1825
2019,사업용,승합차,합계,9~10년,11681
2019,사업용,승합차,경형,9~10년,1
2019,사업용,승합차,소형,9~10년,0
2019,사업용,승합차,중형,9~10년,3523
2019,사업용,승합차,대형,9~10년,8157
2019,사업용,화물차,합계,9~10년,66740
2019,사업용,화물차,경형,9~10년,487
2019,사업용,화물차,소형,9~10년,12168
2019,사업용,화물차,중형,9~10년,14122
2019,사업용,화물차,대형,9~10년,39963
2019,사업용,특수차,합계,9~10년,10680
2019,사업용,특수차,경형,9~10년,0
2019,사업용,특수차,소형,9~10년,1927
2019,사업용,특수차,중형,9~10년,1483
2019,사업용,특수차,대형,9~10년,7270
2019,전체,합계,합계,11~12년,1293853
2019,전체,합계,경형,11~12년,87583
2019,전체,합계,소형,11~12년,221038
2019,전체,합계,중형,11~12년,689535
2019,전체,합계,대형,11~12년,295697
2019,전체,승용차,합계,11~12년,859036
2019,전체,승용차,경형,11~12년,82418
2019,전체,승용차,소형,11~12년,26227
2019,전체,승용차,중형,11~12년,515176
2019,전체,승용차,대형,11~12년,235215
2019,전체,승합차,합계,11~12년,133879
2019,전체,승합차,경형,11~12년,1275
2019,전체,승합차,소형,11~12년,2
2019,전체,승합차,중형,11~12년,127923
2019,전체,승합차,대형,11~12년,4679
2019,전체,화물차,합계,11~12년,288822
2019,전체,화물차,경형,11~12년,3890
2019,전체,화물차,소형,11~12년,192758
2019,전체,화물차,중형,11~12년,44174
2019,전체,화물차,대형,11~12년,48000
2019,전체,특수차,합계,11~12년,12116
2019,전체,특수차,경형,11~12년,0
2019,전체,특수차,소형,11~12년,2051
2019,전체,특수차,중형,11~12년,2262
2019,전체,특수차,대형,11~12년,7803
2019,비사업용,합계,합계,11~12년,1236663
2019,비사업용,합계,경형,11~12년,87420
2019,비사업용,합계,소형,11~12년,214105
2019,비사업용,합계,중형,11~12년,676176
2019,비사업용,합계,대형,11~12년,258962
2019,비사업용,승용차,합계,11~12년,859030
2019,비사업용,승용차,경형,11~12년,82418
2019,비사업용,승용차,소형,11~12년,26227
2019,비사업용,승용차,중형,11~12년,515176
2019,비사업용,승용차,대형,11~12년,235209
2019,비사업용,승합차,합계,11~12년,133455
2019,비사업용,승합차,경형,11~12년,1275
2019,비사업용,승합차,소형,11~12년,2
2019,비사업용,승합차,중형,11~12년,127731
2019,비사업용,승합차,대형,11~12년,4447
2019,비사업용,화물차,합계,11~12년,241792
2019,비사업용,화물차,경형,11~12년,3727
2019,비사업용,화물차,소형,11~12년,186914
2019,비사업용,화물차,중형,11~12년,32495
2019,비사업용,화물차,대형,11~12년,18656
2019,비사업용,특수차,합계,11~12년,2386
2019,비사업용,특수차,경형,11~12년,0
2019,비사업용,특수차,소형,11~12년,962
2019,비사업용,특수차,중형,11~12년,774
2019,비사업용,특수차,대형,11~12년,650
2019,사업용,합계,합계,11~12년,57190
2019,사업용,합계,경형,11~12년,163
2019,사업용,합계,소형,11~12년,6933
2019,사업용,합계,중형,11~12년,13359
2019,사업용,합계,대형,11~12년,36735
2019,사업용,승용차,합계,11~12년,6
2019,사업용,승용차,경형,11~12년,0
2019,사업용,승용차,소형,11~12년,0
2019,사업용,승용차,중형,11~12년,0
2019,사업용,승용차,대형,11~12년,6
2019,사업용,승합차,합계,11~12년,424
2019,사업용,승합차,경형,11~12년,0
2019,사업용,승합차,소형,11~12년,0
2019,사업용,승합차,중형,11~12년,192
2019,사업용,승합차,대형,11~12년,232
2019,사업용,화물차,합계,11~12년,47030
2019,사업용,화물차,경형,11~12년,163
2019,사업용,화물차,소형,11~12년,5844
2019,사업용,화물차,중형,11~12년,11679
2019,사업용,화물차,대형,11~12년,29344
2019,사업용,특수차,합계,11~12년,9730
2019,사업용,특수차,경형,11~12년,0
2019,사업용,특수차,소형,11~12년,1089
2019,사업용,특수차,중형,11~12년,1488
2019,사업용,특수차,대형,11~12년,7153
2019,전체,합계,합계,13~14년,1076944
2019,전체,합계,경형,13~14년,47308
2019,전체,합계,소형,13~14년,140946
2019,전체,합계,중형,13~14년,620236
2019,전체,합계,대형,13~14년,268454
2019,전체,승용차,합계,13~14년,692425
2019,전체,승용차,경형,13~14년,43871
2019,전체,승용차,소형,13~14년,23700
2019,전체,승용차,중형,13~14년,409212
2019,전체,승용차,대형,13~14년,215642
2019,전체,승합차,합계,13~14년,108169
2019,전체,승합차,경형,13~14년,1064
2019,전체,승합차,소형,13~14년,1
2019,전체,승합차,중형,13~14년,102797
2019,전체,승합차,대형,13~14년,4307
2019,전체,화물차,합계,13~14년,265169
2019,전체,화물차,경형,13~14년,2372
2019,전체,화물차,소형,13~14년,116076
2019,전체,화물차,중형,13~14년,104847
2019,전체,화물차,대형,13~14년,41874
2019,전체,특수차,합계,13~14년,11181
2019,전체,특수차,경형,13~14년,1
2019,전체,특수차,소형,13~14년,1169
2019,전체,특수차,중형,13~14년,3380
2019,전체,특수차,대형,13~14년,6631
2019,비사업용,합계,합계,13~14년,1025416
2019,비사업용,합계,경형,13~14년,47198
2019,비사업용,합계,소형,13~14년,138022
2019,비사업용,합계,중형,13~14년,602197
2019,비사업용,합계,대형,13~14년,237999
2019,비사업용,승용차,합계,13~14년,692425
2019,비사업용,승용차,경형,13~14년,43871
2019,비사업용,승용차,소형,13~14년,23700
2019,비사업용,승용차,중형,13~14년,409212
2019,비사업용,승용차,대형,13~14년,215642
2019,비사업용,승합차,합계,13~14년,108167
2019,비사업용,승합차,경형,13~14년,1064
2019,비사업용,승합차,소형,13~14년,1
2019,비사업용,승합차,중형,13~14년,102795
2019,비사업용,승합차,대형,13~14년,4307
2019,비사업용,화물차,합계,13~14년,221941
2019,비사업용,화물차,경형,13~14년,2262
2019,비사업용,화물차,소형,13~14년,113557
2019,비사업용,화물차,중형,13~14년,88581
2019,비사업용,화물차,대형,13~14년,17541
2019,비사업용,특수차,합계,13~14년,2883
2019,비사업용,특수차,경형,13~14년,1
2019,비사업용,특수차,소형,13~14년,764
2019,비사업용,특수차,중형,13~14년,1609
2019,비사업용,특수차,대형,13~14년,509
2019,사업용,합계,합계,13~14년,51528
2019,사업용,합계,경형,13~14년,110
2019,사업용,합계,소형,13~14년,2924
2019,사업용,합계,중형,13~14년,18039
2019,사업용,합계,대형,13~14년,30455
2019,사업용,승용차,합계,13~14년,0
2019,사업용,승용차,경형,13~14년,0
2019,사업용,승용차,소형,13~14년,0
2019,사업용,승용차,중형,13~14년,0
2019,사업용,승용차,대형,13~14년,0
2019,사업용,승합차,합계,13~14년,2
2019,사업용,승합차,경형,13~14년,0
2019,사업용,승합차,소형,13~14년,0
2019,사업용,승합차,중형,13~14년,2
2019,사업용,승합차,대형,13~14년,0
2019,사업용,화물차,합계,13~14년,43228
2019,사업용,화물차,경형,13~14년,110
2019,사업용,화물차,소형,13~14년,2519
2019,사업용,화물차,중형,13~14년,16266
2019,사업용,화물차,대형,13~14년,24333
2019,사업용,특수차,합계,13~14년,8298
2019,사업용,특수차,경형,13~14년,0
2019,사업용,특수차,소형,13~14년,405
2019,사업용,특수차,중형,13~14년,1771
2019,사업용,특수차,대형,13~14년,6122
2019,전체,합계,합계,15년 이상,1900543
2019,전체,합계,경형,15년 이상,44284
2019,전체,합계,소형,15년 이상,398840
2019,전체,합계,중형,15년 이상,1003445
2019,전체,합계,대형,15년 이상,453974
2019,전체,승용차,합계,15년 이상,968081
2019,전체,승용차,경형,15년 이상,36981
2019,전체,승용차,소형,15년 이상,49194
2019,전체,승용차,중형,15년 이상,577343
2019,전체,승용차,대형,15년 이상,304563
2019,전체,승합차,합계,15년 이상,128435
2019,전체,승합차,경형,15년 이상,1522
2019,전체,승합차,소형,15년 이상,2523
2019,전체,승합차,중형,15년 이상,120663
2019,전체,승합차,대형,15년 이상,3727
2019,전체,화물차,합계,15년 이상,777359
2019,전체,화물차,경형,15년 이상,5778
2019,전체,화물차,소형,15년 이상,346194
2019,전체,화물차,중형,15년 이상,298129
2019,전체,화물차,대형,15년 이상,127258
2019,전체,특수차,합계,15년 이상,26668
2019,전체,특수차,경형,15년 이상,3
2019,전체,특수차,소형,15년 이상,929
2019,전체,특수차,중형,15년 이상,7310
2019,전체,특수차,대형,15년 이상,18426
2019,비사업용,합계,합계,15년 이상,1783176
2019,비사업용,합계,경형,15년 이상,43964
2019,비사업용,합계,소형,15년 이상,394413
2019,비사업용,합계,중형,15년 이상,962910
2019,비사업용,합계,대형,15년 이상,381889
2019,비사업용,승용차,합계,15년 이상,968081
2019,비사업용,승용차,경형,15년 이상,36981
2019,비사업용,승용차,소형,15년 이상,49194
2019,비사업용,승용차,중형,15년 이상,577343
2019,비사업용,승용차,대형,15년 이상,304563
2019,비사업용,승합차,합계,15년 이상,128435
2019,비사업용,승합차,경형,15년 이상,1522
2019,비사업용,승합차,소형,15년 이상,2523
2019,비사업용,승합차,중형,15년 이상,120663
2019,비사업용,승합차,대형,15년 이상,3727
2019,비사업용,화물차,합계,15년 이상,678994
2019,비사업용,화물차,경형,15년 이상,5458
2019,비사업용,화물차,소형,15년 이상,342015
2019,비사업용,화물차,중형,15년 이상,259660
2019,비사업용,화물차,대형,15년 이상,71861
2019,비사업용,특수차,합계,15년 이상,7666
2019,비사업용,특수차,경형,15년 이상,3
2019,비사업용,특수차,소형,15년 이상,681
2019,비사업용,특수차,중형,15년 이상,5244
2019,비사업용,특수차,대형,15년 이상,1738
2019,사업용,합계,합계,15년 이상,117367
2019,사업용,합계,경형,15년 이상,320
2019,사업용,합계,소형,15년 이상,4427
2019,사업용,합계,중형,15년 이상,40535
2019,사업용,합계,대형,15년 이상,72085
2019,사업용,승용차,합계,15년 이상,0
2019,사업용,승용차,경형,15년 이상,0
2019,사업용,승용차,소형,15년 이상,0
2019,사업용,승용차,중형,15년 이상,0
2019,사업용,승용차,대형,15년 이상,0
2019,사업용,승합차,합계,15년 이상,0
2019,사업용,승합차,경형,15년 이상,0
2019,사업용,승합차,소형,15년 이상,0
2019,사업용,승합차,중형,15년 이상,0
2019,사업용,승합차,대형,15년 이상,0
2019,사업용,화물차,합계,15년 이상,98365
2019,사업용,화물차,경형,15년 이상,320
2019,사업용,화물차,소형,15년 이상,4179
2019,사업용,화물차,중형,15년 이상,38469
2019,사업용,화물차,대형,15년 이상,55397
2019,사업용,특수차,합계,15년 이상,19002
2019,사업용,특수차,경형,15년 이상,0
2019,사업용,특수차,소형,15년 이상,248
2019,사업용,특수차,중형,15년 이상,2066
2019,사업용,특수차,대형,15년 이상,16688
2019,전체,합계,합계,기타,5
2019,전체,합계,경형,기타,0
2019,전체,합계,소형,기타,1
2019,전체,합계,중형,기타,4
2019,전체,합계,대형,기타,0
2019,전체,승용차,합계,기타,2
2019,전체,승용차,경형,기타,0
2019,전체,승용차,소형,기타,0
2019,전체,승용차,중형,기타,2
2019,전체,승용차,대형,기타,0
2019,전체,승합차,합계,기타,1
2019,전체,승합차,경형,기타,0
2019,전체,승합차,소형,기타,0
2019,전체,승합차,중형,기타,1
2019,전체,승합차,대형,기타,0
2019,전체,화물차,합계,기타,2
2019,전체,화물차,경형,기타,0
2019,전체,화물차,소형,기타,1
2019,전체,화물차,중형,기타,1
2019,전체,화물차,대형,기타,0
2019,전체,특수차,합계,기타,0
2019,전체,특수차,경형,기타,0
2019,전체,특수차,소형,기타,0
2019,전체,특수차,중형,기타,0
2019,전체,특수차,대형,기타,0
2019,비사업용,합계,합계,기타,4
2019,비사업용,합계,경형,기타,0
2019,비사업용,합계,소형,기타,1
2019,비사업용,합계,중형,기타,3
2019,비사업용,합계,대형,기타,0
2019,비사업용,승용차,합계,기타,2
2019,비사업용,승용차,경형,기타,0
2019,비사업용,승용차,소형,기타,0
2019,비사업용,승용차,중형,기타,2
2019,비사업용,승용차,대형,기타,0
2019,비사업용,승합차,합계,기타,0
2019,비사업용,승합차,경형,기타,0
2019,비사업용,승합차,소형,기타,0
2019,비사업용,승합차,중형,기타,0
2019,비사업용,승합차,대형,기타,0
2019,비사업용,화물차,합계,기타,2
2019,비사업용,화물차,경형,기타,0
2019,비사업용,화물차,소형,기타,1
2019,비사업용,화물차,중형,기타,1
2019,비사업용,화물차,대형,기타,0
2019,비사업용,특수차,합계,기타,0
2019,비사업용,특수차,경형,기타,0
2019,비사업용,특수차,소형,기타,0
2019,비사업용,특수차,중형,기타,0
2019,비사업용,특수차,대형,기타,0
2019,사업용,합계,합계,기타,1
2019,사업용,합계,경형,기타,0
2019,사업용,합계,소형,기타,0
2019,사업용,합계,중형,기타,1
2019,사업용,합계,대형,기타,0
2019,사업용,승용차,합계,기타,0
2019,사업용,승용차,경형,기타,0
2019,사업용,승용차,소형,기타,0
2019,사업용,승용차,중형,기타,0
2019,사업용,승용차,대형,기타,0
2019,사업용,승합차,합계,기타,1
2019,사업용,승합차,경형,기타,0
2019,사업용,승합차,소형,기타,0
2019,사업용,승합차,중형,기타,1
2019,사업용,승합차,대형,기타,0
2019,사업용,화물차,합계,기타,0
2019,사업용,화물차,경형,기타,0
2019,사업용,화물차,소형,기타,0
2019,사업용,화물차,중형,기타,0
2019,사업용,화물차,대형,기타,0
2019,사업용,특수차,합계,기타,0
2019,사업용,특수차,경형,기타,0
2019,사업용,특수차,소형,기타,0
2019,사업용,특수차,중형,기타,0
2019,사업용,특수차,대형,기타,0
2020,전체,합계,합계,4년 이하,2279465
2020,전체,합계,경형,4년 이하,148319
2020,전체,합계,소형,4년 이하,696328
2020,전체,합계,중형,4년 이하,931938
2020,전체,합계,대형,4년 이하,502880
2020,전체,승용차,합계,4년 이하,1276816
2020,전체,승용차,경형,4년 이하,120026
2020,전체,승용차,소형,4년 이하,596
2020,전체,승용차,중형,4년 이하,764130
2020,전체,승용차,대형,4년 이하,392064
2020,전체,승합차,합계,4년 이하,144002
2020,전체,승합차,경형,4년 이하,5103
2020,전체,승합차,소형,4년 이하,5
2020,전체,승합차,중형,4년 이하,108648
2020,전체,승합차,대형,4년 이하,30246
2020,전체,화물차,합계,4년 이하,831092
2020,전체,화물차,경형,4년 이하,23188
2020,전체,화물차,소형,4년 이하,681827
2020,전체,화물차,중형,4년 이하,54288
2020,전체,화물차,대형,4년 이하,71789
2020,전체,특수차,합계,4년 이하,27555
2020,전체,특수차,경형,4년 이하,2
2020,전체,특수차,소형,4년 이하,13900
2020,전체,특수차,중형,4년 이하,4872
2020,전체,특수차,대형,4년 이하,8781
2020,비사업용,합계,합계,4년 이하,1535370
2020,비사업용,합계,경형,4년 이하,107925
2020,비사업용,합계,소형,4년 이하,641131
2020,비사업용,합계,중형,4년 이하,553491
2020,비사업용,합계,대형,4년 이하,232823
2020,비사업용,승용차,합계,4년 이하,723195
2020,비사업용,승용차,경형,4년 이하,86432
2020,비사업용,승용차,소형,4년 이하,568
2020,비사업용,승용차,중형,4년 이하,429221
2020,비사업용,승용차,대형,4년 이하,206974
2020,비사업용,승합차,합계,4년 이하,91890
2020,비사업용,승합차,경형,4년 이하,4793
2020,비사업용,승합차,소형,4년 이하,5
2020,비사업용,승합차,중형,4년 이하,82645
2020,비사업용,승합차,대형,4년 이하,4447
2020,비사업용,화물차,합계,4년 이하,707738
2020,비사업용,화물차,경형,4년 이하,16698
2020,비사업용,화물차,소형,4년 이하,629975
2020,비사업용,화물차,중형,4년 이하,40499
2020,비사업용,화물차,대형,4년 이하,20566
2020,비사업용,특수차,합계,4년 이하,12547
2020,비사업용,특수차,경형,4년 이하,2
2020,비사업용,특수차,소형,4년 이하,10583
2020,비사업용,특수차,중형,4년 이하,1126
2020,비사업용,특수차,대형,4년 이하,836
2020,사업용,합계,합계,4년 이하,744095
2020,사업용,합계,경형,4년 이하,40394
2020,사업용,합계,소형,4년 이하,55197
2020,사업용,합계,중형,4년 이하,378447
2020,사업용,합계,대형,4년 이하,270057
2020,사업용,승용차,합계,4년 이하,553621
2020,사업용,승용차,경형,4년 이하,33594
2020,사업용,승용차,소형,4년 이하,28
2020,사업용,승용차,중형,4년 이하,334909
2020,사업용,승용차,대형,4년 이하,185090
2020,사업용,승합차,합계,4년 이하,52112
2020,사업용,승합차,경형,4년 이하,310
2020,사업용,승합차,소형,4년 이하,0
2020,사업용,승합차,중형,4년 이하,26003
2020,사업용,승합차,대형,4년 이하,25799
2020,사업용,화물차,합계,4년 이하,123354
2020,사업용,화물차,경형,4년 이하,6490
2020,사업용,화물차,소형,4년 이하,51852
2020,사업용,화물차,중형,4년 이하,13789
2020,사업용,화물차,대형,4년 이하,51223
2020,사업용,특수차,합계,4년 이하,15008
2020,사업용,특수차,경형,4년 이하,0
2020,사업용,특수차,소형,4년 이하,3317
2020,사업용,특수차,중형,4년 이하,3746
2020,사업용,특수차,대형,4년 이하,7945
2020,전체,합계,합계,5~6년,2021797
2020,전체,합계,경형,5~6년,185712
2020,전체,합계,소형,5~6년,367783
2020,전체,합계,중형,5~6년,988091
2020,전체,합계,대형,5~6년,480211
2020,전체,승용차,합계,5~6년,1436221
2020,전체,승용차,경형,5~6년,168072
2020,전체,승용차,소형,5~6년,1909
2020,전체,승용차,중형,5~6년,866680
2020,전체,승용차,대형,5~6년,399560
2020,전체,승합차,합계,5~6년,93739
2020,전체,승합차,경형,5~6년,3648
2020,전체,승합차,소형,5~6년,11
2020,전체,승합차,중형,5~6년,71692
2020,전체,승합차,대형,5~6년,18388
2020,전체,화물차,합계,5~6년,473164
2020,전체,화물차,경형,5~6년,13990
2020,전체,화물차,소형,5~6년,358442
2020,전체,화물차,중형,5~6년,46209
2020,전체,화물차,대형,5~6년,54523
2020,전체,특수차,합계,5~6년,18673
2020,전체,특수차,경형,5~6년,2
2020,전체,특수차,소형,5~6년,7421
2020,전체,특수차,중형,5~6년,3510
2020,전체,특수차,대형,5~6년,7740
2020,비사업용,합계,합계,5~6년,1795920
2020,비사업용,합계,경형,5~6년,179149
2020,비사업용,합계,소형,5~6년,340444
2020,비사업용,합계,중형,5~6년,882477
2020,비사업용,합계,대형,5~6년,393850
2020,비사업용,승용차,합계,5~6년,1325456
2020,비사업용,승용차,경형,5~6년,163707
2020,비사업용,승용차,소형,5~6년,1895
2020,비사업용,승용차,중형,5~6년,784221
2020,비사업용,승용차,대형,5~6년,375633
2020,비사업용,승합차,합계,5~6년,70661
2020,비사업용,승합차,경형,5~6년,3579
2020,비사업용,승합차,소형,5~6년,11
2020,비사업용,승합차,중형,5~6년,63601
2020,비사업용,승합차,대형,5~6년,3470
2020,비사업용,화물차,합계,5~6년,395084
2020,비사업용,화물차,경형,5~6년,11861
2020,비사업용,화물차,소형,5~6년,334996
2020,비사업용,화물차,중형,5~6년,33949
2020,비사업용,화물차,대형,5~6년,14278
2020,비사업용,특수차,합계,5~6년,4719
2020,비사업용,특수차,경형,5~6년,2
2020,비사업용,특수차,소형,5~6년,3542
2020,비사업용,특수차,중형,5~6년,706
2020,비사업용,특수차,대형,5~6년,469
2020,사업용,합계,합계,5~6년,225877
2020,사업용,합계,경형,5~6년,6563
2020,사업용,합계,소형,5~6년,27339
2020,사업용,합계,중형,5~6년,105614
2020,사업용,합계,대형,5~6년,86361
2020,사업용,승용차,합계,5~6년,110765
2020,사업용,승용차,경형,5~6년,4365
2020,사업용,승용차,소형,5~6년,14
2020,사업용,승용차,중형,5~6년,82459
2020,사업용,승용차,대형,5~6년,23927
2020,사업용,승합차,합계,5~6년,23078
2020,사업용,승합차,경형,5~6년,69
2020,사업용,승합차,소형,5~6년,0
2020,사업용,승합차,중형,5~6년,8091
2020,사업용,승합차,대형,5~6년,14918
2020,사업용,화물차,합계,5~6년,78080
2020,사업용,화물차,경형,5~6년,2129
2020,사업용,화물차,소형,5~6년,23446
2020,사업용,화물차,중형,5~6년,12260
2020,사업용,화물차,대형,5~6년,40245
2020,사업용,특수차,합계,5~6년,13954
2020,사업용,특수차,경형,5~6년,0
2020,사업용,특수차,소형,5~6년,3879
2020,사업용,특수차,중형,5~6년,2804
2020,사업용,특수차,대형,5~6년,7271
2020,전체,합계,합계,7~8년,1820332
2020,전체,합계,경형,7~8년,196539
2020,전체,합계,소형,7~8년,322269
2020,전체,합계,중형,7~8년,919551
2020,전체,합계,대형,7~8년,381973
2020,전체,승용차,합계,7~8년,1224434
2020,전체,승용차,경형,7~8년,179408
2020,전체,승용차,소형,7~8년,2875
2020,전체,승용차,중형,7~8년,743408
2020,전체,승용차,대형,7~8년,298743
2020,전체,승합차,합계,7~8년,135998
2020,전체,승합차,경형,7~8년,3856
2020,전체,승합차,소형,7~8년,2
2020,전체,승합차,중형,7~8년,113750
2020,전체,승합차,대형,7~8년,18390
2020,전체,화물차,합계,7~8년,440173
2020,전체,화물차,경형,7~8년,13249
2020,전체,화물차,소형,7~8년,312311
2020,전체,화물차,중형,7~8년,59378
2020,전체,화물차,대형,7~8년,55235
2020,전체,특수차,합계,7~8년,19727
2020,전체,특수차,경형,7~8년,26
2020,전체,특수차,소형,7~8년,7081
2020,전체,특수차,중형,7~8년,3015
2020,전체,특수차,대형,7~8년,9605
2020,비사업용,합계,합계,7~8년,1689026
2020,비사업용,합계,경형,7~8년,195235
2020,비사업용,합계,소형,7~8년,301061
2020,비사업용,합계,중형,7~8년,879875
2020,비사업용,합계,대형,7~8년,312855
2020,비사업용,승용차,합계,7~8년,1201468
2020,비사업용,승용차,경형,7~8년,179389
2020,비사업용,승용차,소형,7~8년,2874
2020,비사업용,승용차,중형,7~8년,728550
2020,비사업용,승용차,대형,7~8년,290655
2020,비사업용,승합차,합계,7~8년,114079
2020,비사업용,승합차,경형,7~8년,3849
2020,비사업용,승합차,소형,7~8년,2
2020,비사업용,승합차,중형,7~8년,106708
2020,비사업용,승합차,대형,7~8년,3520
2020,비사업용,화물차,합계,7~8년,368848
2020,비사업용,화물차,경형,7~8년,11971
2020,비사업용,화물차,소형,7~8년,294909
2020,비사업용,화물차,중형,7~8년,43779
2020,비사업용,화물차,대형,7~8년,18189
2020,비사업용,특수차,합계,7~8년,4631
2020,비사업용,특수차,경형,7~8년,26
2020,비사업용,특수차,소형,7~8년,3276
2020,비사업용,특수차,중형,7~8년,838
2020,비사업용,특수차,대형,7~8년,491
2020,사업용,합계,합계,7~8년,131306
2020,사업용,합계,경형,7~8년,1304
2020,사업용,합계,소형,7~8년,21208
2020,사업용,합계,중형,7~8년,39676
2020,사업용,합계,대형,7~8년,69118
2020,사업용,승용차,합계,7~8년,22966
2020,사업용,승용차,경형,7~8년,19
2020,사업용,승용차,소형,7~8년,1
2020,사업용,승용차,중형,7~8년,14858
2020,사업용,승용차,대형,7~8년,8088
2020,사업용,승합차,합계,7~8년,21919
2020,사업용,승합차,경형,7~8년,7
2020,사업용,승합차,소형,7~8년,0
2020,사업용,승합차,중형,7~8년,7042
2020,사업용,승합차,대형,7~8년,14870
2020,사업용,화물차,합계,7~8년,71325
2020,사업용,화물차,경형,7~8년,1278
2020,사업용,화물차,소형,7~8년,17402
2020,사업용,화물차,중형,7~8년,15599
2020,사업용,화물차,대형,7~8년,37046
2020,사업용,특수차,합계,7~8년,15096
2020,사업용,특수차,경형,7~8년,0
2020,사업용,특수차,소형,7~8년,3805
2020,사업용,특수차,중형,7~8년,2177
2020,사업용,특수차,대형,7~8년,9114
2020,전체,합계,합계,9~10년,1697181
2020,전체,합계,경형,9~10년,173631
2020,전체,합계,소형,9~10년,290586
2020,전체,합계,중형,9~10년,903556
2020,전체,합계,대형,9~10년,329408
2020,전체,승용차,합계,9~10년,1100483
2020,전체,승용차,경형,9~10년,163524
2020,전체,승용차,소형,9~10년,10447
2020,전체,승용차,중형,9~10년,680902
2020,전체,승용차,대형,9~10년,245610
2020,전체,승합차,합계,9~10년,180251
2020,전체,승합차,경형,9~10년,2381
2020,전체,승합차,소형,9~10년,3
2020,전체,승합차,중형,9~10년,166777
2020,전체,승합차,대형,9~10년,11090
2020,전체,화물차,합계,9~10년,397905
2020,전체,화물차,경형,9~10년,7714
2020,전체,화물차,소형,9~10년,274416
2020,전체,화물차,중형,9~10년,52774
2020,전체,화물차,대형,9~10년,63001
2020,전체,특수차,합계,9~10년,18542
2020,전체,특수차,경형,9~10년,12
2020,전체,특수차,소형,9~10년,5720
2020,전체,특수차,중형,9~10년,3103
2020,전체,특수차,대형,9~10년,9707
2020,비사업용,합계,합계,9~10년,1599329
2020,비사업용,합계,경형,9~10년,173170
2020,비사업용,합계,소형,9~10년,274778
2020,비사업용,합계,중형,9~10년,883463
2020,비사업용,합계,대형,9~10년,267918
2020,비사업용,승용차,합계,9~10년,1098051
2020,비사업용,승용차,경형,9~10년,163524
2020,비사업용,승용차,소형,9~10년,10447
2020,비사업용,승용차,중형,9~10년,680517
2020,비사업용,승용차,대형,9~10년,243563
2020,비사업용,승합차,합계,9~10년,168686
2020,비사업용,승합차,경형,9~10년,2381
2020,비사업용,승합차,소형,9~10년,2
2020,비사업용,승합차,중형,9~10년,162894
2020,비사업용,승합차,대형,9~10년,3409
2020,비사업용,화물차,합계,9~10년,328233
2020,비사업용,화물차,경형,9~10년,7253
2020,비사업용,화물차,소형,9~10년,261629
2020,비사업용,화물차,중형,9~10년,39072
2020,비사업용,화물차,대형,9~10년,20279
2020,비사업용,특수차,합계,9~10년,4359
2020,비사업용,특수차,경형,9~10년,12
2020,비사업용,특수차,소형,9~10년,2700
2020,비사업용,특수차,중형,9~10년,980
2020,비사업용,특수차,대형,9~10년,667
2020,사업용,합계,합계,9~10년,97852
2020,사업용,합계,경형,9~10년,461
2020,사업용,합계,소형,9~10년,15808
2020,사업용,합계,중형,9~10년,20093
2020,사업용,합계,대형,9~10년,61490
2020,사업용,승용차,합계,9~10년,2432
2020,사업용,승용차,경형,9~10년,0
2020,사업용,승용차,소형,9~10년,0
2020,사업용,승용차,중형,9~10년,385
2020,사업용,승용차,대형,9~10년,2047
2020,사업용,승합차,합계,9~10년,11565
2020,사업용,승합차,경형,9~10년,0
2020,사업용,승합차,소형,9~10년,1
2020,사업용,승합차,중형,9~10년,3883
2020,사업용,승합차,대형,9~10년,7681
2020,사업용,화물차,합계,9~10년,69672
2020,사업용,화물차,경형,9~10년,461
2020,사업용,화물차,소형,9~10년,12787
2020,사업용,화물차,중형,9~10년,13702
2020,사업용,화물차,대형,9~10년,42722
2020,사업용,특수차,합계,9~10년,14183
2020,사업용,특수차,경형,9~10년,0
2020,사업용,특수차,소형,9~10년,3020
2020,사업용,특수차,중형,9~10년,2123
2020,사업용,특수차,대형,9~10년,9040
2020,전체,합계,합계,11~12년,1390563
2020,전체,합계,경형,11~12년,122076
2020,전체,합계,소형,11~12년,241716
2020,전체,합계,중형,11~12년,739567
2020,전체,합계,대형,11~12년,287204
2020,전체,승용차,합계,11~12년,923456
2020,전체,승용차,경형,11~12년,115846
2020,전체,승용차,소형,11~12년,23823
2020,전체,승용차,중형,11~12년,556556
2020,전체,승용차,대형,11~12년,227231
2020,전체,승합차,합계,11~12년,143252
2020,전체,승합차,경형,11~12년,1349
2020,전체,승합차,소형,11~12년,1
2020,전체,승합차,중형,11~12년,137574
2020,전체,승합차,대형,11~12년,4328
2020,전체,화물차,합계,11~12년,313770
2020,전체,화물차,경형,11~12년,4880
2020,전체,화물차,소형,11~12년,216068
2020,전체,화물차,중형,11~12년,43923
2020,전체,화물차,대형,11~12년,48899
2020,전체,특수차,합계,11~12년,10085
2020,전체,특수차,경형,11~12년,1
2020,전체,특수차,소형,11~12년,1824
2020,전체,특수차,중형,11~12년,1514
2020,전체,특수차,대형,11~12년,6746
2020,비사업용,합계,합계,11~12년,1332016
2020,비사업용,합계,경형,11~12년,121856
2020,비사업용,합계,소형,11~12년,233599
2020,비사업용,합계,중형,11~12년,726642
2020,비사업용,합계,대형,11~12년,249919
2020,비사업용,승용차,합계,11~12년,923423
2020,비사업용,승용차,경형,11~12년,115846
2020,비사업용,승용차,소형,11~12년,23823
2020,비사업용,승용차,중형,11~12년,556556
2020,비사업용,승용차,대형,11~12년,227198
2020,비사업용,승합차,합계,11~12년,142765
2020,비사업용,승합차,경형,11~12년,1348
2020,비사업용,승합차,소형,11~12년,1
2020,비사업용,승합차,중형,11~12년,137266
2020,비사업용,승합차,대형,11~12년,4150
2020,비사업용,화물차,합계,11~12년,263773
2020,비사업용,화물차,경형,11~12년,4661
2020,비사업용,화물차,소형,11~12년,208985
2020,비사업용,화물차,중형,11~12년,32135
2020,비사업용,화물차,대형,11~12년,17992
2020,비사업용,특수차,합계,11~12년,2055
2020,비사업용,특수차,경형,11~12년,1
2020,비사업용,특수차,소형,11~12년,790
2020,비사업용,특수차,중형,11~12년,685
2020,비사업용,특수차,대형,11~12년,579
2020,사업용,합계,합계,11~12년,58547
2020,사업용,합계,경형,11~12년,220
2020,사업용,합계,소형,11~12년,8117
2020,사업용,합계,중형,11~12년,12925
2020,사업용,합계,대형,11~12년,37285
2020,사업용,승용차,합계,11~12년,33
2020,사업용,승용차,경형,11~12년,0
2020,사업용,승용차,소형,11~12년,0
2020,사업용,승용차,중형,11~12년,0
2020,사업용,승용차,대형,11~12년,33
2020,사업용,승합차,합계,11~12년,487
2020,사업용,승합차,경형,11~12년,1
2020,사업용,승합차,소형,11~12년,0
2020,사업용,승합차,중형,11~12년,308
2020,사업용,승합차,대형,11~12년,178
2020,사업용,화물차,합계,11~12년,49997
2020,사업용,화물차,경형,11~12년,219
2020,사업용,화물차,소형,11~12년,7083
2020,사업용,화물차,중형,11~12년,11788
2020,사업용,화물차,대형,11~12년,30907
2020,사업용,특수차,합계,11~12년,8030
2020,사업용,특수차,경형,11~12년,0
2020,사업용,특수차,소형,11~12년,1034
2020,사업용,특수차,중형,11~12년,829
2020,사업용,특수차,대형,11~12년,6167
2020,전체,합계,합계,13~14년,1092681
2020,전체,합계,경형,13~14년,69384
2020,전체,합계,소형,13~14년,180026
2020,전체,합계,중형,13~14년,565041
2020,전체,합계,대형,13~14년,278230
2020,전체,승용차,합계,13~14년,703619
2020,전체,승용차,경형,13~14년,66630
2020,전체,승용차,소형,13~14년,25553
2020,전체,승용차,중형,13~14년,394961
2020,전체,승용차,대형,13~14년,216475
2020,전체,승합차,합계,13~14년,111229
2020,전체,승합차,경형,13~14년,783
2020,전체,승합차,소형,13~14년,5
2020,전체,승합차,중형,13~14년,106163
2020,전체,승합차,대형,13~14년,4278
2020,전체,화물차,합계,13~14년,264714
2020,전체,화물차,경형,13~14년,1970
2020,전체,화물차,소형,13~14년,152461
2020,전체,화물차,중형,13~14년,60785
2020,전체,화물차,대형,13~14년,49498
2020,전체,특수차,합계,13~14년,13119
2020,전체,특수차,경형,13~14년,1
2020,전체,특수차,소형,13~14년,2007
2020,전체,특수차,중형,13~14년,3132
2020,전체,특수차,대형,13~14년,7979
2020,비사업용,합계,합계,13~14년,1036364
2020,비사업용,합계,경형,13~14년,69323
2020,비사업용,합계,소형,13~14년,175865
2020,비사업용,합계,중형,13~14년,549646
2020,비사업용,합계,대형,13~14년,241530
2020,비사업용,승용차,합계,13~14년,703619
2020,비사업용,승용차,경형,13~14년,66630
2020,비사업용,승용차,소형,13~14년,25553
2020,비사업용,승용차,중형,13~14년,394961
2020,비사업용,승용차,대형,13~14년,216475
2020,비사업용,승합차,합계,13~14년,111226
2020,비사업용,승합차,경형,13~14년,783
2020,비사업용,승합차,소형,13~14년,5
2020,비사업용,승합차,중형,13~14년,106160
2020,비사업용,승합차,대형,13~14년,4278
2020,비사업용,화물차,합계,13~14년,218797
2020,비사업용,화물차,경형,13~14년,1909
2020,비사업용,화물차,소형,13~14년,149207
2020,비사업용,화물차,중형,13~14년,47456
2020,비사업용,화물차,대형,13~14년,20225
2020,비사업용,특수차,합계,13~14년,2722
2020,비사업용,특수차,경형,13~14년,1
2020,비사업용,특수차,소형,13~14년,1100
2020,비사업용,특수차,중형,13~14년,1069
2020,비사업용,특수차,대형,13~14년,552
2020,사업용,합계,합계,13~14년,56317
2020,사업용,합계,경형,13~14년,61
2020,사업용,합계,소형,13~14년,4161
2020,사업용,합계,중형,13~14년,15395
2020,사업용,합계,대형,13~14년,36700
2020,사업용,승용차,합계,13~14년,0
2020,사업용,승용차,경형,13~14년,0
2020,사업용,승용차,소형,13~14년,0
2020,사업용,승용차,중형,13~14년,0
2020,사업용,승용차,대형,13~14년,0
2020,사업용,승합차,합계,13~14년,3
2020,사업용,승합차,경형,13~14년,0
2020,사업용,승합차,소형,13~14년,0
2020,사업용,승합차,중형,13~14년,3
2020,사업용,승합차,대형,13~14년,0
2020,사업용,화물차,합계,13~14년,45917
2020,사업용,화물차,경형,13~14년,61
2020,사업용,화물차,소형,13~14년,3254
2020,사업용,화물차,중형,13~14년,13329
2020,사업용,화물차,대형,13~14년,29273
2020,사업용,특수차,합계,13~14년,10397
2020,사업용,특수차,경형,13~14년,0
2020,사업용,특수차,소형,13~14년,907
2020,사업용,특수차,중형,13~14년,2063
2020,사업용,특수차,대형,13~14년,7427
2020,전체,합계,합계,15년 이상,1869713
2020,전체,합계,경형,15년 이상,49119
2020,전체,합계,소형,15년 이상,333099
2020,전체,합계,중형,15년 이상,1003565
2020,전체,합계,대형,15년 이상,483930
2020,전체,승용차,합계,15년 이상,1000274
2020,전체,승용차,경형,15년 이상,42162
2020,전체,승용차,소형,15년 이상,43823
2020,전체,승용차,중형,15년 이상,578072
2020,전체,승용차,대형,15년 이상,336217
2020,전체,승합차,합계,15년 이상,124804
2020,전체,승합차,경형,15년 이상,1513
2020,전체,승합차,소형,15년 이상,716
2020,전체,승합차,중형,15년 이상,118732
2020,전체,승합차,대형,15년 이상,3843
2020,전체,화물차,합계,15년 이상,717894
2020,전체,화물차,경형,15년 이상,5435
2020,전체,화물차,소형,15년 이상,287501
2020,전체,화물차,중형,15년 이상,299246
2020,전체,화물차,대형,15년 이상,125712
2020,전체,특수차,합계,15년 이상,26741
2020,전체,특수차,경형,15년 이상,9
2020,전체,특수차,소형,15년 이상,1059
2020,전체,특수차,중형,15년 이상,7515
2020,전체,특수차,대형,15년 이상,18158
2020,비사업용,합계,합계,15년 이상,1752694
2020,비사업용,합계,경형,15년 이상,48823
2020,비사업용,합계,소형,15년 이상,329733
2020,비사업용,합계,중형,15년 이상,961403
2020,비사업용,합계,대형,15년 이상,412735
2020,비사업용,승용차,합계,15년 이상,1000274
2020,비사업용,승용차,경형,15년 이상,42162
2020,비사업용,승용차,소형,15년 이상,43823
2020,비사업용,승용차,중형,15년 이상,578072
2020,비사업용,승용차,대형,15년 이상,336217
2020,비사업용,승합차,합계,15년 이상,124803
2020,비사업용,승합차,경형,15년 이상,1513
2020,비사업용,승합차,소형,15년 이상,716
2020,비사업용,승합차,중형,15년 이상,118732
2020,비사업용,승합차,대형,15년 이상,3842
2020,비사업용,화물차,합계,15년 이상,619840
2020,비사업용,화물차,경형,15년 이상,5139
2020,비사업용,화물차,소형,15년 이상,284378
2020,비사업용,화물차,중형,15년 이상,259260
2020,비사업용,화물차,대형,15년 이상,71063
2020,비사업용,특수차,합계,15년 이상,7777
2020,비사업용,특수차,경형,15년 이상,9
2020,비사업용,특수차,소형,15년 이상,816
2020,비사업용,특수차,중형,15년 이상,5339
2020,비사업용,특수차,대형,15년 이상,1613
2020,사업용,합계,합계,15년 이상,117019
2020,사업용,합계,경형,15년 이상,296
2020,사업용,합계,소형,15년 이상,3366
2020,사업용,합계,중형,15년 이상,42162
2020,사업용,합계,대형,15년 이상,71195
2020,사업용,승용차,합계,15년 이상,0
2020,사업용,승용차,경형,15년 이상,0
2020,사업용,승용차,소형,15년 이상,0
2020,사업용,승용차,중형,15년 이상,0
2020,사업용,승용차,대형,15년 이상,0
2020,사업용,승합차,합계,15년 이상,1
2020,사업용,승합차,경형,15년 이상,0
2020,사업용,승합차,소형,15년 이상,0
2020,사업용,승합차,중형,15년 이상,0
2020,사업용,승합차,대형,15년 이상,1
2020,사업용,화물차,합계,15년 이상,98054
2020,사업용,화물차,경형,15년 이상,296
2020,사업용,화물차,소형,15년 이상,3123
2020,사업용,화물차,중형,15년 이상,39986
2020,사업용,화물차,대형,15년 이상,54649
2020,사업용,특수차,합계,15년 이상,18964
2020,사업용,특수차,경형,15년 이상,0
2020,사업용,특수차,소형,15년 이상,243
2020,사업용,특수차,중형,15년 이상,2176
2020,사업용,특수차,대형,15년 이상,16545
2020,전체,합계,합계,기타,1
2020,전체,합계,경형,기타,0
2020,전체,합계,소형,기타,1
2020,전체,합계,중형,기타,0
2020,전체,합계,대형,기타,0
2020,전체,승용차,합계,기타,1
2020,전체,승용차,경형,기타,0
2020,전체,승용차,소형,기타,1
2020,전체,승용차,중형,기타,0
2020,전체,승용차,대형,기타,0
2020,전체,승합차,합계,기타,0
2020,전체,승합차,경형,기타,0
2020,전체,승합차,소형,기타,0
2020,전체,승합차,중형,기타,0
2020,전체,승합차,대형,기타,0
2020,전체,화물차,합계,기타,0
2020,전체,화물차,경형,기타,0
2020,전체,화물차,소형,기타,0
2020,전체,화물차,중형,기타,0
2020,전체,화물차,대형,기타,0
2020,전체,특수차,합계,기타,0
2020,전체,특수차,경형,기타,0
2020,전체,특수차,소형,기타,0
2020,전체,특수차,중형,기타,0
2020,전체,특수차,대형,기타,0
2020,비사업용,합계,합계,기타,1
2020,비사업용,합계,경형,기타,0
2020,비사업용,합계,소형,기타,1
2020,비사업용,합계,중형,기타,0
2020,비사업용,합계,대형,기타,0
2020,비사업용,승용차,합계,기타,1
2020,비사업용,승용차,경형,기타,0
2020,비사업용,승용차,소형,기타,1
2020,비사업용,승용차,중형,기타,0
2020,비사업용,승용차,대형,기타,0
2020,비사업용,승합차,합계,기타,0
2020,비사업용,승합차,경형,기타,0
2020,비사업용,승합차,소형,기타,0
2020,비사업용,승합차,중형,기타,0
2020,비사업용,승합차,대형,기타,0
2020,비사업용,화물차,합계,기타,0
2020,비사업용,화물차,경형,기타,0
2020,비사업용,화물차,소형,기타,0
2020,비사업용,화물차,중형,기타,0
2020,비사업용,화물차,대형,기타,0
2020,비사업용,특수차,합계,기타,0
2020,비사업용,특수차,경형,기타,0
2020,비사업용,특수차,소형,기타,0
2020,비사업용,특수차,중형,기타,0
2020,비사업용,특수차,대형,기타,0
2020,사업용,합계,합계,기타,0
2020,사업용,합계,경형,기타,0
2020,사업용,합계,소형,기타,0
2020,사업용,합계,중형,기타,0
2020,사업용,합계,대형,기타,0
2020,사업용,승용차,합계,기타,0
2020,사업용,승용차,경형,기타,0
2020,사업용,승용차,소형,기타,0
2020,사업용,승용차,중형,기타,0
2020,사업용,승용차,대형,기타,0
2020,사업용,승합차,합계,기타,0
2020,사업용,승합차,경형,기타,0
2020,사업용,승합차,소형,기타,0
2020,사업용,승합차,중형,기타,0
2020,사업용,승합차,대형,기타,0
2020,사업용,화물차,합계,기타,0
2020,사업용,화물차,경형,기타,0
2020,사업용,화물차,소형,기타,0
2020,사업용,화물차,중형,기타,0
2020,사업용,화물차,대형,기타,0
2020,사업용,특수차,합계,기타,0
2020,사업용,특수차,경형,기타,0
2020,사업용,특수차,소형,기타,0
2020,사업용,특수차,중형,기타,0
2020,사업용,특수차,대형,기타,0
2021,전체,합계,합계,4년 이하,3341828
2021,전체,합계,경형,4년 이하,207523
2021,전체,합계,소형,4년 이하,892296
2021,전체,합계,중형,4년 이하,1418605
2021,전체,합계,대형,4년 이하,823404
2021,전체,승용차,합계,4년 이하,2070788
2021,전체,승용차,경형,4년 이하,173512
2021,전체,승용차,소형,4년 이하,317
2021,전체,승용차,중형,4년 이하,1214615
2021,전체,승용차,대형,4년 이하,682344
2021,전체,승합차,합계,4년 이하,171693
2021,전체,승합차,경형,4년 이하,6007
2021,전체,승합차,소형,4년 이하,8
2021,전체,승합차,중형,4년 이하,129796
2021,전체,승합차,대형,4년 이하,35882
2021,전체,화물차,합계,4년 이하,1061666
2021,전체,화물차,경형,4년 이하,27995
2021,전체,화물차,소형,4년 이하,871655
2021,전체,화물차,중형,4년 이하,68165
2021,전체,화물차,대형,4년 이하,93851
2021,전체,특수차,합계,4년 이하,37681
2021,전체,특수차,경형,4년 이하,9
2021,전체,특수차,소형,4년 이하,20316
2021,전체,특수차,중형,4년 이하,6029
2021,전체,특수차,대형,4년 이하,11327
2021,비사업용,합계,합계,4년 이하,2405110
2021,비사업용,합계,경형,4년 이하,155346
2021,비사업용,합계,소형,4년 이하,820502
2021,비사업용,합계,중형,4년 이하,946977
2021,비사업용,합계,대형,4년 이하,482285
2021,비사업용,승용차,합계,4년 이하,1370750
2021,비사업용,승용차,경형,4년 이하,128938
2021,비사업용,승용차,소형,4년 이하,290
2021,비사업용,승용차,중형,4년 이하,791426
2021,비사업용,승용차,대형,4년 이하,450096
2021,비사업용,승합차,합계,4년 이하,114282
2021,비사업용,승합차,경형,4년 이하,5770
2021,비사업용,승합차,소형,4년 이하,8
2021,비사업용,승합차,중형,4년 이하,103660
2021,비사업용,승합차,대형,4년 이하,4844
2021,비사업용,화물차,합계,4년 이하,901381
2021,비사업용,화물차,경형,4년 이하,20629
2021,비사업용,화물차,소형,4년 이하,803921
2021,비사업용,화물차,중형,4년 이하,50457
2021,비사업용,화물차,대형,4년 이하,26374
2021,비사업용,특수차,합계,4년 이하,18697
2021,비사업용,특수차,경형,4년 이하,9
2021,비사업용,특수차,소형,4년 이하,16283
2021,비사업용,특수차,중형,4년 이하,1434
2021,비사업용,특수차,대형,4년 이하,971
2021,사업용,합계,합계,4년 이하,936718
2021,사업용,합계,경형,4년 이하,52177
2021,사업용,합계,소형,4년 이하,71794
2021,사업용,합계,중형,4년 이하,471628
2021,사업용,합계,대형,4년 이하,341119
2021,사업용,승용차,합계,4년 이하,700038
2021,사업용,승용차,경형,4년 이하,44574
2021,사업용,승용차,소형,4년 이하,27
2021,사업용,승용차,중형,4년 이하,423189
2021,사업용,승용차,대형,4년 이하,232248
2021,사업용,승합차,합계,4년 이하,57411
2021,사업용,승합차,경형,4년 이하,237
2021,사업용,승합차,소형,4년 이하,0
2021,사업용,승합차,중형,4년 이하,26136
2021,사업용,승합차,대형,4년 이하,31038
2021,사업용,화물차,합계,4년 이하,160285
2021,사업용,화물차,경형,4년 이하,7366
2021,사업용,화물차,소형,4년 이하,67734
2021,사업용,화물차,중형,4년 이하,17708
2021,사업용,화물차,대형,4년 이하,67477
2021,사업용,특수차,합계,4년 이하,18984
2021,사업용,특수차,경형,4년 이하,0
2021,사업용,특수차,소형,4년 이하,4033
2021,사업용,특수차,중형,4년 이하,4595
2021,사업용,특수차,대형,4년 이하,10356
2021,전체,합계,합계,5~6년,1003124
2021,전체,합계,경형,5~6년,89035
2021,전체,합계,소형,5~6년,183334
2021,전체,합계,중형,5~6년,493297
2021,전체,합계,대형,5~6년,237458
2021,전체,승용차,합계,5~6년,705762
2021,전체,승용차,경형,5~6년,80816
2021,전체,승용차,소형,5~6년,920
2021,전체,승용차,중형,5~6년,430529
2021,전체,승용차,대형,5~6년,193497
2021,전체,승합차,합계,5~6년,43601
2021,전체,승합차,경형,5~6년,1797
2021,전체,승합차,소형,5~6년,2
2021,전체,승합차,중형,5~6년,31788
2021,전체,승합차,대형,5~6년,10014
2021,전체,화물차,합계,5~6년,240061
2021,전체,화물차,경형,5~6년,6421
2021,전체,화물차,소형,5~6년,176488
2021,전체,화물차,중형,5~6년,28406
2021,전체,화물차,대형,5~6년,28746
2021,전체,특수차,합계,5~6년,13700
2021,전체,특수차,경형,5~6년,1
2021,전체,특수차,소형,5~6년,5924
2021,전체,특수차,중형,5~6년,2574
2021,전체,특수차,대형,5~6년,5201
2021,비사업용,합계,합계,5~6년,912137
2021,비사업용,합계,경형,5~6년,87592
2021,비사업용,합계,소형,5~6년,168782
2021,비사업용,합계,중형,5~6년,457136
2021,비사업용,합계,대형,5~6년,198627
2021,비사업용,승용차,합계,5~6년,673954
2021,비사업용,승용차,경형,5~6년,80179
2021,비사업용,승용차,소형,5~6년,919
2021,비사업용,승용차,중형,5~6년,406504
2021,비사업용,승용차,대형,5~6년,186352
2021,비사업용,승합차,합계,5~6년,32856
2021,비사업용,승합차,경형,5~6년,1766
2021,비사업용,승합차,소형,5~6년,2
2021,비사업용,승합차,중형,5~6년,28653
2021,비사업용,승합차,대형,5~6년,2435
2021,비사업용,화물차,합계,5~6년,201217
2021,비사업용,화물차,경형,5~6년,5646
2021,비사업용,화물차,소형,5~6년,164658
2021,비사업용,화물차,중형,5~6년,21428
2021,비사업용,화물차,대형,5~6년,9485
2021,비사업용,특수차,합계,5~6년,4110
2021,비사업용,특수차,경형,5~6년,1
2021,비사업용,특수차,소형,5~6년,3203
2021,비사업용,특수차,중형,5~6년,551
2021,비사업용,특수차,대형,5~6년,355
2021,사업용,합계,합계,5~6년,90987
2021,사업용,합계,경형,5~6년,1443
2021,사업용,합계,소형,5~6년,14552
2021,사업용,합계,중형,5~6년,36161
2021,사업용,합계,대형,5~6년,38831
2021,사업용,승용차,합계,5~6년,31808
2021,사업용,승용차,경형,5~6년,637
2021,사업용,승용차,소형,5~6년,1
2021,사업용,승용차,중형,5~6년,24025
2021,사업용,승용차,대형,5~6년,7145
2021,사업용,승합차,합계,5~6년,10745
2021,사업용,승합차,경형,5~6년,31
2021,사업용,승합차,소형,5~6년,0
2021,사업용,승합차,중형,5~6년,3135
2021,사업용,승합차,대형,5~6년,7579
2021,사업용,화물차,합계,5~6년,38844
2021,사업용,화물차,경형,5~6년,775
2021,사업용,화물차,소형,5~6년,11830
2021,사업용,화물차,중형,5~6년,6978
2021,사업용,화물차,대형,5~6년,19261
2021,사업용,특수차,합계,5~6년,9590
2021,사업용,특수차,경형,5~6년,0
2021,사업용,특수차,소형,5~6년,2721
2021,사업용,특수차,중형,5~6년,2023
2021,사업용,특수차,대형,5~6년,4846
2021,전체,합계,합계,7~8년,1923871
2021,전체,합계,경형,7~8년,180902
2021,전체,합계,소형,7~8년,351832
2021,전체,합계,중형,7~8년,958214
2021,전체,합계,대형,7~8년,432923
2021,전체,승용차,합계,7~8년,1308153
2021,전체,승용차,경형,7~8년,166370
2021,전체,승용차,소형,7~8년,3099
2021,전체,승용차,중형,7~8년,793468
2021,전체,승용차,대형,7~8년,345216
2021,전체,승합차,합계,7~8년,119875
2021,전체,승합차,경형,7~8년,3109
2021,전체,승합차,소형,7~8년,9
2021,전체,승합차,중형,7~8년,97398
2021,전체,승합차,대형,7~8년,19359
2021,전체,화물차,합계,7~8년,473100
2021,전체,화물차,경형,7~8년,11410
2021,전체,화물차,소형,7~8년,339738
2021,전체,화물차,중형,7~8년,63483
2021,전체,화물차,대형,7~8년,58469
2021,전체,특수차,합계,7~8년,22743
2021,전체,특수차,경형,7~8년,13
2021,전체,특수차,소형,7~8년,8986
2021,전체,특수차,중형,7~8년,3865
2021,전체,특수차,대형,7~8년,9879
2021,비사업용,합계,합계,7~8년,1783882
2021,비사업용,합계,경형,7~8년,179931
2021,비사업용,합계,소형,7~8년,328180
2021,비사업용,합계,중형,7~8년,915926
2021,비사업용,합계,대형,7~8년,359845
2021,비사업용,승용차,합계,7~8년,1284905
2021,비사업용,승용차,경형,7~8년,166356
2021,비사업용,승용차,소형,7~8년,3099
2021,비사업용,승용차,중형,7~8년,778890
2021,비사업용,승용차,대형,7~8년,336560
2021,비사업용,승합차,합계,7~8년,97222
2021,비사업용,승합차,경형,7~8년,3107
2021,비사업용,승합차,소형,7~8년,9
2021,비사업용,승합차,중형,7~8년,89942
2021,비사업용,승합차,대형,7~8년,4164
2021,비사업용,화물차,합계,7~8년,395770
2021,비사업용,화물차,경형,7~8년,10455
2021,비사업용,화물차,소형,7~8년,320549
2021,비사업용,화물차,중형,7~8년,46168
2021,비사업용,화물차,대형,7~8년,18598
2021,비사업용,특수차,합계,7~8년,5985
2021,비사업용,특수차,경형,7~8년,13
2021,비사업용,특수차,소형,7~8년,4523
2021,비사업용,특수차,중형,7~8년,926
2021,비사업용,특수차,대형,7~8년,523
2021,사업용,합계,합계,7~8년,139989
2021,사업용,합계,경형,7~8년,971
2021,사업용,합계,소형,7~8년,23652
2021,사업용,합계,중형,7~8년,42288
2021,사업용,합계,대형,7~8년,73078
2021,사업용,승용차,합계,7~8년,23248
2021,사업용,승용차,경형,7~8년,14
2021,사업용,승용차,소형,7~8년,0
2021,사업용,승용차,중형,7~8년,14578
2021,사업용,승용차,대형,7~8년,8656
2021,사업용,승합차,합계,7~8년,22653
2021,사업용,승합차,경형,7~8년,2
2021,사업용,승합차,소형,7~8년,0
2021,사업용,승합차,중형,7~8년,7456
2021,사업용,승합차,대형,7~8년,15195
2021,사업용,화물차,합계,7~8년,77330
2021,사업용,화물차,경형,7~8년,955
2021,사업용,화물차,소형,7~8년,19189
2021,사업용,화물차,중형,7~8년,17315
2021,사업용,화물차,대형,7~8년,39871
2021,사업용,특수차,합계,7~8년,16758
2021,사업용,특수차,경형,7~8년,0
2021,사업용,특수차,소형,7~8년,4463
2021,사업용,특수차,중형,7~8년,2939
2021,사업용,특수차,대형,7~8년,9356
2021,전체,합계,합계,9~10년,1698139
2021,전체,합계,경형,9~10년,170924
2021,전체,합계,소형,9~10년,291834
2021,전체,합계,중형,9~10년,884257
2021,전체,합계,대형,9~10년,351124
2021,전체,승용차,합계,9~10년,1090462
2021,전체,승용차,경형,9~10년,159015
2021,전체,승용차,소형,9~10년,7185
2021,전체,승용차,중형,9~10년,654852
2021,전체,승용차,대형,9~10년,269410
2021,전체,승합차,합계,9~10년,192411
2021,전체,승합차,경형,9~10년,2617
2021,전체,승합차,소형,9~10년,3
2021,전체,승합차,중형,9~10년,175552
2021,전체,승합차,대형,9~10년,14239
2021,전체,화물차,합계,9~10년,395040
2021,전체,화물차,경형,9~10년,9269
2021,전체,화물차,소형,9~10년,277364
2021,전체,화물차,중형,9~10년,50939
2021,전체,화물차,대형,9~10년,57468
2021,전체,특수차,합계,9~10년,20226
2021,전체,특수차,경형,9~10년,23
2021,전체,특수차,소형,9~10년,7282
2021,전체,특수차,중형,9~10년,2914
2021,전체,특수차,대형,9~10년,10007
2021,비사업용,합계,합계,9~10년,1598967
2021,비사업용,합계,경형,9~10년,170464
2021,비사업용,합계,소형,9~10년,275585
2021,비사업용,합계,중형,9~10년,862185
2021,비사업용,합계,대형,9~10년,290733
2021,비사업용,승용차,합계,9~10년,1086734
2021,비사업용,승용차,경형,9~10년,159015
2021,비사업용,승용차,소형,9~10년,7185
2021,비사업용,승용차,중형,9~10년,653076
2021,비사업용,승용차,대형,9~10년,267458
2021,비사업용,승합차,합계,9~10년,176882
2021,비사업용,승합차,경형,9~10년,2613
2021,비사업용,승합차,소형,9~10년,3
2021,비사업용,승합차,중형,9~10년,170744
2021,비사업용,승합차,대형,9~10년,3522
2021,비사업용,화물차,합계,9~10년,330125
2021,비사업용,화물차,경형,9~10년,8813
2021,비사업용,화물차,소형,9~10년,264616
2021,비사업용,화물차,중형,9~10년,37539
2021,비사업용,화물차,대형,9~10년,19157
2021,비사업용,특수차,합계,9~10년,5226
2021,비사업용,특수차,경형,9~10년,23
2021,비사업용,특수차,소형,9~10년,3781
2021,비사업용,특수차,중형,9~10년,826
2021,비사업용,특수차,대형,9~10년,596
2021,사업용,합계,합계,9~10년,99172
2021,사업용,합계,경형,9~10년,460
2021,사업용,합계,소형,9~10년,16249
2021,사업용,합계,중형,9~10년,22072
2021,사업용,합계,대형,9~10년,60391
2021,사업용,승용차,합계,9~10년,3728
2021,사업용,승용차,경형,9~10년,0
2021,사업용,승용차,소형,9~10년,0
2021,사업용,승용차,중형,9~10년,1776
2021,사업용,승용차,대형,9~10년,1952
2021,사업용,승합차,합계,9~10년,15529
2021,사업용,승합차,경형,9~10년,4
2021,사업용,승합차,소형,9~10년,0
2021,사업용,승합차,중형,9~10년,4808
2021,사업용,승합차,대형,9~10년,10717
2021,사업용,화물차,합계,9~10년,64915
2021,사업용,화물차,경형,9~10년,456
2021,사업용,화물차,소형,9~10년,12748
2021,사업용,화물차,중형,9~10년,13400
2021,사업용,화물차,대형,9~10년,38311
2021,사업용,특수차,합계,9~10년,15000
2021,사업용,특수차,경형,9~10년,0
2021,사업용,특수차,소형,9~10년,3501
2021,사업용,특수차,중형,9~10년,2088
2021,사업용,특수차,대형,9~10년,9411
2021,전체,합계,합계,11~12년,1606577
2021,전체,합계,경형,11~12년,139153
2021,전체,합계,소형,11~12년,270396
2021,전체,합계,중형,11~12년,848492
2021,전체,합계,대형,11~12년,348536
2021,전체,승용차,합계,11~12년,1068901
2021,전체,승용차,경형,11~12년,132511
2021,전체,승용차,소형,11~12년,18309
2021,전체,승용차,중형,11~12년,640588
2021,전체,승용차,대형,11~12년,277493
2021,전체,승합차,합계,11~12년,162699
2021,전체,승합차,경형,11~12년,1452
2021,전체,승합차,소형,11~12년,1
2021,전체,승합차,중형,11~12년,156630
2021,전체,승합차,대형,11~12년,4616
2021,전체,화물차,합계,11~12년,361408
2021,전체,화물차,경형,11~12년,5190
2021,전체,화물차,소형,11~12년,248373
2021,전체,화물차,중형,11~12년,49132
2021,전체,화물차,대형,11~12년,58713
2021,전체,특수차,합계,11~12년,13569
2021,전체,특수차,경형,11~12년,0
2021,전체,특수차,소형,11~12년,3713
2021,전체,특수차,중형,11~12년,2142
2021,전체,특수차,대형,11~12년,7714
2021,비사업용,합계,합계,11~12년,1533998
2021,비사업용,합계,경형,11~12년,138942
2021,비사업용,합계,소형,11~12년,260068
2021,비사업용,합계,중형,11~12년,833357
2021,비사업용,합계,대형,11~12년,301631
2021,비사업용,승용차,합계,11~12년,1068729
2021,비사업용,승용차,경형,11~12년,132511
2021,비사업용,승용차,소형,11~12년,18309
2021,비사업용,승용차,중형,11~12년,640587
2021,비사업용,승용차,대형,11~12년,277322
2021,비사업용,승합차,합계,11~12년,161450
2021,비사업용,승합차,경형,11~12년,1452
2021,비사업용,승합차,소형,11~12년,1
2021,비사업용,승합차,중형,11~12년,156043
2021,비사업용,승합차,대형,11~12년,3954
2021,비사업용,화물차,합계,11~12년,300379
2021,비사업용,화물차,경형,11~12년,4979
2021,비사업용,화물차,소형,11~12년,239701
2021,비사업용,화물차,중형,11~12년,35890
2021,비사업용,화물차,대형,11~12년,19809
2021,비사업용,특수차,합계,11~12년,3440
2021,비사업용,특수차,경형,11~12년,0
2021,비사업용,특수차,소형,11~12년,2057
2021,비사업용,특수차,중형,11~12년,837
2021,비사업용,특수차,대형,11~12년,546
2021,사업용,합계,합계,11~12년,72579
2021,사업용,합계,경형,11~12년,211
2021,사업용,합계,소형,11~12년,10328
2021,사업용,합계,중형,11~12년,15135
2021,사업용,합계,대형,11~12년,46905
2021,사업용,승용차,합계,11~12년,172
2021,사업용,승용차,경형,11~12년,0
2021,사업용,승용차,소형,11~12년,0
2021,사업용,승용차,중형,11~12년,1
2021,사업용,승용차,대형,11~12년,171
2021,사업용,승합차,합계,11~12년,1249
2021,사업용,승합차,경형,11~12년,0
2021,사업용,승합차,소형,11~12년,0
2021,사업용,승합차,중형,11~12년,587
2021,사업용,승합차,대형,11~12년,662
2021,사업용,화물차,합계,11~12년,61029
2021,사업용,화물차,경형,11~12년,211
2021,사업용,화물차,소형,11~12년,8672
2021,사업용,화물차,중형,11~12년,13242
2021,사업용,화물차,대형,11~12년,38904
2021,사업용,특수차,합계,11~12년,10129
2021,사업용,특수차,경형,11~12년,0
2021,사업용,특수차,소형,11~12년,1656
2021,사업용,특수차,중형,11~12년,1305
2021,사업용,특수차,대형,11~12년,7168
2021,전체,합계,합계,13~14년,1164985
2021,전체,합계,경형,13~14년,76326
2021,전체,합계,소형,13~14년,192675
2021,전체,합계,중형,13~14년,614361
2021,전체,합계,대형,13~14년,281623
2021,전체,승용차,합계,13~14년,783469
2021,전체,승용차,경형,13~14년,73107
2021,전체,승용차,소형,13~14년,21359
2021,전체,승용차,중형,13~14년,464593
2021,전체,승용차,대형,13~14년,224410
2021,전체,승합차,합계,13~14년,113672
2021,전체,승합차,경형,13~14년,757
2021,전체,승합차,소형,13~14년,0
2021,전체,승합차,중형,13~14년,108951
2021,전체,승합차,대형,13~14년,3964
2021,전체,화물차,합계,13~14년,256678
2021,전체,화물차,경형,13~14년,2462
2021,전체,화물차,소형,13~14년,169301
2021,전체,화물차,중형,13~14년,38903
2021,전체,화물차,대형,13~14년,46012
2021,전체,특수차,합계,13~14년,11166
2021,전체,특수차,경형,13~14년,0
2021,전체,특수차,소형,13~14년,2015
2021,전체,특수차,중형,13~14년,1914
2021,전체,특수차,대형,13~14년,7237
2021,비사업용,합계,합계,13~14년,1115809
2021,비사업용,합계,경형,13~14년,76251
2021,비사업용,합계,소형,13~14년,188439
2021,비사업용,합계,중형,13~14년,603069
2021,비사업용,합계,대형,13~14년,248050
2021,비사업용,승용차,합계,13~14년,783469
2021,비사업용,승용차,경형,13~14년,73107
2021,비사업용,승용차,소형,13~14년,21359
2021,비사업용,승용차,중형,13~14년,464593
2021,비사업용,승용차,대형,13~14년,224410
2021,비사업용,승합차,합계,13~14년,113650
2021,비사업용,승합차,경형,13~14년,757
2021,비사업용,승합차,소형,13~14년,0
2021,비사업용,승합차,중형,13~14년,108936
2021,비사업용,승합차,대형,13~14년,3957
2021,비사업용,화물차,합계,13~14년,216266
2021,비사업용,화물차,경형,13~14년,2387
2021,비사업용,화물차,소형,13~14년,165895
2021,비사업용,화물차,중형,13~14년,28891
2021,비사업용,화물차,대형,13~14년,19093
2021,비사업용,특수차,합계,13~14년,2424
2021,비사업용,특수차,경형,13~14년,0
2021,비사업용,특수차,소형,13~14년,1185
2021,비사업용,특수차,중형,13~14년,649
2021,비사업용,특수차,대형,13~14년,590
2021,사업용,합계,합계,13~14년,49176
2021,사업용,합계,경형,13~14년,75
2021,사업용,합계,소형,13~14년,4236
2021,사업용,합계,중형,13~14년,11292
2021,사업용,합계,대형,13~14년,33573
2021,사업용,승용차,합계,13~14년,0
2021,사업용,승용차,경형,13~14년,0
2021,사업용,승용차,소형,13~14년,0
2021,사업용,승용차,중형,13~14년,0
2021,사업용,승용차,대형,13~14년,0
2021,사업용,승합차,합계,13~14년,22
2021,사업용,승합차,경형,13~14년,0
2021,사업용,승합차,소형,13~14년,0
2021,사업용,승합차,중형,13~14년,15
2021,사업용,승합차,대형,13~14년,7
2021,사업용,화물차,합계,13~14년,40412
2021,사업용,화물차,경형,13~14년,75
2021,사업용,화물차,소형,13~14년,3406
2021,사업용,화물차,중형,13~14년,10012
2021,사업용,화물차,대형,13~14년,26919
2021,사업용,특수차,합계,13~14년,8742
2021,사업용,특수차,경형,13~14년,0
2021,사업용,특수차,소형,13~14년,830
2021,사업용,특수차,중형,13~14년,1265
2021,사업용,특수차,대형,13~14년,6647
2021,전체,합계,합계,15년 이상,1856076
2021,전체,합계,경형,15년 이상,54888
2021,전체,합계,소형,15년 이상,296175
2021,전체,합계,중형,15년 이상,1011691
2021,전체,합계,대형,15년 이상,493322
2021,전체,승용차,합계,15년 이상,1046735
2021,전체,승용차,경형,15년 이상,48943
2021,전체,승용차,소형,15년 이상,42197
2021,전체,승용차,중형,15년 이상,616894
2021,전체,승용차,대형,15년 이상,338701
2021,전체,승합차,합계,15년 이상,122264
2021,전체,승합차,경형,15년 이상,1294
2021,전체,승합차,소형,15년 이상,1086
2021,전체,승합차,중형,15년 이상,116007
2021,전체,승합차,대형,15년 이상,3877
2021,전체,화물차,합계,15년 이상,660208
2021,전체,화물차,경형,15년 이상,4647
2021,전체,화물차,소형,15년 이상,251226
2021,전체,화물차,중형,15년 이상,271240
2021,전체,화물차,대형,15년 이상,133095
2021,전체,특수차,합계,15년 이상,26869
2021,전체,특수차,경형,15년 이상,4
2021,전체,특수차,소형,15년 이상,1666
2021,전체,특수차,중형,15년 이상,7550
2021,전체,특수차,대형,15년 이상,17649
2021,비사업용,합계,합계,15년 이상,1733688
2021,비사업용,합계,경형,15년 이상,54633
2021,비사업용,합계,소형,15년 이상,293111
2021,비사업용,합계,중형,15년 이상,969998
2021,비사업용,합계,대형,15년 이상,415946
2021,비사업용,승용차,합계,15년 이상,1046735
2021,비사업용,승용차,경형,15년 이상,48943
2021,비사업용,승용차,소형,15년 이상,42197
2021,비사업용,승용차,중형,15년 이상,616894
2021,비사업용,승용차,대형,15년 이상,338701
2021,비사업용,승합차,합계,15년 이상,122264
2021,비사업용,승합차,경형,15년 이상,1294
2021,비사업용,승합차,소형,15년 이상,1086
2021,비사업용,승합차,중형,15년 이상,116007
2021,비사업용,승합차,대형,15년 이상,3877
2021,비사업용,화물차,합계,15년 이상,556813
2021,비사업용,화물차,경형,15년 이상,4392
2021,비사업용,화물차,소형,15년 이상,248571
2021,비사업용,화물차,중형,15년 이상,232160
2021,비사업용,화물차,대형,15년 이상,71690
2021,비사업용,특수차,합계,15년 이상,7876
2021,비사업용,특수차,경형,15년 이상,4
2021,비사업용,특수차,소형,15년 이상,1257
2021,비사업용,특수차,중형,15년 이상,4937
2021,비사업용,특수차,대형,15년 이상,1678
2021,사업용,합계,합계,15년 이상,122388
2021,사업용,합계,경형,15년 이상,255
2021,사업용,합계,소형,15년 이상,3064
2021,사업용,합계,중형,15년 이상,41693
2021,사업용,합계,대형,15년 이상,77376
2021,사업용,승용차,합계,15년 이상,0
2021,사업용,승용차,경형,15년 이상,0
2021,사업용,승용차,소형,15년 이상,0
2021,사업용,승용차,중형,15년 이상,0
2021,사업용,승용차,대형,15년 이상,0
2021,사업용,승합차,합계,15년 이상,0
2021,사업용,승합차,경형,15년 이상,0
2021,사업용,승합차,소형,15년 이상,0
2021,사업용,승합차,중형,15년 이상,0
2021,사업용,승합차,대형,15년 이상,0
2021,사업용,화물차,합계,15년 이상,103395
2021,사업용,화물차,경형,15년 이상,255
2021,사업용,화물차,소형,15년 이상,2655
2021,사업용,화물차,중형,15년 이상,39080
2021,사업용,화물차,대형,15년 이상,61405
2021,사업용,특수차,합계,15년 이상,18993
2021,사업용,특수차,경형,15년 이상,0
2021,사업용,특수차,소형,15년 이상,409
2021,사업용,특수차,중형,15년 이상,2613
2021,사업용,특수차,대형,15년 이상,15971
2021,전체,합계,합계,기타,3
2021,전체,합계,경형,기타,0
2021,전체,합계,소형,기타,2
2021,전체,합계,중형,기타,0
2021,전체,합계,대형,기타,1
2021,전체,승용차,합계,기타,1
2021,전체,승용차,경형,기타,0
2021,전체,승용차,소형,기타,0
2021,전체,승용차,중형,기타,0
2021,전체,승용차,대형,기타,1
2021,전체,승합차,합계,기타,0
2021,전체,승합차,경형,기타,0
2021,전체,승합차,소형,기타,0
2021,전체,승합차,중형,기타,0
2021,전체,승합차,대형,기타,0
2021,전체,화물차,합계,기타,2
2021,전체,화물차,경형,기타,0
2021,전체,화물차,소형,기타,2
2021,전체,화물차,중형,기타,0
2021,전체,화물차,대형,기타,0
2021,전체,특수차,합계,기타,0
2021,전체,특수차,경형,기타,0
2021,전체,특수차,소형,기타,0
2021,전체,특수차,중형,기타,0
2021,전체,특수차,대형,기타,0
2021,비사업용,합계,합계,기타,3
2021,비사업용,합계,경형,기타,0
2021,비사업용,합계,소형,기타,2
2021,비사업용,합계,중형,기타,0
2021,비사업용,합계,대형,기타,1
2021,비사업용,승용차,합계,기타,1
2021,비사업용,승용차,경형,기타,0
2021,비사업용,승용차,소형,기타,0
2021,비사업용,승용차,중형,기타,0
2021,비사업용,승용차,대형,기타,1
2021,비사업용,승합차,합계,기타,0
2021,비사업용,승합차,경형,기타,0
2021,비사업용,승합차,소형,기타,0
2021,비사업용,승합차,중형,기타,0
2021,비사업용,승합차,대형,기타,0
2021,비사업용,화물차,합계,기타,2
2021,비사업용,화물차,경형,기타,0
2021,비사업용,화물차,소형,기타,2
2021,비사업용,화물차,중형,기타,0
2021,비사업용,화물차,대형,기타,0
2021,비사업용,특수차,합계,기타,0
2021,비사업용,특수차,경형,기타,0
2021,비사업용,특수차,소형,기타,0
2021,비사업용,특수차,중형,기타,0
2021,비사업용,특수차,대형,기타,0
2021,사업용,합계,합계,기타,0
2021,사업용,합계,경형,기타,0
2021,사업용,합계,소형,기타,0
2021,사업용,합계,중형,기타,0
2021,사업용,합계,대형,기타,0
2021,사업용,승용차,합계,기타,0
2021,사업용,승용차,경형,기타,0
2021,사업용,승용차,소형,기타,0
2021,사업용,승용차,중형,기타,0
2021,사업용,승용차,대형,기타,0
2021,사업용,승합차,합계,기타,0
2021,사업용,승합차,경형,기타,0
2021,사업용,승합차,소형,기타,0
2021,사업용,승합차,중형,기타,0
2021,사업용,승합차,대형,기타,0
2021,사업용,화물차,합계,기타,0
2021,사업용,화물차,경형,기타,0
2021,사업용,화물차,소형,기타,0
2021,사업용,화물차,중형,기타,0
2021,사업용,화물차,대형,기타,0
2021,사업용,특수차,합계,기타,0
2021,사업용,특수차,경형,기타,0
2021,사업용,특수차,소형,기타,0
2021,사업용,특수차,중형,기타,0
2021,사업용,특수차,대형,기타,0
2022,전체,합계,합계,4년 이하,3322123
2022,전체,합계,경형,4년 이하,189150
2022,전체,합계,소형,4년 이하,884648
2022,전체,합계,중형,4년 이하,1413127
2022,전체,합계,대형,4년 이하,835198
2022,전체,승용차,합계,4년 이하,2091301
2022,전체,승용차,경형,4년 이하,159319
2022,전체,승용차,소형,4년 이하,1270
2022,전체,승용차,중형,4년 이하,1224423
2022,전체,승용차,대형,4년 이하,706289
2022,전체,승합차,합계,4년 이하,150268
2022,전체,승합차,경형,4년 이하,4997
2022,전체,승합차,소형,4년 이하,1
2022,전체,승합차,중형,4년 이하,114355
2022,전체,승합차,대형,4년 이하,30915
2022,전체,화물차,합계,4년 이하,1039606
2022,전체,화물차,경형,4년 이하,24825
2022,전체,화물차,소형,4년 이하,860659
2022,전체,화물차,중형,4년 이하,67968
2022,전체,화물차,대형,4년 이하,86154
2022,전체,특수차,합계,4년 이하,40948
2022,전체,특수차,경형,4년 이하,9
2022,전체,특수차,소형,4년 이하,22718
2022,전체,특수차,중형,4년 이하,6381
2022,전체,특수차,대형,4년 이하,11840
2022,비사업용,합계,합계,4년 이하,2342566
2022,비사업용,합계,경형,4년 이하,137275
2022,비사업용,합계,소형,4년 이하,806447
2022,비사업용,합계,중형,4년 이하,934689
2022,비사업용,합계,대형,4년 이하,464155
2022,비사업용,승용차,합계,4년 이하,1342097
2022,비사업용,승용차,경형,4년 이하,114789
2022,비사업용,승용차,소형,4년 이하,1252
2022,비사업용,승용차,중형,4년 이하,792847
2022,비사업용,승용차,대형,4년 이하,433209
2022,비사업용,승합차,합계,4년 이하,100007
2022,비사업용,승합차,경형,4년 이하,4835
2022,비사업용,승합차,소형,4년 이하,1
2022,비사업용,승합차,중형,4년 이하,91198
2022,비사업용,승합차,대형,4년 이하,3973
2022,비사업용,화물차,합계,4년 이하,879043
2022,비사업용,화물차,경형,4년 이하,17642
2022,비사업용,화물차,소형,4년 이하,786223
2022,비사업용,화물차,중형,4년 이하,49093
2022,비사업용,화물차,대형,4년 이하,26085
2022,비사업용,특수차,합계,4년 이하,21419
2022,비사업용,특수차,경형,4년 이하,9
2022,비사업용,특수차,소형,4년 이하,18971
2022,비사업용,특수차,중형,4년 이하,1551
2022,비사업용,특수차,대형,4년 이하,888
2022,사업용,합계,합계,4년 이하,979557
2022,사업용,합계,경형,4년 이하,51875
2022,사업용,합계,소형,4년 이하,78201
2022,사업용,합계,중형,4년 이하,478438
2022,사업용,합계,대형,4년 이하,371043
2022,사업용,승용차,합계,4년 이하,749204
2022,사업용,승용차,경형,4년 이하,44530
2022,사업용,승용차,소형,4년 이하,18
2022,사업용,승용차,중형,4년 이하,431576
2022,사업용,승용차,대형,4년 이하,273080
2022,사업용,승합차,합계,4년 이하,50261
2022,사업용,승합차,경형,4년 이하,162
2022,사업용,승합차,소형,4년 이하,0
2022,사업용,승합차,중형,4년 이하,23157
2022,사업용,승합차,대형,4년 이하,26942
2022,사업용,화물차,합계,4년 이하,160563
2022,사업용,화물차,경형,4년 이하,7183
2022,사업용,화물차,소형,4년 이하,74436
2022,사업용,화물차,중형,4년 이하,18875
2022,사업용,화물차,대형,4년 이하,60069
2022,사업용,특수차,합계,4년 이하,19529
2022,사업용,특수차,경형,4년 이하,0
2022,사업용,특수차,소형,4년 이하,3747
2022,사업용,특수차,중형,4년 이하,4830
2022,사업용,특수차,대형,4년 이하,10952
2022,전체,합계,합계,5~6년,1041192
2022,전체,합계,경형,5~6년,91039
2022,전체,합계,소형,5~6년,188497
2022,전체,합계,중형,5~6년,493507
2022,전체,합계,대형,5~6년,268149
2022,전체,승용차,합계,5~6년,733930
2022,전체,승용차,경형,5~6년,83613
2022,전체,승용차,소형,5~6년,449
2022,전체,승용차,중형,5~6년,431237
2022,전체,승용차,대형,5~6년,218631
2022,전체,승합차,합계,5~6년,41502
2022,전체,승합차,경형,5~6년,1577
2022,전체,승합차,소형,5~6년,3
2022,전체,승합차,중형,5~6년,30006
2022,전체,승합차,대형,5~6년,9916
2022,전체,화물차,합계,5~6년,250581
2022,전체,화물차,경형,5~6년,5835
2022,전체,화물차,소형,5~6년,181677
2022,전체,화물차,중형,5~6년,29082
2022,전체,화물차,대형,5~6년,33987
2022,전체,특수차,합계,5~6년,15179
2022,전체,특수차,경형,5~6년,14
2022,전체,특수차,소형,5~6년,6368
2022,전체,특수차,중형,5~6년,3182
2022,전체,특수차,대형,5~6년,5615
2022,비사업용,합계,합계,5~6년,940434
2022,비사업용,합계,경형,5~6년,88953
2022,비사업용,합계,소형,5~6년,172813
2022,비사업용,합계,중형,5~6년,457207
2022,비사업용,합계,대형,5~6년,221461
2022,비사업용,승용차,합계,5~6년,697348
2022,비사업용,승용차,경형,5~6년,82383
2022,비사업용,승용차,소형,5~6년,449
2022,비사업용,승용차,중형,5~6년,407940
2022,비사업용,승용차,대형,5~6년,206576
2022,비사업용,승합차,합계,5~6년,30577
2022,비사업용,승합차,경형,5~6년,1558
2022,비사업용,승합차,소형,5~6년,3
2022,비사업용,승합차,중형,5~6년,26715
2022,비사업용,승합차,대형,5~6년,2301
2022,비사업용,화물차,합계,5~6년,206973
2022,비사업용,화물차,경형,5~6년,4998
2022,비사업용,화물차,소형,5~6년,168016
2022,비사업용,화물차,중형,5~6년,21873
2022,비사업용,화물차,대형,5~6년,12086
2022,비사업용,특수차,합계,5~6년,5536
2022,비사업용,특수차,경형,5~6년,14
2022,비사업용,특수차,소형,5~6년,4345
2022,비사업용,특수차,중형,5~6년,679
2022,비사업용,특수차,대형,5~6년,498
2022,사업용,합계,합계,5~6년,100758
2022,사업용,합계,경형,5~6년,2086
2022,사업용,합계,소형,5~6년,15684
2022,사업용,합계,중형,5~6년,36300
2022,사업용,합계,대형,5~6년,46688
2022,사업용,승용차,합계,5~6년,36582
2022,사업용,승용차,경형,5~6년,1230
2022,사업용,승용차,소형,5~6년,0
2022,사업용,승용차,중형,5~6년,23297
2022,사업용,승용차,대형,5~6년,12055
2022,사업용,승합차,합계,5~6년,10925
2022,사업용,승합차,경형,5~6년,19
2022,사업용,승합차,소형,5~6년,0
2022,사업용,승합차,중형,5~6년,3291
2022,사업용,승합차,대형,5~6년,7615
2022,사업용,화물차,합계,5~6년,43608
2022,사업용,화물차,경형,5~6년,837
2022,사업용,화물차,소형,5~6년,13661
2022,사업용,화물차,중형,5~6년,7209
2022,사업용,화물차,대형,5~6년,21901
2022,사업용,특수차,합계,5~6년,9643
2022,사업용,특수차,경형,5~6년,0
2022,사업용,특수차,소형,5~6년,2023
2022,사업용,특수차,중형,5~6년,2503
2022,사업용,특수차,대형,5~6년,5117
2022,전체,합계,합계,7~8년,1947880
2022,전체,합계,경형,7~8년,177360
2022,전체,합계,소형,7~8년,362786
2022,전체,합계,중형,7~8년,936504
2022,전체,합계,대형,7~8년,471230
2022,전체,승용차,합계,7~8년,1350642
2022,전체,승용차,경형,7~8년,162478
2022,전체,승용차,소형,7~8년,1925
2022,전체,승용차,중형,7~8년,803180
2022,전체,승용차,대형,7~8년,383059
2022,전체,승합차,합계,7~8년,91442
2022,전체,승합차,경형,7~8년,3096
2022,전체,승합차,소형,7~8년,7
2022,전체,승합차,중형,7~8년,69447
2022,전체,승합차,대형,7~8년,18892
2022,전체,화물차,합계,7~8년,478561
2022,전체,화물차,경형,7~8년,11783
2022,전체,화물차,소형,7~8년,349003
2022,전체,화물차,중형,7~8년,58885
2022,전체,화물차,대형,7~8년,58890
2022,전체,특수차,합계,7~8년,27235
2022,전체,특수차,경형,7~8년,3
2022,전체,특수차,소형,7~8년,11851
2022,전체,특수차,중형,7~8년,4992
2022,전체,특수차,대형,7~8년,10389
2022,비사업용,합계,합계,7~8년,1807404
2022,비사업용,합계,경형,7~8년,176291
2022,비사업용,합계,소형,7~8년,335698
2022,비사업용,합계,중형,7~8년,896250
2022,비사업용,합계,대형,7~8년,399165
2022,비사업용,승용차,합계,7~8년,1327177
2022,비사업용,승용차,경형,7~8년,162432
2022,비사업용,승용차,소형,7~8년,1925
2022,비사업용,승용차,중형,7~8년,788419
2022,비사업용,승용차,대형,7~8년,374401
2022,비사업용,승합차,합계,7~8년,71117
2022,비사업용,승합차,경형,7~8년,3088
2022,비사업용,승합차,소형,7~8년,7
2022,비사업용,승합차,중형,7~8년,63221
2022,비사업용,승합차,대형,7~8년,4801
2022,비사업용,화물차,합계,7~8년,400617
2022,비사업용,화물차,경형,7~8년,10768
2022,비사업용,화물차,소형,7~8년,327039
2022,비사업용,화물차,중형,7~8년,43536
2022,비사업용,화물차,대형,7~8년,19274
2022,비사업용,특수차,합계,7~8년,8493
2022,비사업용,특수차,경형,7~8년,3
2022,비사업용,특수차,소형,7~8년,6727
2022,비사업용,특수차,중형,7~8년,1074
2022,비사업용,특수차,대형,7~8년,689
2022,사업용,합계,합계,7~8년,140476
2022,사업용,합계,경형,7~8년,1069
2022,사업용,합계,소형,7~8년,27088
2022,사업용,합계,중형,7~8년,40254
2022,사업용,합계,대형,7~8년,72065
2022,사업용,승용차,합계,7~8년,23465
2022,사업용,승용차,경형,7~8년,46
2022,사업용,승용차,소형,7~8년,0
2022,사업용,승용차,중형,7~8년,14761
2022,사업용,승용차,대형,7~8년,8658
2022,사업용,승합차,합계,7~8년,20325
2022,사업용,승합차,경형,7~8년,8
2022,사업용,승합차,소형,7~8년,0
2022,사업용,승합차,중형,7~8년,6226
2022,사업용,승합차,대형,7~8년,14091
2022,사업용,화물차,합계,7~8년,77944
2022,사업용,화물차,경형,7~8년,1015
2022,사업용,화물차,소형,7~8년,21964
2022,사업용,화물차,중형,7~8년,15349
2022,사업용,화물차,대형,7~8년,39616
2022,사업용,특수차,합계,7~8년,18742
2022,사업용,특수차,경형,7~8년,0
2022,사업용,특수차,소형,7~8년,5124
2022,사업용,특수차,중형,7~8년,3918
2022,사업용,특수차,대형,7~8년,9700
2022,전체,합계,합계,9~10년,1801387
2022,전체,합계,경형,9~10년,184821
2022,전체,합계,소형,9~10년,307587
2022,전체,합계,중형,9~10년,940216
2022,전체,합계,대형,9~10년,368763
2022,전체,승용차,합계,9~10년,1160472
2022,전체,승용차,경형,9~10년,171587
2022,전체,승용차,소형,9~10년,2805
2022,전체,승용차,중형,9~10년,700850
2022,전체,승용차,대형,9~10년,285230
2022,전체,승합차,합계,9~10년,204376
2022,전체,승합차,경형,9~10년,2881
2022,전체,승합차,소형,9~10년,1
2022,전체,승합차,중형,9~10년,181502
2022,전체,승합차,대형,9~10년,19992
2022,전체,화물차,합계,9~10년,416543
2022,전체,화물차,경형,9~10년,10330
2022,전체,화물차,소형,9~10년,296968
2022,전체,화물차,중형,9~10년,55117
2022,전체,화물차,대형,9~10년,54128
2022,전체,특수차,합계,9~10년,19996
2022,전체,특수차,경형,9~10년,23
2022,전체,특수차,소형,9~10년,7813
2022,전체,특수차,중형,9~10년,2747
2022,전체,특수차,대형,9~10년,9413
2022,비사업용,합계,합계,9~10년,1692641
2022,비사업용,합계,경형,9~10년,184269
2022,비사업용,합계,소형,9~10년,289719
2022,비사업용,합계,중형,9~10년,913217
2022,비사업용,합계,대형,9~10년,305436
2022,비사업용,승용차,합계,9~10년,1155464
2022,비사업용,승용차,경형,9~10년,171587
2022,비사업용,승용차,소형,9~10년,2805
2022,비사업용,승용차,중형,9~10년,698252
2022,비사업용,승용차,대형,9~10년,282820
2022,비사업용,승합차,합계,9~10년,180091
2022,비사업용,승합차,경형,9~10년,2876
2022,비사업용,승합차,소형,9~10년,1
2022,비사업용,승합차,중형,9~10년,173412
2022,비사업용,승합차,대형,9~10년,3802
2022,비사업용,화물차,합계,9~10년,351294
2022,비사업용,화물차,경형,9~10년,9783
2022,비사업용,화물차,소형,9~10년,282418
2022,비사업용,화물차,중형,9~10년,40779
2022,비사업용,화물차,대형,9~10년,18314
2022,비사업용,특수차,합계,9~10년,5792
2022,비사업용,특수차,경형,9~10년,23
2022,비사업용,특수차,소형,9~10년,4495
2022,비사업용,특수차,중형,9~10년,774
2022,비사업용,특수차,대형,9~10년,500
2022,사업용,합계,합계,9~10년,108746
2022,사업용,합계,경형,9~10년,552
2022,사업용,합계,소형,9~10년,17868
2022,사업용,합계,중형,9~10년,26999
2022,사업용,합계,대형,9~10년,63327
2022,사업용,승용차,합계,9~10년,5008
2022,사업용,승용차,경형,9~10년,0
2022,사업용,승용차,소형,9~10년,0
2022,사업용,승용차,중형,9~10년,2598
2022,사업용,승용차,대형,9~10년,2410
2022,사업용,승합차,합계,9~10년,24285
2022,사업용,승합차,경형,9~10년,5
2022,사업용,승합차,소형,9~10년,0
2022,사업용,승합차,중형,9~10년,8090
2022,사업용,승합차,대형,9~10년,16190
2022,사업용,화물차,합계,9~10년,65249
2022,사업용,화물차,경형,9~10년,547
2022,사업용,화물차,소형,9~10년,14550
2022,사업용,화물차,중형,9~10년,14338
2022,사업용,화물차,대형,9~10년,35814
2022,사업용,특수차,합계,9~10년,14204
2022,사업용,특수차,경형,9~10년,0
2022,사업용,특수차,소형,9~10년,3318
2022,사업용,특수차,중형,9~10년,1973
2022,사업용,특수차,대형,9~10년,8913
2022,전체,합계,합계,11~12년,1601398
2022,전체,합계,경형,11~12년,163035
2022,전체,합계,소형,11~12년,269664
2022,전체,합계,중형,11~12년,854344
2022,전체,합계,대형,11~12년,314355
2022,전체,승용차,합계,11~12년,1039431
2022,전체,승용차,경형,11~12년,155670
2022,전체,승용차,소형,11~12년,8697
2022,전체,승용차,중형,11~12년,638634
2022,전체,승용차,대형,11~12년,236430
2022,전체,승합차,합계,11~12년,173484
2022,전체,승합차,경형,11~12년,1604
2022,전체,승합차,소형,11~12년,1
2022,전체,승합차,중형,11~12년,164948
2022,전체,승합차,대형,11~12년,6931
2022,전체,화물차,합계,11~12년,370312
2022,전체,화물차,경형,11~12년,5743
2022,전체,화물차,소형,11~12년,254711
2022,전체,화물차,중형,11~12년,48068
2022,전체,화물차,대형,11~12년,61790
2022,전체,특수차,합계,11~12년,18171
2022,전체,특수차,경형,11~12년,18
2022,전체,특수차,소형,11~12년,6255
2022,전체,특수차,중형,11~12년,2694
2022,전체,특수차,대형,11~12년,9204
2022,비사업용,합계,합계,11~12년,1520532
2022,비사업용,합계,경형,11~12년,162814
2022,비사업용,합계,소형,11~12년,257645
2022,비사업용,합계,중형,11~12년,838265
2022,비사업용,합계,대형,11~12년,261808
2022,비사업용,승용차,합계,11~12년,1039190
2022,비사업용,승용차,경형,11~12년,155670
2022,비사업용,승용차,소형,11~12년,8697
2022,비사업용,승용차,중형,11~12년,638634
2022,비사업용,승용차,대형,11~12년,236189
2022,비사업용,승합차,합계,11~12년,168601
2022,비사업용,승합차,경형,11~12년,1604
2022,비사업용,승합차,소형,11~12년,1
2022,비사업용,승합차,중형,11~12년,163141
2022,비사업용,승합차,대형,11~12년,3855
2022,비사업용,화물차,합계,11~12년,307540
2022,비사업용,화물차,경형,11~12년,5522
2022,비사업용,화물차,소형,11~12년,245293
2022,비사업용,화물차,중형,11~12년,35600
2022,비사업용,화물차,대형,11~12년,21125
2022,비사업용,특수차,합계,11~12년,5201
2022,비사업용,특수차,경형,11~12년,18
2022,비사업용,특수차,소형,11~12년,3654
2022,비사업용,특수차,중형,11~12년,890
2022,비사업용,특수차,대형,11~12년,639
2022,사업용,합계,합계,11~12년,80866
2022,사업용,합계,경형,11~12년,221
2022,사업용,합계,소형,11~12년,12019
2022,사업용,합계,중형,11~12년,16079
2022,사업용,합계,대형,11~12년,52547
2022,사업용,승용차,합계,11~12년,241
2022,사업용,승용차,경형,11~12년,0
2022,사업용,승용차,소형,11~12년,0
2022,사업용,승용차,중형,11~12년,0
2022,사업용,승용차,대형,11~12년,241
2022,사업용,승합차,합계,11~12년,4883
2022,사업용,승합차,경형,11~12년,0
2022,사업용,승합차,소형,11~12년,0
2022,사업용,승합차,중형,11~12년,1807
2022,사업용,승합차,대형,11~12년,3076
2022,사업용,화물차,합계,11~12년,62772
2022,사업용,화물차,경형,11~12년,221
2022,사업용,화물차,소형,11~12년,9418
2022,사업용,화물차,중형,11~12년,12468
2022,사업용,화물차,대형,11~12년,40665
2022,사업용,특수차,합계,11~12년,12970
2022,사업용,특수차,경형,11~12년,0
2022,사업용,특수차,소형,11~12년,2601
2022,사업용,특수차,중형,11~12년,1804
2022,사업용,특수차,대형,11~12년,8565
2022,전체,합계,합계,13~14년,1250850
2022,전체,합계,경형,13~14년,107041
2022,전체,합계,소형,13~14년,213527
2022,전체,합계,중형,13~14년,661755
2022,전체,합계,대형,13~14년,268527
2022,전체,승용차,합계,13~14년,835353
2022,전체,승용차,경형,13~14년,102799
2022,전체,승용차,소형,13~14년,19224
2022,전체,승용차,중형,13~14년,501949
2022,전체,승용차,대형,13~14년,211381
2022,전체,승합차,합계,13~14년,124382
2022,전체,승합차,경형,13~14년,904
2022,전체,승합차,소형,13~14년,2
2022,전체,승합차,중형,13~14년,119492
2022,전체,승합차,대형,13~14년,3984
2022,전체,화물차,합계,13~14년,281136
2022,전체,화물차,경형,13~14년,3336
2022,전체,화물차,소형,13~14년,191944
2022,전체,화물차,중형,13~14년,39052
2022,전체,화물차,대형,13~14년,46804
2022,전체,특수차,합계,13~14년,9979
2022,전체,특수차,경형,13~14년,2
2022,전체,특수차,소형,13~14년,2357
2022,전체,특수차,중형,13~14년,1262
2022,전체,특수차,대형,13~14년,6358
2022,비사업용,합계,합계,13~14년,1199890
2022,비사업용,합계,경형,13~14년,106939
2022,비사업용,합계,소형,13~14년,208197
2022,비사업용,합계,중형,13~14년,650681
2022,비사업용,합계,대형,13~14년,234073
2022,비사업용,승용차,합계,13~14년,835353
2022,비사업용,승용차,경형,13~14년,102799
2022,비사업용,승용차,소형,13~14년,19224
2022,비사업용,승용차,중형,13~14년,501949
2022,비사업용,승용차,대형,13~14년,211381
2022,비사업용,승합차,합계,13~14년,124171
2022,비사업용,승합차,경형,13~14년,904
2022,비사업용,승합차,소형,13~14년,2
2022,비사업용,승합차,중형,13~14년,119389
2022,비사업용,승합차,대형,13~14년,3876
2022,비사업용,화물차,합계,13~14년,237700
2022,비사업용,화물차,경형,13~14년,3234
2022,비사업용,화물차,소형,13~14년,187462
2022,비사업용,화물차,중형,13~14년,28756
2022,비사업용,화물차,대형,13~14년,18248
2022,비사업용,특수차,합계,13~14년,2666
2022,비사업용,특수차,경형,13~14년,2
2022,비사업용,특수차,소형,13~14년,1509
2022,비사업용,특수차,중형,13~14년,587
2022,비사업용,특수차,대형,13~14년,568
2022,사업용,합계,합계,13~14년,50960
2022,사업용,합계,경형,13~14년,102
2022,사업용,합계,소형,13~14년,5330
2022,사업용,합계,중형,13~14년,11074
2022,사업용,합계,대형,13~14년,34454
2022,사업용,승용차,합계,13~14년,0
2022,사업용,승용차,경형,13~14년,0
2022,사업용,승용차,소형,13~14년,0
2022,사업용,승용차,중형,13~14년,0
2022,사업용,승용차,대형,13~14년,0
2022,사업용,승합차,합계,13~14년,211
2022,사업용,승합차,경형,13~14년,0
2022,사업용,승합차,소형,13~14년,0
2022,사업용,승합차,중형,13~14년,103
2022,사업용,승합차,대형,13~14년,108
2022,사업용,화물차,합계,13~14년,43436
2022,사업용,화물차,경형,13~14년,102
2022,사업용,화물차,소형,13~14년,4482
2022,사업용,화물차,중형,13~14년,10296
2022,사업용,화물차,대형,13~14년,28556
2022,사업용,특수차,합계,13~14년,7313
2022,사업용,특수차,경형,13~14년,0
2022,사업용,특수차,소형,13~14년,848
2022,사업용,특수차,중형,13~14년,675
2022,사업용,특수차,대형,13~14년,5790
2022,전체,합계,합계,15년 이상,1923372
2022,전체,합계,경형,15년 이상,78365
2022,전체,합계,소형,15년 이상,299779
2022,전체,합계,중형,15년 이상,1014610
2022,전체,합계,대형,15년 이상,530618
2022,전체,승용차,합계,15년 이상,1117879
2022,전체,승용차,경형,15년 이상,72751
2022,전체,승용차,소형,15년 이상,42084
2022,전체,승용차,중형,15년 이상,635518
2022,전체,승용차,대형,15년 이상,367526
2022,전체,승합차,합계,15년 이상,134540
2022,전체,승합차,경형,15년 이상,1229
2022,전체,승합차,소형,15년 이상,321
2022,전체,승합차,중형,15년 이상,128810
2022,전체,승합차,대형,15년 이상,4180
2022,전체,화물차,합계,15년 이상,644495
2022,전체,화물차,경형,15년 이상,4375
2022,전체,화물차,소형,15년 이상,254826
2022,전체,화물차,중형,15년 이상,243488
2022,전체,화물차,대형,15년 이상,141806
2022,전체,특수차,합계,15년 이상,26458
2022,전체,특수차,경형,15년 이상,10
2022,전체,특수차,소형,15년 이상,2548
2022,전체,특수차,중형,15년 이상,6794
2022,전체,특수차,대형,15년 이상,17106
2022,비사업용,합계,합계,15년 이상,1798325
2022,비사업용,합계,경형,15년 이상,78144
2022,비사업용,합계,소형,15년 이상,296172
2022,비사업용,합계,중형,15년 이상,974643
2022,비사업용,합계,대형,15년 이상,449366
2022,비사업용,승용차,합계,15년 이상,1117879
2022,비사업용,승용차,경형,15년 이상,72751
2022,비사업용,승용차,소형,15년 이상,42084
2022,비사업용,승용차,중형,15년 이상,635518
2022,비사업용,승용차,대형,15년 이상,367526
2022,비사업용,승합차,합계,15년 이상,134540
2022,비사업용,승합차,경형,15년 이상,1229
2022,비사업용,승합차,소형,15년 이상,321
2022,비사업용,승합차,중형,15년 이상,128810
2022,비사업용,승합차,대형,15년 이상,4180
2022,비사업용,화물차,합계,15년 이상,538223
2022,비사업용,화물차,경형,15년 이상,4154
2022,비사업용,화물차,소형,15년 이상,251883
2022,비사업용,화물차,중형,15년 이상,206193
2022,비사업용,화물차,대형,15년 이상,75993
2022,비사업용,특수차,합계,15년 이상,7683
2022,비사업용,특수차,경형,15년 이상,10
2022,비사업용,특수차,소형,15년 이상,1884
2022,비사업용,특수차,중형,15년 이상,4122
2022,비사업용,특수차,대형,15년 이상,1667
2022,사업용,합계,합계,15년 이상,125047
2022,사업용,합계,경형,15년 이상,221
2022,사업용,합계,소형,15년 이상,3607
2022,사업용,합계,중형,15년 이상,39967
2022,사업용,합계,대형,15년 이상,81252
2022,사업용,승용차,합계,15년 이상,0
2022,사업용,승용차,경형,15년 이상,0
2022,사업용,승용차,소형,15년 이상,0
2022,사업용,승용차,중형,15년 이상,0
2022,사업용,승용차,대형,15년 이상,0
2022,사업용,승합차,합계,15년 이상,0
2022,사업용,승합차,경형,15년 이상,0
2022,사업용,승합차,소형,15년 이상,0
2022,사업용,승합차,중형,15년 이상,0
2022,사업용,승합차,대형,15년 이상,0
2022,사업용,화물차,합계,15년 이상,106272
2022,사업용,화물차,경형,15년 이상,221
2022,사업용,화물차,소형,15년 이상,2943
2022,사업용,화물차,중형,15년 이상,37295
2022,사업용,화물차,대형,15년 이상,65813
2022,사업용,특수차,합계,15년 이상,18775
2022,사업용,특수차,경형,15년 이상,0
2022,사업용,특수차,소형,15년 이상,664
2022,사업용,특수차,중형,15년 이상,2672
2022,사업용,특수차,대형,15년 이상,15439
2022,전체,합계,합계,기타,5
2022,전체,합계,경형,기타,0
2022,전체,합계,소형,기타,2
2022,전체,합계,중형,기타,2
2022,전체,합계,대형,기타,1
2022,전체,승용차,합계,기타,3
2022,전체,승용차,경형,기타,0
2022,전체,승용차,소형,기타,0
2022,전체,승용차,중형,기타,2
2022,전체,승용차,대형,기타,1
2022,전체,승합차,합계,기타,0
2022,전체,승합차,경형,기타,0
2022,전체,승합차,소형,기타,0
2022,전체,승합차,중형,기타,0
2022,전체,승합차,대형,기타,0
2022,전체,화물차,합계,기타,2
2022,전체,화물차,경형,기타,0
2022,전체,화물차,소형,기타,2
2022,전체,화물차,중형,기타,0
2022,전체,화물차,대형,기타,0
2022,전체,특수차,합계,기타,0
2022,전체,특수차,경형,기타,0
2022,전체,특수차,소형,기타,0
2022,전체,특수차,중형,기타,0
2022,전체,특수차,대형,기타,0
2022,비사업용,합계,합계,기타,5
2022,비사업용,합계,경형,기타,0
2022,비사업용,합계,소형,기타,2
2022,비사업용,합계,중형,기타,2
2022,비사업용,합계,대형,기타,1
2022,비사업용,승용차,합계,기타,3
2022,비사업용,승용차,경형,기타,0
2022,비사업용,승용차,소형,기타,0
2022,비사업용,승용차,중형,기타,2
2022,비사업용,승용차,대형,기타,1
2022,비사업용,승합차,합계,기타,0
2022,비사업용,승합차,경형,기타,0
2022,비사업용,승합차,소형,기타,0
2022,비사업용,승합차,중형,기타,0
2022,비사업용,승합차,대형,기타,0
2022,비사업용,화물차,합계,기타,2
2022,비사업용,화물차,경형,기타,0
2022,비사업용,화물차,소형,기타,2
2022,비사업용,화물차,중형,기타,0
2022,비사업용,화물차,대형,기타,0
2022,비사업용,특수차,합계,기타,0
2022,비사업용,특수차,경형,기타,0
2022,비사업용,특수차,소형,기타,0
2022,비사업용,특수차,중형,기타,0
2022,비사업용,특수차,대형,기타,0
2022,사업용,합계,합계,기타,0
2022,사업용,합계,경형,기타,0
2022,사업용,합계,소형,기타,0
2022,사업용,합계,중형,기타,0
2022,사업용,합계,대형,기타,0
2022,사업용,승용차,합계,기타,0
2022,사업용,승용차,경형,기타,0
2022,사업용,승용차,소형,기타,0
2022,사업용,승용차,중형,기타,0
2022,사업용,승용차,대형,기타,0
2022,사업용,승합차,합계,기타,0
2022,사업용,승합차,경형,기타,0
2022,사업용,승합차,소형,기타,0
2022,사업용,승합차,중형,기타,0
2022,사업용,승합차,대형,기타,0
2022,사업용,화물차,합계,기타,0
2022,사업용,화물차,경형,기타,0
2022,사업용,화물차,소형,기타,0
2022,사업용,화물차,중형,기타,0
2022,사업용,화물차,대형,기타,0
2022,사업용,특수차,합계,기타,0
2022,사업용,특수차,경형,기타,0
2022,사업용,특수차,소형,기타,0
2022,사업용,특수차,중형,기타,0
2022,사업용,특수차,대형,기타,0
2023,전체,합계,합계,4년 이하,3248926
2023,전체,합계,경형,4년 이하,168829
2023,전체,합계,소형,4년 이하,879168
2023,전체,합계,중형,4년 이하,1379533
2023,전체,합계,대형,4년 이하,821396
2023,전체,승용차,합계,4년 이하,2050259
2023,전체,승용차,경형,4년 이하,145978
2023,전체,승용차,소형,4년 이하,642
2023,전체,승용차,중형,4년 이하,1205828
2023,전체,승용차,대형,4년 이하,697811
2023,전체,승합차,합계,4년 이하,130275
2023,전체,승합차,경형,4년 이하,3761
2023,전체,승합차,소형,4년 이하,2
2023,전체,승합차,중형,4년 이하,98221
2023,전체,승합차,대형,4년 이하,28291
2023,전체,화물차,합계,4년 이하,1024164
2023,전체,화물차,경형,4년 이하,19085
2023,전체,화물차,소형,4년 이하,853564
2023,전체,화물차,중형,4년 이하,68751
2023,전체,화물차,대형,4년 이하,82764
2023,전체,특수차,합계,4년 이하,44228
2023,전체,특수차,경형,4년 이하,5
2023,전체,특수차,소형,4년 이하,24960
2023,전체,특수차,중형,4년 이하,6733
2023,전체,특수차,대형,4년 이하,12530
2023,비사업용,합계,합계,4년 이하,2248920
2023,비사업용,합계,경형,4년 이하,116991
2023,비사업용,합계,소형,4년 이하,796047
2023,비사업용,합계,중형,4년 이하,907358
2023,비사업용,합계,대형,4년 이하,428524
2023,비사업용,승용차,합계,4년 이하,1278377
2023,비사업용,승용차,경형,4년 이하,99727
2023,비사업용,승용차,소형,4년 이하,625
2023,비사업용,승용차,중형,4년 이하,779796
2023,비사업용,승용차,대형,4년 이하,398229
2023,비사업용,승합차,합계,4년 이하,83654
2023,비사업용,승합차,경형,4년 이하,3656
2023,비사업용,승합차,소형,4년 이하,2
2023,비사업용,승합차,중형,4년 이하,76869
2023,비사업용,승합차,대형,4년 이하,3127
2023,비사업용,화물차,합계,4년 이하,863017
2023,비사업용,화물차,경형,4년 이하,13603
2023,비사업용,화물차,소형,4년 이하,774152
2023,비사업용,화물차,중형,4년 이하,48981
2023,비사업용,화물차,대형,4년 이하,26281
2023,비사업용,특수차,합계,4년 이하,23872
2023,비사업용,특수차,경형,4년 이하,5
2023,비사업용,특수차,소형,4년 이하,21268
2023,비사업용,특수차,중형,4년 이하,1712
2023,비사업용,특수차,대형,4년 이하,887
2023,사업용,합계,합계,4년 이하,1000006
2023,사업용,합계,경형,4년 이하,51838
2023,사업용,합계,소형,4년 이하,83121
2023,사업용,합계,중형,4년 이하,472175
2023,사업용,합계,대형,4년 이하,392872
2023,사업용,승용차,합계,4년 이하,771882
2023,사업용,승용차,경형,4년 이하,46251
2023,사업용,승용차,소형,4년 이하,17
2023,사업용,승용차,중형,4년 이하,426032
2023,사업용,승용차,대형,4년 이하,299582
2023,사업용,승합차,합계,4년 이하,46621
2023,사업용,승합차,경형,4년 이하,105
2023,사업용,승합차,소형,4년 이하,0
2023,사업용,승합차,중형,4년 이하,21352
2023,사업용,승합차,대형,4년 이하,25164
2023,사업용,화물차,합계,4년 이하,161147
2023,사업용,화물차,경형,4년 이하,5482
2023,사업용,화물차,소형,4년 이하,79412
2023,사업용,화물차,중형,4년 이하,19770
2023,사업용,화물차,대형,4년 이하,56483
2023,사업용,특수차,합계,4년 이하,20356
2023,사업용,특수차,경형,4년 이하,0
2023,사업용,특수차,소형,4년 이하,3692
2023,사업용,특수차,중형,4년 이하,5021
2023,사업용,특수차,대형,4년 이하,11643
2023,전체,합계,합계,5~6년,1046462
2023,전체,합계,경형,5~6년,74025
2023,전체,합계,소형,5~6년,194699
2023,전체,합계,중형,5~6년,487759
2023,전체,합계,대형,5~6년,289979
2023,전체,승용차,합계,5~6년,737778
2023,전체,승용차,경형,5~6년,67424
2023,전체,승용차,소형,5~6년,102
2023,전체,승용차,중형,5~6년,427090
2023,전체,승용차,대형,5~6년,243162
2023,전체,승합차,합계,5~6년,40867
2023,전체,승합차,경형,5~6년,1205
2023,전체,승합차,소형,5~6년,1
2023,전체,승합차,중형,5~6년,29661
2023,전체,승합차,대형,5~6년,10000
2023,전체,화물차,합계,5~6년,251550
2023,전체,화물차,경형,5~6년,5386
2023,전체,화물차,소형,5~6년,185880
2023,전체,화물차,중형,5~6년,28251
2023,전체,화물차,대형,5~6년,32033
2023,전체,특수차,합계,5~6년,16267
2023,전체,특수차,경형,5~6년,10
2023,전체,특수차,소형,5~6년,8716
2023,전체,특수차,중형,5~6년,2757
2023,전체,특수차,대형,5~6년,4784
2023,비사업용,합계,합계,5~6년,941338
2023,비사업용,합계,경형,5~6년,71980
2023,비사업용,합계,소형,5~6년,178081
2023,비사업용,합계,중형,5~6년,447399
2023,비사업용,합계,대형,5~6년,243878
2023,비사업용,승용차,합계,5~6년,694706
2023,비사업용,승용차,경형,5~6년,66475
2023,비사업용,승용차,소형,5~6년,102
2023,비사업용,승용차,중형,5~6년,399329
2023,비사업용,승용차,대형,5~6년,228800
2023,비사업용,승합차,합계,5~6년,29847
2023,비사업용,승합차,경형,5~6년,1193
2023,비사업용,승합차,소형,5~6년,1
2023,비사업용,승합차,중형,5~6년,26276
2023,비사업용,승합차,대형,5~6년,2377
2023,비사업용,화물차,합계,5~6년,208737
2023,비사업용,화물차,경형,5~6년,4302
2023,비사업용,화물차,소형,5~6년,171082
2023,비사업용,화물차,중형,5~6년,21103
2023,비사업용,화물차,대형,5~6년,12250
2023,비사업용,특수차,합계,5~6년,8048
2023,비사업용,특수차,경형,5~6년,10
2023,비사업용,특수차,소형,5~6년,6896
2023,비사업용,특수차,중형,5~6년,691
2023,비사업용,특수차,대형,5~6년,451
2023,사업용,합계,합계,5~6년,105124
2023,사업용,합계,경형,5~6년,2045
2023,사업용,합계,소형,5~6년,16618
2023,사업용,합계,중형,5~6년,40360
2023,사업용,합계,대형,5~6년,46101
2023,사업용,승용차,합계,5~6년,43072
2023,사업용,승용차,경형,5~6년,949
2023,사업용,승용차,소형,5~6년,0
2023,사업용,승용차,중형,5~6년,27761
2023,사업용,승용차,대형,5~6년,14362
2023,사업용,승합차,합계,5~6년,11020
2023,사업용,승합차,경형,5~6년,12
2023,사업용,승합차,소형,5~6년,0
2023,사업용,승합차,중형,5~6년,3385
2023,사업용,승합차,대형,5~6년,7623
2023,사업용,화물차,합계,5~6년,42813
2023,사업용,화물차,경형,5~6년,1084
2023,사업용,화물차,소형,5~6년,14798
2023,사업용,화물차,중형,5~6년,7148
2023,사업용,화물차,대형,5~6년,19783
2023,사업용,특수차,합계,5~6년,8219
2023,사업용,특수차,경형,5~6년,0
2023,사업용,특수차,소형,5~6년,1820
2023,사업용,특수차,중형,5~6년,2066
2023,사업용,특수차,대형,5~6년,4333
2023,전체,합계,합계,7~8년,1985677
2023,전체,합계,경형,7~8년,156499
2023,전체,합계,소형,7~8년,366273
2023,전체,합계,중형,7~8년,940345
2023,전체,합계,대형,7~8년,522560
2023,전체,승용차,합계,7~8년,1388846
2023,전체,승용차,경형,7~8년,142048
2023,전체,승용차,소형,7~8년,1020
2023,전체,승용차,중형,7~8년,817098
2023,전체,승용차,대형,7~8년,428680
2023,전체,승합차,합계,7~8년,82908
2023,전체,승합차,경형,7~8년,3023
2023,전체,승합차,소형,7~8년,8
2023,전체,승합차,중형,7~8년,60864
2023,전체,승합차,대형,7~8년,19013
2023,전체,화물차,합계,7~8년,482983
2023,전체,화물차,경형,7~8년,11402
2023,전체,화물차,소형,7~8년,351325
2023,전체,화물차,중형,7~8년,56414
2023,전체,화물차,대형,7~8년,63842
2023,전체,특수차,합계,7~8년,30940
2023,전체,특수차,경형,7~8년,26
2023,전체,특수차,소형,7~8년,13920
2023,전체,특수차,중형,7~8년,5969
2023,전체,특수차,대형,7~8년,11025
2023,비사업용,합계,합계,7~8년,1840075
2023,비사업용,합계,경형,7~8년,155199
2023,비사업용,합계,소형,7~8년,337141
2023,비사업용,합계,중형,7~8년,900513
2023,비사업용,합계,대형,7~8년,447222
2023,비사업용,승용차,합계,7~8년,1362847
2023,비사업용,승용차,경형,7~8년,141977
2023,비사업용,승용차,소형,7~8년,1019
2023,비사업용,승용차,중형,7~8년,801163
2023,비사업용,승용차,대형,7~8년,418688
2023,비사업용,승합차,합계,7~8년,63419
2023,비사업용,승합차,경형,7~8년,3012
2023,비사업용,승합차,소형,7~8년,8
2023,비사업용,승합차,중형,7~8년,55491
2023,비사업용,승합차,대형,7~8년,4908
2023,비사업용,화물차,합계,7~8년,402368
2023,비사업용,화물차,경형,7~8년,10184
2023,비사업용,화물차,소형,7~8년,326953
2023,비사업용,화물차,중형,7~8년,42592
2023,비사업용,화물차,대형,7~8년,22639
2023,비사업용,특수차,합계,7~8년,11441
2023,비사업용,특수차,경형,7~8년,26
2023,비사업용,특수차,소형,7~8년,9161
2023,비사업용,특수차,중형,7~8년,1267
2023,비사업용,특수차,대형,7~8년,987
2023,사업용,합계,합계,7~8년,145602
2023,사업용,합계,경형,7~8년,1300
2023,사업용,합계,소형,7~8년,29132
2023,사업용,합계,중형,7~8년,39832
2023,사업용,합계,대형,7~8년,75338
2023,사업용,승용차,합계,7~8년,25999
2023,사업용,승용차,경형,7~8년,71
2023,사업용,승용차,소형,7~8년,1
2023,사업용,승용차,중형,7~8년,15935
2023,사업용,승용차,대형,7~8년,9992
2023,사업용,승합차,합계,7~8년,19489
2023,사업용,승합차,경형,7~8년,11
2023,사업용,승합차,소형,7~8년,0
2023,사업용,승합차,중형,7~8년,5373
2023,사업용,승합차,대형,7~8년,14105
2023,사업용,화물차,합계,7~8년,80615
2023,사업용,화물차,경형,7~8년,1218
2023,사업용,화물차,소형,7~8년,24372
2023,사업용,화물차,중형,7~8년,13822
2023,사업용,화물차,대형,7~8년,41203
2023,사업용,특수차,합계,7~8년,19499
2023,사업용,특수차,경형,7~8년,0
2023,사업용,특수차,소형,7~8년,4759
2023,사업용,특수차,중형,7~8년,4702
2023,사업용,특수차,대형,7~8년,10038
2023,전체,합계,합계,9~10년,1885527
2023,전체,합계,경형,9~10년,170992
2023,전체,합계,소형,9~10년,334880
2023,전체,합계,중형,9~10년,961328
2023,전체,합계,대형,9~10년,418327
2023,전체,승용차,합계,9~10년,1234626
2023,전체,승용차,경형,9~10년,159004
2023,전체,승용차,소형,9~10년,2906
2023,전체,승용차,중형,9~10년,743935
2023,전체,승용차,대형,9~10년,328781
2023,전체,승합차,합계,9~10년,180207
2023,전체,승합차,경형,9~10년,2418
2023,전체,승합차,소형,9~10년,8
2023,전체,승합차,중형,9~10년,155113
2023,전체,승합차,대형,9~10년,22668
2023,전체,화물차,합계,9~10년,447691
2023,전체,화물차,경형,9~10년,9549
2023,전체,화물차,소형,9~10년,322286
2023,전체,화물차,중형,9~10년,58652
2023,전체,화물차,대형,9~10년,57204
2023,전체,특수차,합계,9~10년,23003
2023,전체,특수차,경형,9~10년,21
2023,전체,특수차,소형,9~10년,9680
2023,전체,특수차,중형,9~10년,3628
2023,전체,특수차,대형,9~10년,9674
2023,비사업용,합계,합계,9~10년,1766342
2023,비사업용,합계,경형,9~10년,170410
2023,비사업용,합계,소형,9~10년,313804
2023,비사업용,합계,중형,9~10년,931908
2023,비사업용,합계,대형,9~10년,350220
2023,비사업용,승용차,합계,9~10년,1230769
2023,비사업용,승용차,경형,9~10년,159004
2023,비사업용,승용차,소형,9~10년,2906
2023,비사업용,승용차,중형,9~10년,742456
2023,비사업용,승용차,대형,9~10년,326403
2023,비사업용,승합차,합계,9~10년,152706
2023,비사업용,승합차,경형,9~10년,2417
2023,비사업용,승합차,소형,9~10년,8
2023,비사업용,승합차,중형,9~10년,145933
2023,비사업용,승합차,대형,9~10년,4348
2023,비사업용,화물차,합계,9~10년,375754
2023,비사업용,화물차,경형,9~10년,8968
2023,비사업용,화물차,소형,9~10년,305162
2023,비사업용,화물차,중형,9~10년,42726
2023,비사업용,화물차,대형,9~10년,18898
2023,비사업용,특수차,합계,9~10년,7113
2023,비사업용,특수차,경형,9~10년,21
2023,비사업용,특수차,소형,9~10년,5728
2023,비사업용,특수차,중형,9~10년,793
2023,비사업용,특수차,대형,9~10년,571
2023,사업용,합계,합계,9~10년,119185
2023,사업용,합계,경형,9~10년,582
2023,사업용,합계,소형,9~10년,21076
2023,사업용,합계,중형,9~10년,29420
2023,사업용,합계,대형,9~10년,68107
2023,사업용,승용차,합계,9~10년,3857
2023,사업용,승용차,경형,9~10년,0
2023,사업용,승용차,소형,9~10년,0
2023,사업용,승용차,중형,9~10년,1479
2023,사업용,승용차,대형,9~10년,2378
2023,사업용,승합차,합계,9~10년,27501
2023,사업용,승합차,경형,9~10년,1
2023,사업용,승합차,소형,9~10년,0
2023,사업용,승합차,중형,9~10년,9180
2023,사업용,승합차,대형,9~10년,18320
2023,사업용,화물차,합계,9~10년,71937
2023,사업용,화물차,경형,9~10년,581
2023,사업용,화물차,소형,9~10년,17124
2023,사업용,화물차,중형,9~10년,15926
2023,사업용,화물차,대형,9~10년,38306
2023,사업용,특수차,합계,9~10년,15890
2023,사업용,특수차,경형,9~10년,0
2023,사업용,특수차,소형,9~10년,3952
2023,사업용,특수차,중형,9~10년,2835
2023,사업용,특수차,대형,9~10년,9103
2023,전체,합계,합계,11~12년,1599088
2023,전체,합계,경형,11~12년,161007
2023,전체,합계,소형,11~12년,270826
2023,전체,합계,중형,11~12년,837598
2023,전체,합계,대형,11~12년,329657
2023,전체,승용차,합계,11~12년,1030181
2023,전체,승용차,경형,11~12년,151781
2023,전체,승용차,소형,11~12년,6454
2023,전체,승용차,중형,11~12년,615864
2023,전체,승용차,대형,11~12년,256082
2023,전체,승합차,합계,11~12년,182454
2023,전체,승합차,경형,11~12년,1977
2023,전체,승합차,소형,11~12년,3
2023,전체,승합차,중형,11~12년,172654
2023,전체,승합차,대형,11~12년,7820
2023,전체,화물차,합계,11~12년,366899
2023,전체,화물차,경형,11~12년,7224
2023,전체,화물차,소형,11~12년,256869
2023,전체,화물차,중형,11~12년,46638
2023,전체,화물차,대형,11~12년,56168
2023,전체,특수차,합계,11~12년,19554
2023,전체,특수차,경형,11~12년,25
2023,전체,특수차,소형,11~12년,7500
2023,전체,특수차,중형,11~12년,2442
2023,전체,특수차,대형,11~12년,9587
2023,비사업용,합계,합계,11~12년,1521124
2023,비사업용,합계,경형,11~12년,160752
2023,비사업용,합계,소형,11~12년,258133
2023,비사업용,합계,중형,11~12년,821936
2023,비사업용,합계,대형,11~12년,280303
2023,비사업용,승용차,합계,11~12년,1030065
2023,비사업용,승용차,경형,11~12년,151781
2023,비사업용,승용차,소형,11~12년,6454
2023,비사업용,승용차,중형,11~12년,615858
2023,비사업용,승용차,대형,11~12년,255972
2023,비사업용,승합차,합계,11~12년,176220
2023,비사업용,승합차,경형,11~12년,1977
2023,비사업용,승합차,소형,11~12년,3
2023,비사업용,승합차,중형,11~12년,170687
2023,비사업용,승합차,대형,11~12년,3553
2023,비사업용,화물차,합계,11~12년,308909
2023,비사업용,화물차,경형,11~12년,6969
2023,비사업용,화물차,소형,11~12년,247098
2023,비사업용,화물차,중형,11~12년,34710
2023,비사업용,화물차,대형,11~12년,20132
2023,비사업용,특수차,합계,11~12년,5930
2023,비사업용,특수차,경형,11~12년,25
2023,비사업용,특수차,소형,11~12년,4578
2023,비사업용,특수차,중형,11~12년,681
2023,비사업용,특수차,대형,11~12년,646
2023,사업용,합계,합계,11~12년,77964
2023,사업용,합계,경형,11~12년,255
2023,사업용,합계,소형,11~12년,12693
2023,사업용,합계,중형,11~12년,15662
2023,사업용,합계,대형,11~12년,49354
2023,사업용,승용차,합계,11~12년,116
2023,사업용,승용차,경형,11~12년,0
2023,사업용,승용차,소형,11~12년,0
2023,사업용,승용차,중형,11~12년,6
2023,사업용,승용차,대형,11~12년,110
2023,사업용,승합차,합계,11~12년,6234
2023,사업용,승합차,경형,11~12년,0
2023,사업용,승합차,소형,11~12년,0
2023,사업용,승합차,중형,11~12년,1967
2023,사업용,승합차,대형,11~12년,4267
2023,사업용,화물차,합계,11~12년,57990
2023,사업용,화물차,경형,11~12년,255
2023,사업용,화물차,소형,11~12년,9771
2023,사업용,화물차,중형,11~12년,11928
2023,사업용,화물차,대형,11~12년,36036
2023,사업용,특수차,합계,11~12년,13624
2023,사업용,특수차,경형,11~12년,0
2023,사업용,특수차,소형,11~12년,2922
2023,사업용,특수차,중형,11~12년,1761
2023,사업용,특수차,대형,11~12년,8941
2023,전체,합계,합계,13~14년,1438195
2023,전체,합계,경형,13~14년,125668
2023,전체,합계,소형,13~14년,234499
2023,전체,합계,중형,13~14년,750714
2023,전체,합계,대형,13~14년,327314
2023,전체,승용차,합계,13~14년,966960
2023,전체,승용차,경형,13~14년,120853
2023,전체,승용차,소형,13~14년,14851
2023,전체,승용차,중형,13~14년,571608
2023,전체,승용차,대형,13~14년,259648
2023,전체,승합차,합계,13~14년,139138
2023,전체,승합차,경형,13~14년,1046
2023,전체,승합차,소형,13~14년,1
2023,전체,승합차,중형,13~14년,133780
2023,전체,승합차,대형,13~14년,4311
2023,전체,화물차,합계,13~14년,319511
2023,전체,화물차,경형,13~14년,3762
2023,전체,화물차,소형,13~14년,215700
2023,전체,화물차,중형,13~14년,43605
2023,전체,화물차,대형,13~14년,56444
2023,전체,특수차,합계,13~14년,12586
2023,전체,특수차,경형,13~14년,7
2023,전체,특수차,소형,13~14년,3947
2023,전체,특수차,중형,13~14년,1721
2023,전체,특수차,대형,13~14년,6911
2023,비사업용,합계,합계,13~14년,1376451
2023,비사업용,합계,경형,13~14년,125553
2023,비사업용,합계,소형,13~14년,227334
2023,비사업용,합계,중형,13~14년,738252
2023,비사업용,합계,대형,13~14년,285312
2023,비사업용,승용차,합계,13~14년,966960
2023,비사업용,승용차,경형,13~14년,120853
2023,비사업용,승용차,소형,13~14년,14851
2023,비사업용,승용차,중형,13~14년,571608
2023,비사업용,승용차,대형,13~14년,259648
2023,비사업용,승합차,합계,13~14년,138897
2023,비사업용,승합차,경형,13~14년,1046
2023,비사업용,승합차,소형,13~14년,1
2023,비사업용,승합차,중형,13~14년,133692
2023,비사업용,승합차,대형,13~14년,4158
2023,비사업용,화물차,합계,13~14년,266699
2023,비사업용,화물차,경형,13~14년,3647
2023,비사업용,화물차,소형,13~14년,209848
2023,비사업용,화물차,중형,13~14년,32273
2023,비사업용,화물차,대형,13~14년,20931
2023,비사업용,특수차,합계,13~14년,3895
2023,비사업용,특수차,경형,13~14년,7
2023,비사업용,특수차,소형,13~14년,2634
2023,비사업용,특수차,중형,13~14년,679
2023,비사업용,특수차,대형,13~14년,575
2023,사업용,합계,합계,13~14년,61744
2023,사업용,합계,경형,13~14년,115
2023,사업용,합계,소형,13~14년,7165
2023,사업용,합계,중형,13~14년,12462
2023,사업용,합계,대형,13~14년,42002
2023,사업용,승용차,합계,13~14년,0
2023,사업용,승용차,경형,13~14년,0
2023,사업용,승용차,소형,13~14년,0
2023,사업용,승용차,중형,13~14년,0
2023,사업용,승용차,대형,13~14년,0
2023,사업용,승합차,합계,13~14년,241
2023,사업용,승합차,경형,13~14년,0
2023,사업용,승합차,소형,13~14년,0
2023,사업용,승합차,중형,13~14년,88
2023,사업용,승합차,대형,13~14년,153
2023,사업용,화물차,합계,13~14년,52812
2023,사업용,화물차,경형,13~14년,115
2023,사업용,화물차,소형,13~14년,5852
2023,사업용,화물차,중형,13~14년,11332
2023,사업용,화물차,대형,13~14년,35513
2023,사업용,특수차,합계,13~14년,8691
2023,사업용,특수차,경형,13~14년,0
2023,사업용,특수차,소형,13~14년,1313
2023,사업용,특수차,중형,13~14년,1042
2023,사업용,특수차,대형,13~14년,6336
2023,전체,합계,합계,15년 이상,2090193
2023,전체,합계,경형,15년 이상,90893
2023,전체,합계,소형,15년 이상,315572
2023,전체,합계,중형,15년 이상,1113522
2023,전체,합계,대형,15년 이상,570206
2023,전체,승용차,합계,15년 이상,1270180
2023,전체,승용차,경형,15년 이상,84965
2023,전체,승용차,소형,15년 이상,39876
2023,전체,승용차,중형,15년 이상,745571
2023,전체,승용차,대형,15년 이상,399768
2023,전체,승합차,합계,15년 이상,147645
2023,전체,승합차,경형,15년 이상,1239
2023,전체,승합차,소형,15년 이상,565
2023,전체,승합차,중형,15년 이상,141073
2023,전체,승합차,대형,15년 이상,4768
2023,전체,화물차,합계,15년 이상,647112
2023,전체,화물차,경형,15년 이상,4682
2023,전체,화물차,소형,15년 이상,271782
2023,전체,화물차,중형,15년 이상,220894
2023,전체,화물차,대형,15년 이상,149754
2023,전체,특수차,합계,15년 이상,25256
2023,전체,특수차,경형,15년 이상,7
2023,전체,특수차,소형,15년 이상,3349
2023,전체,특수차,중형,15년 이상,5984
2023,전체,특수차,대형,15년 이상,15916
2023,비사업용,합계,합계,15년 이상,1965001
2023,비사업용,합계,경형,15년 이상,90670
2023,비사업용,합계,소형,15년 이상,311561
2023,비사업용,합계,중형,15년 이상,1076779
2023,비사업용,합계,대형,15년 이상,485991
2023,비사업용,승용차,합계,15년 이상,1270180
2023,비사업용,승용차,경형,15년 이상,84965
2023,비사업용,승용차,소형,15년 이상,39876
2023,비사업용,승용차,중형,15년 이상,745571
2023,비사업용,승용차,대형,15년 이상,399768
2023,비사업용,승합차,합계,15년 이상,147645
2023,비사업용,승합차,경형,15년 이상,1239
2023,비사업용,승합차,소형,15년 이상,565
2023,비사업용,승합차,중형,15년 이상,141073
2023,비사업용,승합차,대형,15년 이상,4768
2023,비사업용,화물차,합계,15년 이상,539443
2023,비사업용,화물차,경형,15년 이상,4460
2023,비사업용,화물차,소형,15년 이상,268601
2023,비사업용,화물차,중형,15년 이상,186623
2023,비사업용,화물차,대형,15년 이상,79759
2023,비사업용,특수차,합계,15년 이상,7733
2023,비사업용,특수차,경형,15년 이상,6
2023,비사업용,특수차,소형,15년 이상,2519
2023,비사업용,특수차,중형,15년 이상,3512
2023,비사업용,특수차,대형,15년 이상,1696
2023,사업용,합계,합계,15년 이상,125192
2023,사업용,합계,경형,15년 이상,223
2023,사업용,합계,소형,15년 이상,4011
2023,사업용,합계,중형,15년 이상,36743
2023,사업용,합계,대형,15년 이상,84215
2023,사업용,승용차,합계,15년 이상,0
2023,사업용,승용차,경형,15년 이상,0
2023,사업용,승용차,소형,15년 이상,0
2023,사업용,승용차,중형,15년 이상,0
2023,사업용,승용차,대형,15년 이상,0
2023,사업용,승합차,합계,15년 이상,0
2023,사업용,승합차,경형,15년 이상,0
2023,사업용,승합차,소형,15년 이상,0
2023,사업용,승합차,중형,15년 이상,0
2023,사업용,승합차,대형,15년 이상,0
2023,사업용,화물차,합계,15년 이상,107669
2023,사업용,화물차,경형,15년 이상,222
2023,사업용,화물차,소형,15년 이상,3181
2023,사업용,화물차,중형,15년 이상,34271
2023,사업용,화물차,대형,15년 이상,69995
2023,사업용,특수차,합계,15년 이상,17523
2023,사업용,특수차,경형,15년 이상,1
2023,사업용,특수차,소형,15년 이상,830
2023,사업용,특수차,중형,15년 이상,2472
2023,사업용,특수차,대형,15년 이상,14220
2023,전체,합계,합계,기타,1
2023,전체,합계,경형,기타,0
2023,전체,합계,소형,기타,1
2023,전체,합계,중형,기타,0
2023,전체,합계,대형,기타,0
2023,전체,승용차,합계,기타,0
2023,전체,승용차,경형,기타,0
2023,전체,승용차,소형,기타,0
2023,전체,승용차,중형,기타,0
2023,전체,승용차,대형,기타,0
2023,전체,승합차,합계,기타,0
2023,전체,승합차,경형,기타,0
2023,전체,승합차,소형,기타,0
2023,전체,승합차,중형,기타,0
2023,전체,승합차,대형,기타,0
2023,전체,화물차,합계,기타,1
2023,전체,화물차,경형,기타,0
2023,전체,화물차,소형,기타,1
2023,전체,화물차,중형,기타,0
2023,전체,화물차,대형,기타,0
2023,전체,특수차,합계,기타,0
2023,전체,특수차,경형,기타,0
2023,전체,특수차,소형,기타,0
2023,전체,특수차,중형,기타,0
2023,전체,특수차,대형,기타,0
2023,비사업용,합계,합계,기타,1
2023,비사업용,합계,경형,기타,0
2023,비사업용,합계,소형,기타,1
2023,비사업용,합계,중형,기타,0
2023,비사업용,합계,대형,기타,0
2023,비사업용,승용차,합계,기타,0
2023,비사업용,승용차,경형,기타,0
2023,비사업용,승용차,소형,기타,0
2023,비사업용,승용차,중형,기타,0
2023,비사업용,승용차,대형,기타,0
2023,비사업용,승합차,합계,기타,0
2023,비사업용,승합차,경형,기타,0
2023,비사업용,승합차,소형,기타,0
2023,비사업용,승합차,중형,기타,0
2023,비사업용,승합차,대형,기타,0
2023,비사업용,화물차,합계,기타,1
2023,비사업용,화물차,경형,기타,0
2023,비사업용,화물차,소형,기타,1
2023,비사업용,화물차,중형,기타,0
2023,비사업용,화물차,대형,기타,0
2023,비사업용,특수차,합계,기타,0
2023,비사업용,특수차,경형,기타,0
2023,비사업용,특수차,소형,기타,0
2023,비사업용,특수차,중형,기타,0
2023,비사업용,특수차,대형,기타,0
2023,사업용,합계,합계,기타,0
2023,사업용,합계,경형,기타,0
2023,사업용,합계,소형,기타,0
2023,사업용,합계,중형,기타,0
2023,사업용,합계,대형,기타,0
2023,사업용,승용차,합계,기타,0
2023,사업용,승용차,경형,기타,0
2023,사업용,승용차,소형,기타,0
2023,사업용,승용차,중형,기타,0
2023,사업용,승용차,대형,기타,0
2023,사업용,승합차,합계,기타,0
2023,사업용,승합차,경형,기타,0
2023,사업용,승합차,소형,기타,0
2023,사업용,승합차,중형,기타,0
2023,사업용,승합차,대형,기타,0
2023,사업용,화물차,합계,기타,0
2023,사업용,화물차,경형,기타,0
2023,사업용,화물차,소형,기타,0
2023,사업용,화물차,중형,기타,0
2023,사업용,화물차,대형,기타,0
2023,사업용,특수차,합계,기타,0
2023,사업용,특수차,경형,기타,0
2023,사업용,특수차,소형,기타,0
2023,사업용,특수차,중형,기타,0
2023,사업용,특수차,대형,기타,0
2024,전체,합계,합계,4년 이하,3308184
2024,전체,합계,경형,4년 이하,157146
2024,전체,합계,소형,4년 이하,793340
2024,전체,합계,중형,4년 이하,1383188
2024,전체,합계,대형,4년 이하,974510
2024,전체,승용차,합계,4년 이하,2217602
2024,전체,승용차,경형,4년 이하,142679
2024,전체,승용차,소형,4년 이하,363
2024,전체,승용차,중형,4년 이하,1223855
2024,전체,승용차,대형,4년 이하,850705
2024,전체,승합차,합계,4년 이하,112947
2024,전체,승합차,경형,4년 이하,2242
2024,전체,승합차,소형,4년 이하,0
2024,전체,승합차,중형,4년 이하,83728
2024,전체,승합차,대형,4년 이하,26977
2024,전체,화물차,합계,4년 이하,930400
2024,전체,화물차,경형,4년 이하,12206
2024,전체,화물차,소형,4년 이하,765650
2024,전체,화물차,중형,4년 이하,68837
2024,전체,화물차,대형,4년 이하,83707
2024,전체,특수차,합계,4년 이하,47235
2024,전체,특수차,경형,4년 이하,19
2024,전체,특수차,소형,4년 이하,27327
2024,전체,특수차,중형,4년 이하,6768
2024,전체,특수차,대형,4년 이하,13121
2024,비사업용,합계,합계,4년 이하,2271348
2024,비사업용,합계,경형,4년 이하,97078
2024,비사업용,합계,소형,4년 이하,711475
2024,비사업용,합계,중형,4년 이하,894975
2024,비사업용,합계,대형,4년 이하,567820
2024,비사업용,승용차,합계,4년 이하,1406054
2024,비사업용,승용차,경형,4년 이하,86474
2024,비사업용,승용차,소형,4년 이하,353
2024,비사업용,승용차,중형,4년 이하,780971
2024,비사업용,승용차,대형,4년 이하,538256
2024,비사업용,승합차,합계,4년 이하,68214
2024,비사업용,승합차,경형,4년 이하,2190
2024,비사업용,승합차,소형,4년 이하,0
2024,비사업용,승합차,중형,4년 이하,63788
2024,비사업용,승합차,대형,4년 이하,2236
2024,비사업용,화물차,합계,4년 이하,770670
2024,비사업용,화물차,경형,4년 이하,8396
2024,비사업용,화물차,소형,4년 이하,687501
2024,비사업용,화물차,중형,4년 이하,48341
2024,비사업용,화물차,대형,4년 이하,26432
2024,비사업용,특수차,합계,4년 이하,26410
2024,비사업용,특수차,경형,4년 이하,18
2024,비사업용,특수차,소형,4년 이하,23621
2024,비사업용,특수차,중형,4년 이하,1875
2024,비사업용,특수차,대형,4년 이하,896
2024,사업용,합계,합계,4년 이하,1036836
2024,사업용,합계,경형,4년 이하,60068
2024,사업용,합계,소형,4년 이하,81865
2024,사업용,합계,중형,4년 이하,488213
2024,사업용,합계,대형,4년 이하,406690
2024,사업용,승용차,합계,4년 이하,811548
2024,사업용,승용차,경형,4년 이하,56205
2024,사업용,승용차,소형,4년 이하,10
2024,사업용,승용차,중형,4년 이하,442884
2024,사업용,승용차,대형,4년 이하,312449
2024,사업용,승합차,합계,4년 이하,44733
2024,사업용,승합차,경형,4년 이하,52
2024,사업용,승합차,소형,4년 이하,0
2024,사업용,승합차,중형,4년 이하,19940
2024,사업용,승합차,대형,4년 이하,24741
2024,사업용,화물차,합계,4년 이하,159730
2024,사업용,화물차,경형,4년 이하,3810
2024,사업용,화물차,소형,4년 이하,78149
2024,사업용,화물차,중형,4년 이하,20496
2024,사업용,화물차,대형,4년 이하,57275
2024,사업용,특수차,합계,4년 이하,20825
2024,사업용,특수차,경형,4년 이하,1
2024,사업용,특수차,소형,4년 이하,3706
2024,사업용,특수차,중형,4년 이하,4893
2024,사업용,특수차,대형,4년 이하,12225
2024,전체,합계,합계,5~6년,1013083
2024,전체,합계,경형,5~6년,64685
2024,전체,합계,소형,5~6년,206568
2024,전체,합계,중형,5~6년,471640
2024,전체,합계,대형,5~6년,270190
2024,전체,승용차,합계,5~6년,701980
2024,전체,승용차,경형,5~6년,58524
2024,전체,승용차,소형,5~6년,575
2024,전체,승용차,중형,5~6년,412060
2024,전체,승용차,대형,5~6년,230821
2024,전체,승합차,합계,5~6년,37887
2024,전체,승합차,경형,5~6년,1123
2024,전체,승합차,소형,5~6년,0
2024,전체,승합차,중형,5~6년,28513
2024,전체,승합차,대형,5~6년,8251
2024,전체,화물차,합계,5~6년,256362
2024,전체,화물차,경형,5~6년,5030
2024,전체,화물차,소형,5~6년,195870
2024,전체,화물차,중형,5~6년,28877
2024,전체,화물차,대형,5~6년,26585
2024,전체,특수차,합계,5~6년,16854
2024,전체,특수차,경형,5~6년,8
2024,전체,특수차,소형,5~6년,10123
2024,전체,특수차,중형,5~6년,2190
2024,전체,특수차,대형,5~6년,4533
2024,비사업용,합계,합계,5~6년,909606
2024,비사업용,합계,경형,5~6년,62322
2024,비사업용,합계,소형,5~6년,189323
2024,비사업용,합계,중형,5~6년,429561
2024,비사업용,합계,대형,5~6년,228400
2024,비사업용,승용차,합계,5~6년,656225
2024,비사업용,승용차,경형,5~6년,57362
2024,비사업용,승용차,소형,5~6년,575
2024,비사업용,승용차,중형,5~6년,382743
2024,비사업용,승용차,대형,5~6년,215545
2024,비사업용,승합차,합계,5~6년,27450
2024,비사업용,승합차,경형,5~6년,1117
2024,비사업용,승합차,소형,5~6년,0
2024,비사업용,승합차,중형,5~6년,24965
2024,비사업용,승합차,대형,5~6년,1368
2024,비사업용,화물차,합계,5~6년,216351
2024,비사업용,화물차,경형,5~6년,3835
2024,비사업용,화물차,소형,5~6년,180204
2024,비사업용,화물차,중형,5~6년,21326
2024,비사업용,화물차,대형,5~6년,10986
2024,비사업용,특수차,합계,5~6년,9580
2024,비사업용,특수차,경형,5~6년,8
2024,비사업용,특수차,소형,5~6년,8544
2024,비사업용,특수차,중형,5~6년,527
2024,비사업용,특수차,대형,5~6년,501
2024,사업용,합계,합계,5~6년,103477
2024,사업용,합계,경형,5~6년,2363
2024,사업용,합계,소형,5~6년,17245
2024,사업용,합계,중형,5~6년,42079
2024,사업용,합계,대형,5~6년,41790
2024,사업용,승용차,합계,5~6년,45755
2024,사업용,승용차,경형,5~6년,1162
2024,사업용,승용차,소형,5~6년,0
2024,사업용,승용차,중형,5~6년,29317
2024,사업용,승용차,대형,5~6년,15276
2024,사업용,승합차,합계,5~6년,10437
2024,사업용,승합차,경형,5~6년,6
2024,사업용,승합차,소형,5~6년,0
2024,사업용,승합차,중형,5~6년,3548
2024,사업용,승합차,대형,5~6년,6883
2024,사업용,화물차,합계,5~6년,40011
2024,사업용,화물차,경형,5~6년,1195
2024,사업용,화물차,소형,5~6년,15666
2024,사업용,화물차,중형,5~6년,7551
2024,사업용,화물차,대형,5~6년,15599
2024,사업용,특수차,합계,5~6년,7274
2024,사업용,특수차,경형,5~6년,0
2024,사업용,특수차,소형,5~6년,1579
2024,사업용,특수차,중형,5~6년,1663
2024,사업용,특수차,대형,5~6년,4032
2024,전체,합계,합계,7~8년,2014368
2024,전체,합계,경형,7~8년,148646
2024,전체,합계,소형,7~8년,380232
2024,전체,합계,중형,7~8년,945322
2024,전체,합계,대형,7~8년,540168
2024,전체,승용차,합계,7~8년,1406446
2024,전체,승용차,경형,7~8년,136033
2024,전체,승용차,소형,7~8년,1025
2024,전체,승용차,중형,7~8년,823667
2024,전체,승용차,대형,7~8년,445721
2024,전체,승합차,합계,7~8년,77325
2024,전체,승합차,경형,7~8년,2371
2024,전체,승합차,소형,7~8년,2
2024,전체,승합차,중형,7~8년,58667
2024,전체,승합차,대형,7~8년,16285
2024,전체,화물차,합계,7~8년,497177
2024,전체,화물차,경형,7~8년,10200
2024,전체,화물차,소형,7~8년,362475
2024,전체,화물차,중형,7~8년,56885
2024,전체,화물차,대형,7~8년,67617
2024,전체,특수차,합계,7~8년,33420
2024,전체,특수차,경형,7~8년,42
2024,전체,특수차,소형,7~8년,16730
2024,전체,특수차,중형,7~8년,6103
2024,전체,특수차,대형,7~8년,10545
2024,비사업용,합계,합계,7~8년,1859792
2024,비사업용,합계,경형,7~8년,147130
2024,비사업용,합계,소형,7~8년,349767
2024,비사업용,합계,중형,7~8년,901939
2024,비사업용,합계,대형,7~8년,460956
2024,비사업용,승용차,합계,7~8년,1373688
2024,비사업용,승용차,경형,7~8년,135976
2024,비사업용,승용차,소형,7~8년,1025
2024,비사업용,승용차,중형,7~8년,804569
2024,비사업용,승용차,대형,7~8년,432118
2024,비사업용,승합차,합계,7~8년,58080
2024,비사업용,승합차,경형,7~8년,2358
2024,비사업용,승합차,소형,7~8년,2
2024,비사업용,승합차,중형,7~8년,53286
2024,비사업용,승합차,대형,7~8년,2434
2024,비사업용,화물차,합계,7~8년,412689
2024,비사업용,화물차,경형,7~8년,8754
2024,비사업용,화물차,소형,7~8년,335852
2024,비사업용,화물차,중형,7~8년,42687
2024,비사업용,화물차,대형,7~8년,25396
2024,비사업용,특수차,합계,7~8년,15335
2024,비사업용,특수차,경형,7~8년,42
2024,비사업용,특수차,소형,7~8년,12888
2024,비사업용,특수차,중형,7~8년,1397
2024,비사업용,특수차,대형,7~8년,1008
2024,사업용,합계,합계,7~8년,154576
2024,사업용,합계,경형,7~8년,1516
2024,사업용,합계,소형,7~8년,30465
2024,사업용,합계,중형,7~8년,43383
2024,사업용,합계,대형,7~8년,79212
2024,사업용,승용차,합계,7~8년,32758
2024,사업용,승용차,경형,7~8년,57
2024,사업용,승용차,소형,7~8년,0
2024,사업용,승용차,중형,7~8년,19098
2024,사업용,승용차,대형,7~8년,13603
2024,사업용,승합차,합계,7~8년,19245
2024,사업용,승합차,경형,7~8년,13
2024,사업용,승합차,소형,7~8년,0
2024,사업용,승합차,중형,7~8년,5381
2024,사업용,승합차,대형,7~8년,13851
2024,사업용,화물차,합계,7~8년,84488
2024,사업용,화물차,경형,7~8년,1446
2024,사업용,화물차,소형,7~8년,26623
2024,사업용,화물차,중형,7~8년,14198
2024,사업용,화물차,대형,7~8년,42221
2024,사업용,특수차,합계,7~8년,18085
2024,사업용,특수차,경형,7~8년,0
2024,사업용,특수차,소형,7~8년,3842
2024,사업용,특수차,중형,7~8년,4706
2024,사업용,특수차,대형,7~8년,9537
2024,전체,합계,합계,9~10년,1918489
2024,전체,합계,경형,9~10년,169150
2024,전체,합계,소형,9~10년,350115
2024,전체,합계,중형,9~10년,940727
2024,전체,합계,대형,9~10년,458497
2024,전체,승용차,합계,9~10년,1281073
2024,전체,승용차,경형,9~10년,156873
2024,전체,승용차,소형,9~10년,1805
2024,전체,승용차,중형,9~10년,755378
2024,전체,승용차,대형,9~10년,367017
2024,전체,승합차,합계,9~10년,150443
2024,전체,승합차,경형,9~10년,2453
2024,전체,승합차,소형,9~10년,5
2024,전체,승합차,중형,9~10년,125482
2024,전체,승합차,대형,9~10년,22503
2024,전체,화물차,합계,9~10년,459284
2024,전체,화물차,경형,9~10년,9804
2024,전체,화물차,소형,9~10년,335651
2024,전체,화물차,중형,9~10년,55090
2024,전체,화물차,대형,9~10년,58739
2024,전체,특수차,합계,9~10년,27689
2024,전체,특수차,경형,9~10년,20
2024,전체,특수차,소형,9~10년,12654
2024,전체,특수차,중형,9~10년,4777
2024,전체,특수차,대형,9~10년,10238
2024,비사업용,합계,합계,9~10년,1796666
2024,비사업용,합계,경형,9~10년,168443
2024,비사업용,합계,소형,9~10년,325596
2024,비사업용,합계,중형,9~10년,912613
2024,비사업용,합계,대형,9~10년,390014
2024,비사업용,승용차,합계,9~10년,1276683
2024,비사업용,승용차,경형,9~10년,156873
2024,비사업용,승용차,소형,9~10년,1805
2024,비사업용,승용차,중형,9~10년,753129
2024,비사업용,승용차,대형,9~10년,364876
2024,비사업용,승합차,합계,9~10년,124739
2024,비사업용,승합차,경형,9~10년,2451
2024,비사업용,승합차,소형,9~10년,5
2024,비사업용,승합차,중형,9~10년,117710
2024,비사업용,승합차,대형,9~10년,4573
2024,비사업용,화물차,합계,9~10년,385460
2024,비사업용,화물차,경형,9~10년,9099
2024,비사업용,화물차,소형,9~10년,315839
2024,비사업용,화물차,중형,9~10년,40787
2024,비사업용,화물차,대형,9~10년,19735
2024,비사업용,특수차,합계,9~10년,9784
2024,비사업용,특수차,경형,9~10년,20
2024,비사업용,특수차,소형,9~10년,7947
2024,비사업용,특수차,중형,9~10년,987
2024,비사업용,특수차,대형,9~10년,830
2024,사업용,합계,합계,9~10년,121823
2024,사업용,합계,경형,9~10년,707
2024,사업용,합계,소형,9~10년,24519
2024,사업용,합계,중형,9~10년,28114
2024,사업용,합계,대형,9~10년,68483
2024,사업용,승용차,합계,9~10년,4390
2024,사업용,승용차,경형,9~10년,0
2024,사업용,승용차,소형,9~10년,0
2024,사업용,승용차,중형,9~10년,2249
2024,사업용,승용차,대형,9~10년,2141
2024,사업용,승합차,합계,9~10년,25704
2024,사업용,승합차,경형,9~10년,2
2024,사업용,승합차,소형,9~10년,0
2024,사업용,승합차,중형,9~10년,7772
2024,사업용,승합차,대형,9~10년,17930
2024,사업용,화물차,합계,9~10년,73824
2024,사업용,화물차,경형,9~10년,705
2024,사업용,화물차,소형,9~10년,19812
2024,사업용,화물차,중형,9~10년,14303
2024,사업용,화물차,대형,9~10년,39004
2024,사업용,특수차,합계,9~10년,17905
2024,사업용,특수차,경형,9~10년,0
2024,사업용,특수차,소형,9~10년,4707
2024,사업용,특수차,중형,9~10년,3790
2024,사업용,특수차,대형,9~10년,9408
2024,전체,합계,합계,11~12년,1680662
2024,전체,합계,경형,11~12년,173145
2024,전체,합계,소형,11~12년,290675
2024,전체,합계,중형,11~12년,872943
2024,전체,합계,대형,11~12년,343899
2024,전체,승용차,합계,11~12년,1090464
2024,전체,승용차,경형,11~12년,162856
2024,전체,승용차,소형,11~12년,2735
2024,전체,승용차,중형,11~12년,652600
2024,전체,승용차,대형,11~12년,272273
2024,전체,승합차,합계,11~12년,178067
2024,전체,승합차,경형,11~12년,2048
2024,전체,승합차,소형,11~12년,1
2024,전체,승합차,중형,11~12년,166976
2024,전체,승합차,대형,11~12년,9042
2024,전체,화물차,합계,11~12년,392351
2024,전체,화물차,경형,11~12년,8209
2024,전체,화물차,소형,11~12년,279589
2024,전체,화물차,중형,11~12년,51057
2024,전체,화물차,대형,11~12년,53496
2024,전체,특수차,합계,11~12년,19780
2024,전체,특수차,경형,11~12년,32
2024,전체,특수차,소형,11~12년,8350
2024,전체,특수차,중형,11~12년,2310
2024,전체,특수차,대형,11~12년,9088
2024,비사업용,합계,합계,11~12년,1599740
2024,비사업용,합계,경형,11~12년,172830
2024,비사업용,합계,소형,11~12년,276648
2024,비사업용,합계,중형,11~12년,854999
2024,비사업용,합계,대형,11~12년,295263
2024,비사업용,승용차,합계,11~12년,1090221
2024,비사업용,승용차,경형,11~12년,162856
2024,비사업용,승용차,소형,11~12년,2735
2024,비사업용,승용차,중형,11~12년,652556
2024,비사업용,승용차,대형,11~12년,272074
2024,비사업용,승합차,합계,11~12년,169836
2024,비사업용,승합차,경형,11~12년,2047
2024,비사업용,승합차,소형,11~12년,1
2024,비사업용,승합차,중형,11~12년,164137
2024,비사업용,승합차,대형,11~12년,3651
2024,비사업용,화물차,합계,11~12년,333046
2024,비사업용,화물차,경형,11~12년,7895
2024,비사업용,화물차,소형,11~12년,268504
2024,비사업용,화물차,중형,11~12년,37687
2024,비사업용,화물차,대형,11~12년,18960
2024,비사업용,특수차,합계,11~12년,6637
2024,비사업용,특수차,경형,11~12년,32
2024,비사업용,특수차,소형,11~12년,5408
2024,비사업용,특수차,중형,11~12년,619
2024,비사업용,특수차,대형,11~12년,578
2024,사업용,합계,합계,11~12년,80922
2024,사업용,합계,경형,11~12년,315
2024,사업용,합계,소형,11~12년,14027
2024,사업용,합계,중형,11~12년,17944
2024,사업용,합계,대형,11~12년,48636
2024,사업용,승용차,합계,11~12년,243
2024,사업용,승용차,경형,11~12년,0
2024,사업용,승용차,소형,11~12년,0
2024,사업용,승용차,중형,11~12년,44
2024,사업용,승용차,대형,11~12년,199
2024,사업용,승합차,합계,11~12년,8231
2024,사업용,승합차,경형,11~12년,1
2024,사업용,승합차,소형,11~12년,0
2024,사업용,승합차,중형,11~12년,2839
2024,사업용,승합차,대형,11~12년,5391
2024,사업용,화물차,합계,11~12년,59305
2024,사업용,화물차,경형,11~12년,314
2024,사업용,화물차,소형,11~12년,11085
2024,사업용,화물차,중형,11~12년,13370
2024,사업용,화물차,대형,11~12년,34536
2024,사업용,특수차,합계,11~12년,13143
2024,사업용,특수차,경형,11~12년,0
2024,사업용,특수차,소형,11~12년,2942
2024,사업용,특수차,중형,11~12년,1691
2024,사업용,특수차,대형,11~12년,8510
2024,전체,합계,합계,13~14년,1429061
2024,전체,합계,경형,13~14년,150020
2024,전체,합계,소형,13~14년,232478
2024,전체,합계,중형,13~14년,753069
2024,전체,합계,대형,13~14년,293494
2024,전체,승용차,합계,13~14년,941532
2024,전체,승용차,경형,13~14년,144811
2024,전체,승용차,소형,13~14년,6759
2024,전체,승용차,중형,13~14년,570184
2024,전체,승용차,대형,13~14년,219778
2024,전체,승합차,합계,13~14년,143623
2024,전체,승합차,경형,13~14년,1074
2024,전체,승합차,소형,13~14년,3
2024,전체,승합차,중형,13~14년,137998
2024,전체,승합차,대형,13~14년,4548
2024,전체,화물차,합계,13~14년,327217
2024,전체,화물차,경형,13~14년,4121
2024,전체,화물차,소형,13~14년,219506
2024,전체,화물차,중형,13~14년,42817
2024,전체,화물차,대형,13~14년,60773
2024,전체,특수차,합계,13~14년,16689
2024,전체,특수차,경형,13~14년,14
2024,전체,특수차,소형,13~14년,6210
2024,전체,특수차,중형,13~14년,2070
2024,전체,특수차,대형,13~14년,8395
2024,비사업용,합계,합계,13~14년,1362186
2024,비사업용,합계,경형,13~14년,149914
2024,비사업용,합계,소형,13~14년,224116
2024,비사업용,합계,중형,13~14년,740754
2024,비사업용,합계,대형,13~14년,247402
2024,비사업용,승용차,합계,13~14년,941531
2024,비사업용,승용차,경형,13~14년,144811
2024,비사업용,승용차,소형,13~14년,6759
2024,비사업용,승용차,중형,13~14년,570184
2024,비사업용,승용차,대형,13~14년,219777
2024,비사업용,승합차,합계,13~14년,143323
2024,비사업용,승합차,경형,13~14년,1074
2024,비사업용,승합차,소형,13~14년,3
2024,비사업용,승합차,중형,13~14년,137899
2024,비사업용,승합차,대형,13~14년,4347
2024,비사업용,화물차,합계,13~14년,271871
2024,비사업용,화물차,경형,13~14년,4015
2024,비사업용,화물차,소형,13~14년,213277
2024,비사업용,화물차,중형,13~14년,32014
2024,비사업용,화물차,대형,13~14년,22565
2024,비사업용,특수차,합계,13~14년,5461
2024,비사업용,특수차,경형,13~14년,14
2024,비사업용,특수차,소형,13~14년,4077
2024,비사업용,특수차,중형,13~14년,657
2024,비사업용,특수차,대형,13~14년,713
2024,사업용,합계,합계,13~14년,66875
2024,사업용,합계,경형,13~14년,106
2024,사업용,합계,소형,13~14년,8362
2024,사업용,합계,중형,13~14년,12315
2024,사업용,합계,대형,13~14년,46092
2024,사업용,승용차,합계,13~14년,1
2024,사업용,승용차,경형,13~14년,0
2024,사업용,승용차,소형,13~14년,0
2024,사업용,승용차,중형,13~14년,0
2024,사업용,승용차,대형,13~14년,1
2024,사업용,승합차,합계,13~14년,300
2024,사업용,승합차,경형,13~14년,0
2024,사업용,승합차,소형,13~14년,0
2024,사업용,승합차,중형,13~14년,99
2024,사업용,승합차,대형,13~14년,201
2024,사업용,화물차,합계,13~14년,55346
2024,사업용,화물차,경형,13~14년,106
2024,사업용,화물차,소형,13~14년,6229
2024,사업용,화물차,중형,13~14년,10803
2024,사업용,화물차,대형,13~14년,38208
2024,사업용,특수차,합계,13~14년,11228
2024,사업용,특수차,경형,13~14년,0
2024,사업용,특수차,소형,13~14년,2133
2024,사업용,특수차,중형,13~14년,1413
2024,사업용,특수차,대형,13~14년,7682
2024,전체,합계,합계,15년 이상,2257966
2024,전체,합계,경형,15년 이상,136633
2024,전체,합계,소형,15년 이상,344746
2024,전체,합계,중형,15년 이상,1178310
2024,전체,합계,대형,15년 이상,598277
2024,전체,승용차,합계,15년 이상,1388489
2024,전체,승용차,경형,15년 이상,130108
2024,전체,승용차,소형,15년 이상,38095
2024,전체,승용차,중형,15년 이상,803846
2024,전체,승용차,대형,15년 이상,416440
2024,전체,승합차,합계,15년 이상,167771
2024,전체,승합차,경형,15년 이상,1326
2024,전체,승합차,소형,15년 이상,184
2024,전체,승합차,중형,15년 이상,160698
2024,전체,승합차,대형,15년 이상,5563
2024,전체,화물차,합계,15년 이상,675992
2024,전체,화물차,경형,15년 이상,5186
2024,전체,화물차,소형,15년 이상,301791
2024,전체,화물차,중형,15년 이상,208118
2024,전체,화물차,대형,15년 이상,160897
2024,전체,특수차,합계,15년 이상,25714
2024,전체,특수차,경형,15년 이상,13
2024,전체,특수차,소형,15년 이상,4676
2024,전체,특수차,중형,15년 이상,5648
2024,전체,특수차,대형,15년 이상,15377
2024,비사업용,합계,합계,15년 이상,2127582
2024,비사업용,합계,경형,15년 이상,136422
2024,비사업용,합계,소형,15년 이상,339728
2024,비사업용,합계,중형,15년 이상,1142123
2024,비사업용,합계,대형,15년 이상,509309
2024,비사업용,승용차,합계,15년 이상,1388489
2024,비사업용,승용차,경형,15년 이상,130108
2024,비사업용,승용차,소형,15년 이상,38095
2024,비사업용,승용차,중형,15년 이상,803846
2024,비사업용,승용차,대형,15년 이상,416440
2024,비사업용,승합차,합계,15년 이상,167769
2024,비사업용,승합차,경형,15년 이상,1326
2024,비사업용,승합차,소형,15년 이상,184
2024,비사업용,승합차,중형,15년 이상,160696
2024,비사업용,승합차,대형,15년 이상,5563
2024,비사업용,화물차,합계,15년 이상,562922
2024,비사업용,화물차,경형,15년 이상,4975
2024,비사업용,화물차,소형,15년 이상,297940
2024,비사업용,화물차,중형,15년 이상,174383
2024,비사업용,화물차,대형,15년 이상,85624
2024,비사업용,특수차,합계,15년 이상,8402
2024,비사업용,특수차,경형,15년 이상,13
2024,비사업용,특수차,소형,15년 이상,3509
2024,비사업용,특수차,중형,15년 이상,3198
2024,비사업용,특수차,대형,15년 이상,1682
2024,사업용,합계,합계,15년 이상,130384
2024,사업용,합계,경형,15년 이상,211
2024,사업용,합계,소형,15년 이상,5018
2024,사업용,합계,중형,15년 이상,36187
2024,사업용,합계,대형,15년 이상,88968
2024,사업용,승용차,합계,15년 이상,0
2024,사업용,승용차,경형,15년 이상,0
2024,사업용,승용차,소형,15년 이상,0
2024,사업용,승용차,중형,15년 이상,0
2024,사업용,승용차,대형,15년 이상,0
2024,사업용,승합차,합계,15년 이상,2
2024,사업용,승합차,경형,15년 이상,0
2024,사업용,승합차,소형,15년 이상,0
2024,사업용,승합차,중형,15년 이상,2
2024,사업용,승합차,대형,15년 이상,0
2024,사업용,화물차,합계,15년 이상,113070
2024,사업용,화물차,경형,15년 이상,211
2024,사업용,화물차,소형,15년 이상,3851
2024,사업용,화물차,중형,15년 이상,33735
2024,사업용,화물차,대형,15년 이상,75273
2024,사업용,특수차,합계,15년 이상,17312
2024,사업용,특수차,경형,15년 이상,0
2024,사업용,특수차,소형,15년 이상,1167
2024,사업용,특수차,중형,15년 이상,2450
2024,사업용,특수차,대형,15년 이상,13695
2024,전체,합계,합계,기타,4
2024,전체,합계,경형,기타,0
2024,전체,합계,소형,기타,1
2024,전체,합계,중형,기타,3
2024,전체,합계,대형,기타,0
2024,전체,승용차,합계,기타,3
2024,전체,승용차,경형,기타,0
2024,전체,승용차,소형,기타,0
2024,전체,승용차,중형,기타,3
2024,전체,승용차,대형,기타,0
2024,전체,승합차,합계,기타,0
2024,전체,승합차,경형,기타,0
2024,전체,승합차,소형,기타,0
2024,전체,승합차,중형,기타,0
2024,전체,승합차,대형,기타,0
2024,전체,화물차,합계,기타,1
2024,전체,화물차,경형,기타,0
2024,전체,화물차,소형,기타,1
2024,전체,화물차,중형,기타,0
2024,전체,화물차,대형,기타,0
2024,전체,특수차,합계,기타,0
2024,전체,특수차,경형,기타,0
2024,전체,특수차,소형,기타,0
2024,전체,특수차,중형,기타,0
2024,전체,특수차,대형,기타,0
2024,비사업용,합계,합계,기타,4
2024,비사업용,합계,경형,기타,0
2024,비사업용,합계,소형,기타,1
2024,비사업용,합계,중형,기타,3
2024,비사업용,합계,대형,기타,0
2024,비사업용,승용차,합계,기타,3
2024,비사업용,승용차,경형,기타,0
2024,비사업용,승용차,소형,기타,0
2024,비사업용,승용차,중형,기타,3
2024,비사업용,승용차,대형,기타,0
2024,비사업용,승합차,합계,기타,0
2024,비사업용,승합차,경형,기타,0
2024,비사업용,승합차,소형,기타,0
2024,비사업용,승합차,중형,기타,0
2024,비사업용,승합차,대형,기타,0
2024,비사업용,화물차,합계,기타,1
2024,비사업용,화물차,경형,기타,0
2024,비사업용,화물차,소형,기타,1
2024,비사업용,화물차,중형,기타,0
2024,비사업용,화물차,대형,기타,0
2024,비사업용,특수차,합계,기타,0
2024,비사업용,특수차,경형,기타,0
2024,비사업용,특수차,소형,기타,0
2024,비사업용,특수차,중형,기타,0
2024,비사업용,특수차,대형,기타,0
2024,사업용,합계,합계,기타,0
2024,사업용,합계,경형,기타,0
2024,사업용,합계,소형,기타,0
2024,사업용,합계,중형,기타,0
2024,사업용,합계,대형,기타,0
2024,사업용,승용차,합계,기타,0
2024,사업용,승용차,경형,기타,0
2024,사업용,승용차,소형,기타,0
2024,사업용,승용차,중형,기타,0
2024,사업용,승용차,대형,기타,0
2024,사업용,승합차,합계,기타,0
2024,사업용,승합차,경형,기타,0
2024,사업용,승합차,소형,기타,0
2024,사업용,승합차,중형,기타,0
2024,사업용,승합차,대형,기타,0
2024,사업용,화물차,합계,기타,0
2024,사업용,화물차,경형,기타,0
2024,사업용,화물차,소형,기타,0
2024,사업용,화물차,중형,기타,0
2024,사업용,화물차,대형,기타,0
2024,사업용,특수차,합계,기타,0
2024,사업용,특수차,경형,기타,0
2024,사업용,특수차,소형,기타,0
2024,사업용,특수차,중형,기타,0
2024,사업용,특수차,대형,기타,0
