연도,용도,차종,규모,구간,검사대수
2015,전체,합계,합계,5만km 미만,1719712
2015,전체,합계,경형,5만km 미만,214336
2015,전체,합계,소형,5만km 미만,476312
2015,전체,합계,중형,5만km 미만,762962
2015,전체,합계,대형,5만km 미만,266102
2015,전체,승용차,합계,5만km 미만,941142
2015,전체,승용차,경형,5만km 미만,181046
2015,전체,승용차,소형,5만km 미만,31497
2015,전체,승용차,중형,5만km 미만,542244
2015,전체,승용차,대형,5만km 미만,186355
2015,전체,승합차,합계,5만km 미만,165009
2015,전체,승합차,경형,5만km 미만,9271
2015,전체,승합차,소형,5만km 미만,361
2015,전체,승합차,중형,5만km 미만,147771
2015,전체,승합차,대형,5만km 미만,7606
2015,전체,화물차,합계,5만km 미만,595126
2015,전체,화물차,경형,5만km 미만,23992
2015,전체,화물차,소형,5만km 미만,438507
2015,전체,화물차,중형,5만km 미만,66605
2015,전체,화물차,대형,5만km 미만,66022
2015,전체,특수차,합계,5만km 미만,18435
2015,전체,특수차,경형,5만km 미만,27
2015,전체,특수차,소형,5만km 미만,5947
2015,전체,특수차,중형,5만km 미만,6342
2015,전체,특수차,대형,5만km 미만,6119
2015,비사업용,합계,합계,5만km 미만,1564988
2015,비사업용,합계,경형,5만km 미만,202243
2015,비사업용,합계,소형,5만km 미만,458462
2015,비사업용,합계,중형,5만km 미만,696893
2015,비사업용,합계,대형,5만km 미만,207390
2015,비사업용,승용차,합계,5만km 미만,867576
2015,비사업용,승용차,경형,5만km 미만,171239
2015,비사업용,승용차,소형,5만km 미만,31425
2015,비사업용,승용차,중형,5만km 미만,498187
2015,비사업용,승용차,대형,5만km 미만,166725
2015,비사업용,승합차,합계,5만km 미만,148667
2015,비사업용,승합차,경형,5만km 미만,8834
2015,비사업용,승합차,소형,5만km 미만,361
2015,비사업용,승합차,중형,5만km 미만,135396
2015,비사업용,승합차,대형,5만km 미만,4076
2015,비사업용,화물차,합계,5만km 미만,540394
2015,비사업용,화물차,경형,5만km 미만,22143
2015,비사업용,화물차,소형,5만km 미만,423761
2015,비사업용,화물차,중형,5만km 미만,59776
2015,비사업용,화물차,대형,5만km 미만,34714
2015,비사업용,특수차,합계,5만km 미만,8351
2015,비사업용,특수차,경형,5만km 미만,27
2015,비사업용,특수차,소형,5만km 미만,2915
2015,비사업용,특수차,중형,5만km 미만,3534
2015,비사업용,특수차,대형,5만km 미만,1875
2015,사업용,합계,합계,5만km 미만,154724
2015,사업용,합계,경형,5만km 미만,12093
2015,사업용,합계,소형,5만km 미만,17850
2015,사업용,합계,중형,5만km 미만,66069
2015,사업용,합계,대형,5만km 미만,58712
2015,사업용,승용차,합계,5만km 미만,73566
2015,사업용,승용차,경형,5만km 미만,9807
2015,사업용,승용차,소형,5만km 미만,72
2015,사업용,승용차,중형,5만km 미만,44057
2015,사업용,승용차,대형,5만km 미만,19630
2015,사업용,승합차,합계,5만km 미만,16342
2015,사업용,승합차,경형,5만km 미만,437
2015,사업용,승합차,소형,5만km 미만,0
2015,사업용,승합차,중형,5만km 미만,12375
2015,사업용,승합차,대형,5만km 미만,3530
2015,사업용,화물차,합계,5만km 미만,54732
2015,사업용,화물차,경형,5만km 미만,1849
2015,사업용,화물차,소형,5만km 미만,14746
2015,사업용,화물차,중형,5만km 미만,6829
2015,사업용,화물차,대형,5만km 미만,31308
2015,사업용,특수차,합계,5만km 미만,10084
2015,사업용,특수차,경형,5만km 미만,0
2015,사업용,특수차,소형,5만km 미만,3032
2015,사업용,특수차,중형,5만km 미만,2808
2015,사업용,특수차,대형,5만km 미만,4244
2015,전체,합계,합계,5만km~10만km 미만,2713354
2015,전체,합계,경형,5만km~10만km 미만,243349
2015,전체,합계,소형,5만km~10만km 미만,492869
2015,전체,합계,중형,5만km~10만km 미만,1480560
2015,전체,합계,대형,5만km~10만km 미만,496576
2015,전체,승용차,합계,5만km~10만km 미만,1893773
2015,전체,승용차,경형,5만km~10만km 미만,212455
2015,전체,승용차,소형,5만km~10만km 미만,78340
2015,전체,승용차,중형,5만km~10만km 미만,1166351
2015,전체,승용차,대형,5만km~10만km 미만,436627
2015,전체,승합차,합계,5만km~10만km 미만,221760
2015,전체,승합차,경형,5만km~10만km 미만,9222
2015,전체,승합차,소형,5만km~10만km 미만,759
2015,전체,승합차,중형,5만km~10만km 미만,201209
2015,전체,승합차,대형,5만km~10만km 미만,10570
2015,전체,화물차,합계,5만km~10만km 미만,584779
2015,전체,화물차,경형,5만km~10만km 미만,21671
2015,전체,화물차,소형,5만km~10만km 미만,410484
2015,전체,화물차,중형,5만km~10만km 미만,108327
2015,전체,화물차,대형,5만km~10만km 미만,44297
2015,전체,특수차,합계,5만km~10만km 미만,13042
2015,전체,특수차,경형,5만km~10만km 미만,1
2015,전체,특수차,소형,5만km~10만km 미만,3286
2015,전체,특수차,중형,5만km~10만km 미만,4673
2015,전체,특수차,대형,5만km~10만km 미만,5082
2015,비사업용,합계,합계,5만km~10만km 미만,2526272
2015,비사업용,합계,경형,5만km~10만km 미만,233906
2015,비사업용,합계,소형,5만km~10만km 미만,471633
2015,비사업용,합계,중형,5만km~10만km 미만,1382744
2015,비사업용,합계,대형,5만km~10만km 미만,437989
2015,비사업용,승용차,합계,5만km~10만km 미만,1781097
2015,비사업용,승용차,경형,5만km~10만km 미만,206361
2015,비사업용,승용차,소형,5만km~10만km 미만,78231
2015,비사업용,승용차,중형,5만km~10만km 미만,1092132
2015,비사업용,승용차,대형,5만km~10만km 미만,404373
2015,비사업용,승합차,합계,5만km~10만km 미만,204366
2015,비사업용,승합차,경형,5만km~10만km 미만,8978
2015,비사업용,승합차,소형,5만km~10만km 미만,758
2015,비사업용,승합차,중형,5만km~10만km 미만,190492
2015,비사업용,승합차,대형,5만km~10만km 미만,4138
2015,비사업용,화물차,합계,5만km~10만km 미만,537124
2015,비사업용,화물차,경형,5만km~10만km 미만,18566
2015,비사업용,화물차,소형,5만km~10만km 미만,391395
2015,비사업용,화물차,중형,5만km~10만km 미만,98334
2015,비사업용,화물차,대형,5만km~10만km 미만,28829
2015,비사업용,특수차,합계,5만km~10만km 미만,3685
2015,비사업용,특수차,경형,5만km~10만km 미만,1
2015,비사업용,특수차,소형,5만km~10만km 미만,1249
2015,비사업용,특수차,중형,5만km~10만km 미만,1786
2015,비사업용,특수차,대형,5만km~10만km 미만,649
2015,사업용,합계,합계,5만km~10만km 미만,187082
2015,사업용,합계,경형,5만km~10만km 미만,9443
2015,사업용,합계,소형,5만km~10만km 미만,21236
2015,사업용,합계,중형,5만km~10만km 미만,97816
2015,사업용,합계,대형,5만km~10만km 미만,58587
2015,사업용,승용차,합계,5만km~10만km 미만,112676
2015,사업용,승용차,경형,5만km~10만km 미만,6094
2015,사업용,승용차,소형,5만km~10만km 미만,109
2015,사업용,승용차,중형,5만km~10만km 미만,74219
2015,사업용,승용차,대형,5만km~10만km 미만,32254
2015,사업용,승합차,합계,5만km~10만km 미만,17394
2015,사업용,승합차,경형,5만km~10만km 미만,244
2015,사업용,승합차,소형,5만km~10만km 미만,1
2015,사업용,승합차,중형,5만km~10만km 미만,10717
2015,사업용,승합차,대형,5만km~10만km 미만,6432
2015,사업용,화물차,합계,5만km~10만km 미만,47655
2015,사업용,화물차,경형,5만km~10만km 미만,3105
2015,사업용,화물차,소형,5만km~10만km 미만,19089
2015,사업용,화물차,중형,5만km~10만km 미만,9993
2015,사업용,화물차,대형,5만km~10만km 미만,15468
2015,사업용,특수차,합계,5만km~10만km 미만,9357
2015,사업용,특수차,경형,5만km~10만km 미만,0
2015,사업용,특수차,소형,5만km~10만km 미만,2037
2015,사업용,특수차,중형,5만km~10만km 미만,2887
2015,사업용,특수차,대형,5만km~10만km 미만,4433
2015,전체,합계,합계,10만km~15만km 미만,2208774
2015,전체,합계,경형,10만km~15만km 미만,116243
2015,전체,합계,소형,10만km~15만km 미만,442526
2015,전체,합계,중형,10만km~15만km 미만,1225345
2015,전체,합계,대형,10만km~15만km 미만,424660
2015,전체,승용차,합계,10만km~15만km 미만,1434939
2015,전체,승용차,경형,10만km~15만km 미만,96895
2015,전체,승용차,소형,10만km~15만km 미만,81155
2015,전체,승용차,중형,10만km~15만km 미만,879385
2015,전체,승용차,대형,10만km~15만km 미만,377504
2015,전체,승합차,합계,10만km~15만km 미만,219589
2015,전체,승합차,경형,10만km~15만km 미만,5674
2015,전체,승합차,소형,10만km~15만km 미만,1432
2015,전체,승합차,중형,10만km~15만km 미만,203110
2015,전체,승합차,대형,10만km~15만km 미만,9373
2015,전체,화물차,합계,10만km~15만km 미만,544572
2015,전체,화물차,경형,10만km~15만km 미만,13674
2015,전체,화물차,소형,10만km~15만km 미만,358154
2015,전체,화물차,중형,10만km~15만km 미만,139423
2015,전체,화물차,대형,10만km~15만km 미만,33321
2015,전체,특수차,합계,10만km~15만km 미만,9674
2015,전체,특수차,경형,10만km~15만km 미만,0
2015,전체,특수차,소형,10만km~15만km 미만,1785
2015,전체,특수차,중형,10만km~15만km 미만,3427
2015,전체,특수차,대형,10만km~15만km 미만,4462
2015,비사업용,합계,합계,10만km~15만km 미만,2081325
2015,비사업용,합계,경형,10만km~15만km 미만,111929
2015,비사업용,합계,소형,10만km~15만km 미만,424855
2015,비사업용,합계,중형,10만km~15만km 미만,1157994
2015,비사업용,합계,대형,10만km~15만km 미만,386547
2015,비사업용,승용차,합계,10만km~15만km 미만,1372618
2015,비사업용,승용차,경형,10만km~15만km 미만,95625
2015,비사업용,승용차,소형,10만km~15만km 미만,81102
2015,비사업용,승용차,중형,10만km~15만km 미만,832258
2015,비사업용,승용차,대형,10만km~15만km 미만,363633
2015,비사업용,승합차,합계,10만km~15만km 미만,206489
2015,비사업용,승합차,경형,10만km~15만km 미만,5635
2015,비사업용,승합차,소형,10만km~15만km 미만,1432
2015,비사업용,승합차,중형,10만km~15만km 미만,195793
2015,비사업용,승합차,대형,10만km~15만km 미만,3629
2015,비사업용,화물차,합계,10만km~15만km 미만,499288
2015,비사업용,화물차,경형,10만km~15만km 미만,10669
2015,비사업용,화물차,소형,10만km~15만km 미만,341691
2015,비사업용,화물차,중형,10만km~15만km 미만,128152
2015,비사업용,화물차,대형,10만km~15만km 미만,18776
2015,비사업용,특수차,합계,10만km~15만km 미만,2930
2015,비사업용,특수차,경형,10만km~15만km 미만,0
2015,비사업용,특수차,소형,10만km~15만km 미만,630
2015,비사업용,특수차,중형,10만km~15만km 미만,1791
2015,비사업용,특수차,대형,10만km~15만km 미만,509
2015,사업용,합계,합계,10만km~15만km 미만,127449
2015,사업용,합계,경형,10만km~15만km 미만,4314
2015,사업용,합계,소형,10만km~15만km 미만,17671
2015,사업용,합계,중형,10만km~15만km 미만,67351
2015,사업용,합계,대형,10만km~15만km 미만,38113
2015,사업용,승용차,합계,10만km~15만km 미만,62321
2015,사업용,승용차,경형,10만km~15만km 미만,1270
2015,사업용,승용차,소형,10만km~15만km 미만,53
2015,사업용,승용차,중형,10만km~15만km 미만,47127
2015,사업용,승용차,대형,10만km~15만km 미만,13871
2015,사업용,승합차,합계,10만km~15만km 미만,13100
2015,사업용,승합차,경형,10만km~15만km 미만,39
2015,사업용,승합차,소형,10만km~15만km 미만,0
2015,사업용,승합차,중형,10만km~15만km 미만,7317
2015,사업용,승합차,대형,10만km~15만km 미만,5744
2015,사업용,화물차,합계,10만km~15만km 미만,45284
2015,사업용,화물차,경형,10만km~15만km 미만,3005
2015,사업용,화물차,소형,10만km~15만km 미만,16463
2015,사업용,화물차,중형,10만km~15만km 미만,11271
2015,사업용,화물차,대형,10만km~15만km 미만,14545
2015,사업용,특수차,합계,10만km~15만km 미만,6744
2015,사업용,특수차,경형,10만km~15만km 미만,0
2015,사업용,특수차,소형,10만km~15만km 미만,1155
2015,사업용,특수차,중형,10만km~15만km 미만,1636
2015,사업용,특수차,대형,10만km~15만km 미만,3953
2015,전체,합계,합계,15만km~20만km 미만,1604601
2015,전체,합계,경형,15만km~20만km 미만,43984
2015,전체,합계,소형,15만km~20만km 미만,364529
2015,전체,합계,중형,15만km~20만km 미만,871249
2015,전체,합계,대형,15만km~20만km 미만,324839
2015,전체,승용차,합계,15만km~20만km 미만,929494
2015,전체,승용차,경형,15만km~20만km 미만,34073
2015,전체,승용차,소형,15만km~20만km 미만,53748
2015,전체,승용차,중형,15만km~20만km 미만,558984
2015,전체,승용차,대형,15만km~20만km 미만,282689
2015,전체,승합차,합계,15만km~20만km 미만,179917
2015,전체,승합차,경형,15만km~20만km 미만,2786
2015,전체,승합차,소형,15만km~20만km 미만,2121
2015,전체,승합차,중형,15만km~20만km 미만,166661
2015,전체,승합차,대형,15만km~20만km 미만,8349
2015,전체,화물차,합계,15만km~20만km 미만,488061
2015,전체,화물차,경형,15만km~20만km 미만,7125
2015,전체,화물차,소형,15만km~20만km 미만,307212
2015,전체,화물차,중형,15만km~20만km 미만,143210
2015,전체,화물차,대형,15만km~20만km 미만,30514
2015,전체,특수차,합계,15만km~20만km 미만,7129
2015,전체,특수차,경형,15만km~20만km 미만,0
2015,전체,특수차,소형,15만km~20만km 미만,1448
2015,전체,특수차,중형,15만km~20만km 미만,2394
2015,전체,특수차,대형,15만km~20만km 미만,3287
2015,비사업용,합계,합계,15만km~20만km 미만,1510140
2015,비사업용,합계,경형,15만km~20만km 미만,41864
2015,비사업용,합계,소형,15만km~20만km 미만,350164
2015,비사업용,합계,중형,15만km~20만km 미만,822343
2015,비사업용,합계,대형,15만km~20만km 미만,295769
2015,비사업용,승용차,합계,15만km~20만km 미만,893507
2015,비사업용,승용차,경형,15만km~20만km 미만,33908
2015,비사업용,승용차,소형,15만km~20만km 미만,53737
2015,비사업용,승용차,중형,15만km~20만km 미만,529073
2015,비사업용,승용차,대형,15만km~20만km 미만,276789
2015,비사업용,승합차,합계,15만km~20만km 미만,167974
2015,비사업용,승합차,경형,15만km~20만km 미만,2785
2015,비사업용,승합차,소형,15만km~20만km 미만,2121
2015,비사업용,승합차,중형,15만km~20만km 미만,160688
2015,비사업용,승합차,대형,15만km~20만km 미만,2380
2015,비사업용,화물차,합계,15만km~20만km 미만,446444
2015,비사업용,화물차,경형,15만km~20만km 미만,5171
2015,비사업용,화물차,소형,15만km~20만km 미만,293851
2015,비사업용,화물차,중형,15만km~20만km 미만,131116
2015,비사업용,화물차,대형,15만km~20만km 미만,16306
2015,비사업용,특수차,합계,15만km~20만km 미만,2215
2015,비사업용,특수차,경형,15만km~20만km 미만,0
2015,비사업용,특수차,소형,15만km~20만km 미만,455
2015,비사업용,특수차,중형,15만km~20만km 미만,1466
2015,비사업용,특수차,대형,15만km~20만km 미만,294
2015,사업용,합계,합계,15만km~20만km 미만,94461
2015,사업용,합계,경형,15만km~20만km 미만,2120
2015,사업용,합계,소형,15만km~20만km 미만,14365
2015,사업용,합계,중형,15만km~20만km 미만,48906
2015,사업용,합계,대형,15만km~20만km 미만,29070
2015,사업용,승용차,합계,15만km~20만km 미만,35987
2015,사업용,승용차,경형,15만km~20만km 미만,165
2015,사업용,승용차,소형,15만km~20만km 미만,11
2015,사업용,승용차,중형,15만km~20만km 미만,29911
2015,사업용,승용차,대형,15만km~20만km 미만,5900
2015,사업용,승합차,합계,15만km~20만km 미만,11943
2015,사업용,승합차,경형,15만km~20만km 미만,1
2015,사업용,승합차,소형,15만km~20만km 미만,0
2015,사업용,승합차,중형,15만km~20만km 미만,5973
2015,사업용,승합차,대형,15만km~20만km 미만,5969
2015,사업용,화물차,합계,15만km~20만km 미만,41617
2015,사업용,화물차,경형,15만km~20만km 미만,1954
2015,사업용,화물차,소형,15만km~20만km 미만,13361
2015,사업용,화물차,중형,15만km~20만km 미만,12094
2015,사업용,화물차,대형,15만km~20만km 미만,14208
2015,사업용,특수차,합계,15만km~20만km 미만,4914
2015,사업용,특수차,경형,15만km~20만km 미만,0
2015,사업용,특수차,소형,15만km~20만km 미만,993
2015,사업용,특수차,중형,15만km~20만km 미만,928
2015,사업용,특수차,대형,15만km~20만km 미만,2993
2015,전체,합계,합계,20만km~25만km 미만,984874
2015,전체,합계,경형,20만km~25만km 미만,12683
2015,전체,합계,소형,20만km~25만km 미만,238685
2015,전체,합계,중형,20만km~25만km 미만,519836
2015,전체,합계,대형,20만km~25만km 미만,213670
2015,전체,승용차,합계,20만km~25만km 미만,502281
2015,전체,승용차,경형,20만km~25만km 미만,8017
2015,전체,승용차,소형,20만km~25만km 미만,24063
2015,전체,승용차,중형,20만km~25만km 미만,295528
2015,전체,승용차,대형,20만km~25만km 미만,174673
2015,전체,승합차,합계,20만km~25만km 미만,121990
2015,전체,승합차,경형,20만km~25만km 미만,1187
2015,전체,승합차,소형,20만km~25만km 미만,2016
2015,전체,승합차,중형,20만km~25만km 미만,111134
2015,전체,승합차,대형,20만km~25만km 미만,7653
2015,전체,화물차,합계,20만km~25만km 미만,354765
2015,전체,화물차,경형,20만km~25만km 미만,3479
2015,전체,화물차,소형,20만km~25만km 미만,211561
2015,전체,화물차,중형,20만km~25만km 미만,111199
2015,전체,화물차,대형,20만km~25만km 미만,28526
2015,전체,특수차,합계,20만km~25만km 미만,5838
2015,전체,특수차,경형,20만km~25만km 미만,0
2015,전체,특수차,소형,20만km~25만km 미만,1045
2015,전체,특수차,중형,20만km~25만km 미만,1975
2015,전체,특수차,대형,20만km~25만km 미만,2818
2015,비사업용,합계,합계,20만km~25만km 미만,904261
2015,비사업용,합계,경형,20만km~25만km 미만,11390
2015,비사업용,합계,소형,20만km~25만km 미만,228079
2015,비사업용,합계,중형,20만km~25만km 미만,478369
2015,비사업용,합계,대형,20만km~25만km 미만,186423
2015,비사업용,승용차,합계,20만km~25만km 미만,474052
2015,비사업용,승용차,경형,20만km~25만km 미만,7950
2015,비사업용,승용차,소형,20만km~25만km 미만,24062
2015,비사업용,승용차,중형,20만km~25만km 미만,270898
2015,비사업용,승용차,대형,20만km~25만km 미만,171142
2015,비사업용,승합차,합계,20만km~25만km 미만,111417
2015,비사업용,승합차,경형,20만km~25만km 미만,1187
2015,비사업용,승합차,소형,20만km~25만km 미만,2015
2015,비사업용,승합차,중형,20만km~25만km 미만,106482
2015,비사업용,승합차,대형,20만km~25만km 미만,1733
2015,비사업용,화물차,합계,20만km~25만km 미만,317064
2015,비사업용,화물차,경형,20만km~25만km 미만,2253
2015,비사업용,화물차,소형,20만km~25만km 미만,201673
2015,비사업용,화물차,중형,20만km~25만km 미만,99808
2015,비사업용,화물차,대형,20만km~25만km 미만,13330
2015,비사업용,특수차,합계,20만km~25만km 미만,1728
2015,비사업용,특수차,경형,20만km~25만km 미만,0
2015,비사업용,특수차,소형,20만km~25만km 미만,329
2015,비사업용,특수차,중형,20만km~25만km 미만,1181
2015,비사업용,특수차,대형,20만km~25만km 미만,218
2015,사업용,합계,합계,20만km~25만km 미만,80613
2015,사업용,합계,경형,20만km~25만km 미만,1293
2015,사업용,합계,소형,20만km~25만km 미만,10606
2015,사업용,합계,중형,20만km~25만km 미만,41467
2015,사업용,합계,대형,20만km~25만km 미만,27247
2015,사업용,승용차,합계,20만km~25만km 미만,28229
2015,사업용,승용차,경형,20만km~25만km 미만,67
2015,사업용,승용차,소형,20만km~25만km 미만,1
2015,사업용,승용차,중형,20만km~25만km 미만,24630
2015,사업용,승용차,대형,20만km~25만km 미만,3531
2015,사업용,승합차,합계,20만km~25만km 미만,10573
2015,사업용,승합차,경형,20만km~25만km 미만,0
2015,사업용,승합차,소형,20만km~25만km 미만,1
2015,사업용,승합차,중형,20만km~25만km 미만,4652
2015,사업용,승합차,대형,20만km~25만km 미만,5920
2015,사업용,화물차,합계,20만km~25만km 미만,37701
2015,사업용,화물차,경형,20만km~25만km 미만,1226
2015,사업용,화물차,소형,20만km~25만km 미만,9888
2015,사업용,화물차,중형,20만km~25만km 미만,11391
2015,사업용,화물차,대형,20만km~25만km 미만,15196
2015,사업용,특수차,합계,20만km~25만km 미만,4110
2015,사업용,특수차,경형,20만km~25만km 미만,0
2015,사업용,특수차,소형,20만km~25만km 미만,716
2015,사업용,특수차,중형,20만km~25만km 미만,794
2015,사업용,특수차,대형,20만km~25만km 미만,2600
2015,전체,합계,합계,25만km이상,1329103
2015,전체,합계,경형,25만km이상,6839
2015,전체,합계,소형,25만km이상,235400
2015,전체,합계,중형,25만km이상,618284
2015,전체,합계,대형,25만km이상,468580
2015,전체,승용차,합계,25만km이상,420617
2015,전체,승용차,경형,25만km이상,2265
2015,전체,승용차,소형,25만km이상,12546
2015,전체,승용차,중형,25만km이상,253365
2015,전체,승용차,대형,25만km이상,152441
2015,전체,승합차,합계,25만km이상,198417
2015,전체,승합차,경형,25만km이상,945
2015,전체,승합차,소형,25만km이상,2917
2015,전체,승합차,중형,25만km이상,125657
2015,전체,승합차,대형,25만km이상,68898
2015,전체,화물차,합계,25만km이상,664060
2015,전체,화물차,경형,25만km이상,3629
2015,전체,화물차,소형,25만km이상,218505
2015,전체,화물차,중형,25만km이상,234887
2015,전체,화물차,대형,25만km이상,207039
2015,전체,특수차,합계,25만km이상,46009
2015,전체,특수차,경형,25만km이상,0
2015,전체,특수차,소형,25만km이상,1432
2015,전체,특수차,중형,25만km이상,4375
2015,전체,특수차,대형,25만km이상,40202
2015,비사업용,합계,합계,25만km이상,884963
2015,비사업용,합계,경형,25만km이상,4992
2015,비사업용,합계,소형,25만km이상,214439
2015,비사업용,합계,중형,25만km이상,458056
2015,비사업용,합계,대형,25만km이상,207476
2015,비사업용,승용차,합계,25만km이상,348859
2015,비사업용,승용차,경형,25만km이상,2258
2015,비사업용,승용차,소형,25만km이상,12546
2015,비사업용,승용차,중형,25만km이상,190746
2015,비사업용,승용차,대형,25만km이상,143309
2015,비사업용,승합차,합계,25만km이상,125607
2015,비사업용,승합차,경형,25만km이상,945
2015,비사업용,승합차,소형,25만km이상,2917
2015,비사업용,승합차,중형,25만km이상,113941
2015,비사업용,승합차,대형,25만km이상,7804
2015,비사업용,화물차,합계,25만km이상,405405
2015,비사업용,화물차,경형,25만km이상,1789
2015,비사업용,화물차,소형,25만km이상,198469
2015,비사업용,화물차,중형,25만km이상,150949
2015,비사업용,화물차,대형,25만km이상,54198
2015,비사업용,특수차,합계,25만km이상,5092
2015,비사업용,특수차,경형,25만km이상,0
2015,비사업용,특수차,소형,25만km이상,507
2015,비사업용,특수차,중형,25만km이상,2420
2015,비사업용,특수차,대형,25만km이상,2165
2015,사업용,합계,합계,25만km이상,444140
2015,사업용,합계,경형,25만km이상,1847
2015,사업용,합계,소형,25만km이상,20961
2015,사업용,합계,중형,25만km이상,160228
2015,사업용,합계,대형,25만km이상,261104
2015,사업용,승용차,합계,25만km이상,71758
2015,사업용,승용차,경형,25만km이상,7
2015,사업용,승용차,소형,25만km이상,0
2015,사업용,승용차,중형,25만km이상,62619
2015,사업용,승용차,대형,25만km이상,9132
2015,사업용,승합차,합계,25만km이상,72810
2015,사업용,승합차,경형,25만km이상,0
2015,사업용,승합차,소형,25만km이상,0
2015,사업용,승합차,중형,25만km이상,11716
2015,사업용,승합차,대형,25만km이상,61094
2015,사업용,화물차,합계,25만km이상,258655
2015,사업용,화물차,경형,25만km이상,1840
2015,사업용,화물차,소형,25만km이상,20036
2015,사업용,화물차,중형,25만km이상,83938
2015,사업용,화물차,대형,25만km이상,152841
2015,사업용,특수차,합계,25만km이상,40917
2015,사업용,특수차,경형,25만km이상,0
2015,사업용,특수차,소형,25만km이상,925
2015,사업용,특수차,중형,25만km이상,1955
2015,사업용,특수차,대형,25만km이상,38037
2015,전체,합계,합계,기타,0
2015,전체,합계,경형,기타,0
2015,전체,합계,소형,기타,0
2015,전체,합계,중형,기타,0
2015,전체,합계,대형,기타,0
2015,전체,승용차,합계,기타,0
2015,전체,승용차,경형,기타,0
2015,전체,승용차,소형,기타,0
2015,전체,승용차,중형,기타,0
2015,전체,승용차,대형,기타,0
2015,전체,승합차,합계,기타,0
2015,전체,승합차,경형,기타,0
2015,전체,승합차,소형,기타,0
2015,전체,승합차,중형,기타,0
2015,전체,승합차,대형,기타,0
2015,전체,화물차,합계,기타,0
2015,전체,화물차,경형,기타,0
2015,전체,화물차,소형,기타,0
2015,전체,화물차,중형,기타,0
2015,전체,화물차,대형,기타,0
2015,전체,특수차,합계,기타,0
2015,전체,특수차,경형,기타,0
2015,전체,특수차,소형,기타,0
2015,전체,특수차,중형,기타,0
2015,전체,특수차,대형,기타,0
2015,비사업용,합계,합계,기타,0
2015,비사업용,합계,경형,기타,0
2015,비사업용,합계,소형,기타,0
2015,비사업용,합계,중형,기타,0
2015,비사업용,합계,대형,기타,0
2015,비사업용,승용차,합계,기타,0
2015,비사업용,승용차,경형,기타,0
2015,비사업용,승용차,소형,기타,0
2015,비사업용,승용차,중형,기타,0
2015,비사업용,승용차,대형,기타,0
2015,비사업용,승합차,합계,기타,0
2015,비사업용,승합차,경형,기타,0
2015,비사업용,승합차,소형,기타,0
2015,비사업용,승합차,중형,기타,0
2015,비사업용,승합차,대형,기타,0
2015,비사업용,화물차,합계,기타,0
2015,비사업용,화물차,경형,기타,0
2015,비사업용,화물차,소형,기타,0
2015,비사업용,화물차,중형,기타,0
2015,비사업용,화물차,대형,기타,0
2015,비사업용,특수차,합계,기타,0
2015,비사업용,특수차,경형,기타,0
2015,비사업용,특수차,소형,기타,0
2015,비사업용,특수차,중형,기타,0
2015,비사업용,특수차,대형,기타,0
2015,사업용,합계,합계,기타,0
2015,사업용,합계,경형,기타,0
2015,사업용,합계,소형,기타,0
2015,사업용,합계,중형,기타,0
2015,사업용,합계,대형,기타,0
2015,사업용,승용차,합계,기타,0
2015,사업용,승용차,경형,기타,0
2015,사업용,승용차,소형,기타,0
2015,사업용,승용차,중형,기타,0
2015,사업용,승용차,대형,기타,0
2015,사업용,승합차,합계,기타,0
2015,사업용,승합차,경형,기타,0
2015,사업용,승합차,소형,기타,0
2015,사업용,승합차,중형,기타,0
2015,사업용,승합차,대형,기타,0
2015,사업용,화물차,합계,기타,0
2015,사업용,화물차,경형,기타,0
2015,사업용,화물차,소형,기타,0
2015,사업용,화물차,중형,기타,0
2015,사업용,화물차,대형,기타,0
2015,사업용,특수차,합계,기타,0
2015,사업용,특수차,경형,기타,0
2015,사업용,특수차,소형,기타,0
2015,사업용,특수차,중형,기타,0
2015,사업용,특수차,대형,기타,0
2016,전체,합계,합계,5만km 미만,1747924
2016,전체,합계,경형,5만km 미만,251148
2016,전체,합계,소형,5만km 미만,503201
2016,전체,합계,중형,5만km 미만,748563
2016,전체,합계,대형,5만km 미만,245012
2016,전체,승용차,합계,5만km 미만,948065
2016,전체,승용차,경형,5만km 미만,217102
2016,전체,승용차,소형,5만km 미만,20745
2016,전체,승용차,중형,5만km 미만,542490
2016,전체,승용차,대형,5만km 미만,167728
2016,전체,승합차,합계,5만km 미만,153216
2016,전체,승합차,경형,5만km 미만,8533
2016,전체,승합차,소형,5만km 미만,99
2016,전체,승합차,중형,5만km 미만,136657
2016,전체,승합차,대형,5만km 미만,7927
2016,전체,화물차,합계,5만km 미만,626519
2016,전체,화물차,경형,5만km 미만,25479
2016,전체,화물차,소형,5만km 미만,475319
2016,전체,화물차,중형,5만km 미만,62439
2016,전체,화물차,대형,5만km 미만,63282
2016,전체,특수차,합계,5만km 미만,20124
2016,전체,특수차,경형,5만km 미만,34
2016,전체,특수차,소형,5만km 미만,7038
2016,전체,특수차,중형,5만km 미만,6977
2016,전체,특수차,대형,5만km 미만,6075
2016,비사업용,합계,합계,5만km 미만,1543375
2016,비사업용,합계,경형,5만km 미만,235658
2016,비사업용,합계,소형,5만km 미만,476526
2016,비사업용,합계,중형,5만km 미만,657925
2016,비사업용,합계,대형,5만km 미만,173266
2016,비사업용,승용차,합계,5만km 미만,852001
2016,비사업용,승용차,경형,5만km 미만,204089
2016,비사업용,승용차,소형,5만km 미만,20442
2016,비사업용,승용차,중형,5만km 미만,485901
2016,비사업용,승용차,대형,5만km 미만,141569
2016,비사업용,승합차,합계,5만km 미만,129077
2016,비사업용,승합차,경형,5만km 미만,8154
2016,비사업용,승합차,소형,5만km 미만,98
2016,비사업용,승합차,중형,5만km 미만,117274
2016,비사업용,승합차,대형,5만km 미만,3551
2016,비사업용,화물차,합계,5만km 미만,555988
2016,비사업용,화물차,경형,5만km 미만,23382
2016,비사업용,화물차,소형,5만km 미만,453064
2016,비사업용,화물차,중형,5만km 미만,52199
2016,비사업용,화물차,대형,5만km 미만,27343
2016,비사업용,특수차,합계,5만km 미만,6309
2016,비사업용,특수차,경형,5만km 미만,33
2016,비사업용,특수차,소형,5만km 미만,2922
2016,비사업용,특수차,중형,5만km 미만,2551
2016,비사업용,특수차,대형,5만km 미만,803
2016,사업용,합계,합계,5만km 미만,204549
2016,사업용,합계,경형,5만km 미만,15490
2016,사업용,합계,소형,5만km 미만,26675
2016,사업용,합계,중형,5만km 미만,90638
2016,사업용,합계,대형,5만km 미만,71746
2016,사업용,승용차,합계,5만km 미만,96064
2016,사업용,승용차,경형,5만km 미만,13013
2016,사업용,승용차,소형,5만km 미만,303
2016,사업용,승용차,중형,5만km 미만,56589
2016,사업용,승용차,대형,5만km 미만,26159
2016,사업용,승합차,합계,5만km 미만,24139
2016,사업용,승합차,경형,5만km 미만,379
2016,사업용,승합차,소형,5만km 미만,1
2016,사업용,승합차,중형,5만km 미만,19383
2016,사업용,승합차,대형,5만km 미만,4376
2016,사업용,화물차,합계,5만km 미만,70531
2016,사업용,화물차,경형,5만km 미만,2097
2016,사업용,화물차,소형,5만km 미만,22255
2016,사업용,화물차,중형,5만km 미만,10240
2016,사업용,화물차,대형,5만km 미만,35939
2016,사업용,특수차,합계,5만km 미만,13815
2016,사업용,특수차,경형,5만km 미만,1
2016,사업용,특수차,소형,5만km 미만,4116
2016,사업용,특수차,중형,5만km 미만,4426
2016,사업용,특수차,대형,5만km 미만,5272
2016,전체,합계,합계,5만km~10만km 미만,2793441
2016,전체,합계,경형,5만km~10만km 미만,292756
2016,전체,합계,소형,5만km~10만km 미만,502856
2016,전체,합계,중형,5만km~10만km 미만,1519795
2016,전체,합계,대형,5만km~10만km 미만,478034
2016,전체,승용차,합계,5만km~10만km 미만,1956688
2016,전체,승용차,경형,5만km~10만km 미만,262663
2016,전체,승용차,소형,5만km~10만km 미만,66598
2016,전체,승용차,중형,5만km~10만km 미만,1210028
2016,전체,승용차,대형,5만km~10만km 미만,417399
2016,전체,승합차,합계,5만km~10만km 미만,225137
2016,전체,승합차,경형,5만km~10만km 미만,8512
2016,전체,승합차,소형,5만km~10만km 미만,184
2016,전체,승합차,중형,5만km~10만km 미만,205034
2016,전체,승합차,대형,5만km~10만km 미만,11407
2016,전체,화물차,합계,5만km~10만km 미만,597019
2016,전체,화물차,경형,5만km~10만km 미만,21580
2016,전체,화물차,소형,5만km~10만km 미만,431753
2016,전체,화물차,중형,5만km~10만km 미만,99810
2016,전체,화물차,대형,5만km~10만km 미만,43876
2016,전체,특수차,합계,5만km~10만km 미만,14597
2016,전체,특수차,경형,5만km~10만km 미만,1
2016,전체,특수차,소형,5만km~10만km 미만,4321
2016,전체,특수차,중형,5만km~10만km 미만,4923
2016,전체,특수차,대형,5만km~10만km 미만,5352
2016,비사업용,합계,합계,5만km~10만km 미만,2557864
2016,비사업용,합계,경형,5만km~10만km 미만,279696
2016,비사업용,합계,소형,5만km~10만km 미만,476042
2016,비사업용,합계,중형,5만km~10만km 미만,1396255
2016,비사업용,합계,대형,5만km~10만km 미만,405871
2016,비사업용,승용차,합계,5만km~10만km 미만,1816047
2016,비사업용,승용차,경형,5만km~10만km 미만,252964
2016,비사업용,승용차,소형,5만km~10만km 미만,66027
2016,비사업용,승용차,중형,5만km~10만km 미만,1120187
2016,비사업용,승용차,대형,5만km~10만km 미만,376869
2016,비사업용,승합차,합계,5만km~10만km 미만,197975
2016,비사업용,승합차,경형,5만km~10만km 미만,8195
2016,비사업용,승합차,소형,5만km~10만km 미만,184
2016,비사업용,승합차,중형,5만km~10만km 미만,186701
2016,비사업용,승합차,대형,5만km~10만km 미만,2895
2016,비사업용,화물차,합계,5만km~10만km 미만,540487
2016,비사업용,화물차,경형,5만km~10만km 미만,18536
2016,비사업용,화물차,소형,5만km~10만km 미만,408445
2016,비사업용,화물차,중형,5만km~10만km 미만,87902
2016,비사업용,화물차,대형,5만km~10만km 미만,25604
2016,비사업용,특수차,합계,5만km~10만km 미만,3355
2016,비사업용,특수차,경형,5만km~10만km 미만,1
2016,비사업용,특수차,소형,5만km~10만km 미만,1386
2016,비사업용,특수차,중형,5만km~10만km 미만,1465
2016,비사업용,특수차,대형,5만km~10만km 미만,503
2016,사업용,합계,합계,5만km~10만km 미만,235577
2016,사업용,합계,경형,5만km~10만km 미만,13060
2016,사업용,합계,소형,5만km~10만km 미만,26814
2016,사업용,합계,중형,5만km~10만km 미만,123540
2016,사업용,합계,대형,5만km~10만km 미만,72163
2016,사업용,승용차,합계,5만km~10만km 미만,140641
2016,사업용,승용차,경형,5만km~10만km 미만,9699
2016,사업용,승용차,소형,5만km~10만km 미만,571
2016,사업용,승용차,중형,5만km~10만km 미만,89841
2016,사업용,승용차,대형,5만km~10만km 미만,40530
2016,사업용,승합차,합계,5만km~10만km 미만,27162
2016,사업용,승합차,경형,5만km~10만km 미만,317
2016,사업용,승합차,소형,5만km~10만km 미만,0
2016,사업용,승합차,중형,5만km~10만km 미만,18333
2016,사업용,승합차,대형,5만km~10만km 미만,8512
2016,사업용,화물차,합계,5만km~10만km 미만,56532
2016,사업용,화물차,경형,5만km~10만km 미만,3044
2016,사업용,화물차,소형,5만km~10만km 미만,23308
2016,사업용,화물차,중형,5만km~10만km 미만,11908
2016,사업용,화물차,대형,5만km~10만km 미만,18272
2016,사업용,특수차,합계,5만km~10만km 미만,11242
2016,사업용,특수차,경형,5만km~10만km 미만,0
2016,사업용,특수차,소형,5만km~10만km 미만,2935
2016,사업용,특수차,중형,5만km~10만km 미만,3458
2016,사업용,특수차,대형,5만km~10만km 미만,4849
2016,전체,합계,합계,10만km~15만km 미만,2248325
2016,전체,합계,경형,10만km~15만km 미만,128618
2016,전체,합계,소형,10만km~15만km 미만,438322
2016,전체,합계,중형,10만km~15만km 미만,1248451
2016,전체,합계,대형,10만km~15만km 미만,432934
2016,전체,승용차,합계,10만km~15만km 미만,1470518
2016,전체,승용차,경형,10만km~15만km 미만,110189
2016,전체,승용차,소형,10만km~15만km 미만,68802
2016,전체,승용차,중형,10만km~15만km 미만,906029
2016,전체,승용차,대형,10만km~15만km 미만,385498
2016,전체,승합차,합계,10만km~15만km 미만,225343
2016,전체,승합차,경형,10만km~15만km 미만,5261
2016,전체,승합차,소형,10만km~15만km 미만,352
2016,전체,승합차,중형,10만km~15만km 미만,210273
2016,전체,승합차,대형,10만km~15만km 미만,9457
2016,전체,화물차,합계,10만km~15만km 미만,542359
2016,전체,화물차,경형,10만km~15만km 미만,13168
2016,전체,화물차,소형,10만km~15만km 미만,366839
2016,전체,화물차,중형,10만km~15만km 미만,128554
2016,전체,화물차,대형,10만km~15만km 미만,33798
2016,전체,특수차,합계,10만km~15만km 미만,10105
2016,전체,특수차,경형,10만km~15만km 미만,0
2016,전체,특수차,소형,10만km~15만km 미만,2329
2016,전체,특수차,중형,10만km~15만km 미만,3595
2016,전체,특수차,대형,10만km~15만km 미만,4181
2016,비사업용,합계,합계,10만km~15만km 미만,2098741
2016,비사업용,합계,경형,10만km~15만km 미만,124357
2016,비사업용,합계,소형,10만km~15만km 미만,417827
2016,비사업용,합계,중형,10만km~15만km 미만,1167191
2016,비사업용,합계,대형,10만km~15만km 미만,389366
2016,비사업용,승용차,합계,10만km~15만km 미만,1397125
2016,비사업용,승용차,경형,10만km~15만km 미만,108385
2016,비사업용,승용차,소형,10만km~15만km 미만,68561
2016,비사업용,승용차,중형,10만km~15만km 미만,851864
2016,비사업용,승용차,대형,10만km~15만km 미만,368315
2016,비사업용,승합차,합계,10만km~15만km 미만,205892
2016,비사업용,승합차,경형,10만km~15만km 미만,5187
2016,비사업용,승합차,소형,10만km~15만km 미만,349
2016,비사업용,승합차,중형,10만km~15만km 미만,197602
2016,비사업용,승합차,대형,10만km~15만km 미만,2754
2016,비사업용,화물차,합계,10만km~15만km 미만,492898
2016,비사업용,화물차,경형,10만km~15만km 미만,10785
2016,비사업용,화물차,소형,10만km~15만km 미만,348003
2016,비사업용,화물차,중형,10만km~15만km 미만,116209
2016,비사업용,화물차,대형,10만km~15만km 미만,17901
2016,비사업용,특수차,합계,10만km~15만km 미만,2826
2016,비사업용,특수차,경형,10만km~15만km 미만,0
2016,비사업용,특수차,소형,10만km~15만km 미만,914
2016,비사업용,특수차,중형,10만km~15만km 미만,1516
2016,비사업용,특수차,대형,10만km~15만km 미만,396
2016,사업용,합계,합계,10만km~15만km 미만,149584
2016,사업용,합계,경형,10만km~15만km 미만,4261
2016,사업용,합계,소형,10만km~15만km 미만,20495
2016,사업용,합계,중형,10만km~15만km 미만,81260
2016,사업용,합계,대형,10만km~15만km 미만,43568
2016,사업용,승용차,합계,10만km~15만km 미만,73393
2016,사업용,승용차,경형,10만km~15만km 미만,1804
2016,사업용,승용차,소형,10만km~15만km 미만,241
2016,사업용,승용차,중형,10만km~15만km 미만,54165
2016,사업용,승용차,대형,10만km~15만km 미만,17183
2016,사업용,승합차,합계,10만km~15만km 미만,19451
2016,사업용,승합차,경형,10만km~15만km 미만,74
2016,사업용,승합차,소형,10만km~15만km 미만,3
2016,사업용,승합차,중형,10만km~15만km 미만,12671
2016,사업용,승합차,대형,10만km~15만km 미만,6703
2016,사업용,화물차,합계,10만km~15만km 미만,49461
2016,사업용,화물차,경형,10만km~15만km 미만,2383
2016,사업용,화물차,소형,10만km~15만km 미만,18836
2016,사업용,화물차,중형,10만km~15만km 미만,12345
2016,사업용,화물차,대형,10만km~15만km 미만,15897
2016,사업용,특수차,합계,10만km~15만km 미만,7279
2016,사업용,특수차,경형,10만km~15만km 미만,0
2016,사업용,특수차,소형,10만km~15만km 미만,1415
2016,사업용,특수차,중형,10만km~15만km 미만,2079
2016,사업용,특수차,대형,10만km~15만km 미만,3785
2016,전체,합계,합계,15만km~20만km 미만,1618583
2016,전체,합계,경형,15만km~20만km 미만,45100
2016,전체,합계,소형,15만km~20만km 미만,356045
2016,전체,합계,중형,15만km~20만km 미만,874258
2016,전체,합계,대형,15만km~20만km 미만,343180
2016,전체,승용차,합계,15만km~20만km 미만,947856
2016,전체,승용차,경형,15만km~20만km 미만,35460
2016,전체,승용차,소형,15만km~20만km 미만,42559
2016,전체,승용차,중형,15만km~20만km 미만,568948
2016,전체,승용차,대형,15만km~20만km 미만,300889
2016,전체,승합차,합계,15만km~20만km 미만,180424
2016,전체,승합차,경형,15만km~20만km 미만,2497
2016,전체,승합차,소형,15만km~20만km 미만,534
2016,전체,승합차,중형,15만km~20만km 미만,169159
2016,전체,승합차,대형,15만km~20만km 미만,8234
2016,전체,화물차,합계,15만km~20만km 미만,482934
2016,전체,화물차,경형,15만km~20만km 미만,7143
2016,전체,화물차,소형,15만km~20만km 미만,311197
2016,전체,화물차,중형,15만km~20만km 미만,133797
2016,전체,화물차,대형,15만km~20만km 미만,30797
2016,전체,특수차,합계,15만km~20만km 미만,7369
2016,전체,특수차,경형,15만km~20만km 미만,0
2016,전체,특수차,소형,15만km~20만km 미만,1755
2016,전체,특수차,중형,15만km~20만km 미만,2354
2016,전체,특수차,대형,15만km~20만km 미만,3260
2016,비사업용,합계,합계,15만km~20만km 미만,1513598
2016,비사업용,합계,경형,15만km~20만km 미만,42786
2016,비사업용,합계,소형,15만km~20만km 미만,340950
2016,비사업용,합계,중형,15만km~20만km 미만,818520
2016,비사업용,합계,대형,15만km~20만km 미만,311342
2016,비사업용,승용차,합계,15만km~20만km 미만,905528
2016,비사업용,승용차,경형,15만km~20만km 미만,35174
2016,비사업용,승용차,소형,15만km~20만km 미만,42485
2016,비사업용,승용차,중형,15만km~20만km 미만,534438
2016,비사업용,승용차,대형,15만km~20만km 미만,293431
2016,비사업용,승합차,합계,15만km~20만km 미만,165878
2016,비사업용,승합차,경형,15만km~20만km 미만,2491
2016,비사업용,승합차,소형,15만km~20만km 미만,534
2016,비사업용,승합차,중형,15만km~20만km 미만,160867
2016,비사업용,승합차,대형,15만km~20만km 미만,1986
2016,비사업용,화물차,합계,15만km~20만km 미만,440009
2016,비사업용,화물차,경형,15만km~20만km 미만,5121
2016,비사업용,화물차,소형,15만km~20만km 미만,297365
2016,비사업용,화물차,중형,15만km~20만km 미만,121833
2016,비사업용,화물차,대형,15만km~20만km 미만,15690
2016,비사업용,특수차,합계,15만km~20만km 미만,2183
2016,비사업용,특수차,경형,15만km~20만km 미만,0
2016,비사업용,특수차,소형,15만km~20만km 미만,566
2016,비사업용,특수차,중형,15만km~20만km 미만,1382
2016,비사업용,특수차,대형,15만km~20만km 미만,235
2016,사업용,합계,합계,15만km~20만km 미만,104985
2016,사업용,합계,경형,15만km~20만km 미만,2314
2016,사업용,합계,소형,15만km~20만km 미만,15095
2016,사업용,합계,중형,15만km~20만km 미만,55738
2016,사업용,합계,대형,15만km~20만km 미만,31838
2016,사업용,승용차,합계,15만km~20만km 미만,42328
2016,사업용,승용차,경형,15만km~20만km 미만,286
2016,사업용,승용차,소형,15만km~20만km 미만,74
2016,사업용,승용차,중형,15만km~20만km 미만,34510
2016,사업용,승용차,대형,15만km~20만km 미만,7458
2016,사업용,승합차,합계,15만km~20만km 미만,14546
2016,사업용,승합차,경형,15만km~20만km 미만,6
2016,사업용,승합차,소형,15만km~20만km 미만,0
2016,사업용,승합차,중형,15만km~20만km 미만,8292
2016,사업용,승합차,대형,15만km~20만km 미만,6248
2016,사업용,화물차,합계,15만km~20만km 미만,42925
2016,사업용,화물차,경형,15만km~20만km 미만,2022
2016,사업용,화물차,소형,15만km~20만km 미만,13832
2016,사업용,화물차,중형,15만km~20만km 미만,11964
2016,사업용,화물차,대형,15만km~20만km 미만,15107
2016,사업용,특수차,합계,15만km~20만km 미만,5186
2016,사업용,특수차,경형,15만km~20만km 미만,0
2016,사업용,특수차,소형,15만km~20만km 미만,1189
2016,사업용,특수차,중형,15만km~20만km 미만,972
2016,사업용,특수차,대형,15만km~20만km 미만,3025
2016,전체,합계,합계,20만km~25만km 미만,1004264
2016,전체,합계,경형,20만km~25만km 미만,13389
2016,전체,합계,소형,20만km~25만km 미만,235858
2016,전체,합계,중형,20만km~25만km 미만,520976
2016,전체,합계,대형,20만km~25만km 미만,234041
2016,전체,승용차,합계,20만km~25만km 미만,522169
2016,전체,승용차,경형,20만km~25만km 미만,8638
2016,전체,승용차,소형,20만km~25만km 미만,18348
2016,전체,승용차,중형,20만km~25만km 미만,300747
2016,전체,승용차,대형,20만km~25만km 미만,194436
2016,전체,승합차,합계,20만km~25만km 미만,120180
2016,전체,승합차,경형,20만km~25만km 미만,1076
2016,전체,승합차,소형,20만km~25만km 미만,591
2016,전체,승합차,중형,20만km~25만km 미만,110849
2016,전체,승합차,대형,20만km~25만km 미만,7664
2016,전체,화물차,합계,20만km~25만km 미만,355903
2016,전체,화물차,경형,20만km~25만km 미만,3675
2016,전체,화물차,소형,20만km~25만km 미만,215618
2016,전체,화물차,중형,20만km~25만km 미만,107576
2016,전체,화물차,대형,20만km~25만km 미만,29034
2016,전체,특수차,합계,20만km~25만km 미만,6012
2016,전체,특수차,경형,20만km~25만km 미만,0
2016,전체,특수차,소형,20만km~25만km 미만,1301
2016,전체,특수차,중형,20만km~25만km 미만,1804
2016,전체,특수차,대형,20만km~25만km 미만,2907
2016,비사업용,합계,합계,20만km~25만km 미만,918581
2016,비사업용,합계,경형,20만km~25만km 미만,11902
2016,비사업용,합계,소형,20만km~25만km 미만,225041
2016,비사업용,합계,중형,20만km~25만km 미만,476455
2016,비사업용,합계,대형,20만km~25만km 미만,205183
2016,비사업용,승용차,합계,20만km~25만km 미만,491250
2016,비사업용,승용차,경형,20만km~25만km 미만,8610
2016,비사업용,승용차,소형,20만km~25만km 미만,18337
2016,비사업용,승용차,중형,20만km~25만km 미만,273933
2016,비사업용,승용차,대형,20만km~25만km 미만,190370
2016,비사업용,승합차,합계,20만km~25만km 미만,108069
2016,비사업용,승합차,경형,20만km~25만km 미만,1075
2016,비사업용,승합차,소형,20만km~25만km 미만,591
2016,비사업용,승합차,중형,20만km~25만km 미만,104914
2016,비사업용,승합차,대형,20만km~25만km 미만,1489
2016,비사업용,화물차,합계,20만km~25만km 미만,317468
2016,비사업용,화물차,경형,20만km~25만km 미만,2217
2016,비사업용,화물차,소형,20만km~25만km 미만,205661
2016,비사업용,화물차,중형,20만km~25만km 미만,96473
2016,비사업용,화물차,대형,20만km~25만km 미만,13117
2016,비사업용,특수차,합계,20만km~25만km 미만,1794
2016,비사업용,특수차,경형,20만km~25만km 미만,0
2016,비사업용,특수차,소형,20만km~25만km 미만,452
2016,비사업용,특수차,중형,20만km~25만km 미만,1135
2016,비사업용,특수차,대형,20만km~25만km 미만,207
2016,사업용,합계,합계,20만km~25만km 미만,85683
2016,사업용,합계,경형,20만km~25만km 미만,1487
2016,사업용,합계,소형,20만km~25만km 미만,10817
2016,사업용,합계,중형,20만km~25만km 미만,44521
2016,사업용,합계,대형,20만km~25만km 미만,28858
2016,사업용,승용차,합계,20만km~25만km 미만,30919
2016,사업용,승용차,경형,20만km~25만km 미만,28
2016,사업용,승용차,소형,20만km~25만km 미만,11
2016,사업용,승용차,중형,20만km~25만km 미만,26814
2016,사업용,승용차,대형,20만km~25만km 미만,4066
2016,사업용,승합차,합계,20만km~25만km 미만,12111
2016,사업용,승합차,경형,20만km~25만km 미만,1
2016,사업용,승합차,소형,20만km~25만km 미만,0
2016,사업용,승합차,중형,20만km~25만km 미만,5935
2016,사업용,승합차,대형,20만km~25만km 미만,6175
2016,사업용,화물차,합계,20만km~25만km 미만,38435
2016,사업용,화물차,경형,20만km~25만km 미만,1458
2016,사업용,화물차,소형,20만km~25만km 미만,9957
2016,사업용,화물차,중형,20만km~25만km 미만,11103
2016,사업용,화물차,대형,20만km~25만km 미만,15917
2016,사업용,특수차,합계,20만km~25만km 미만,4218
2016,사업용,특수차,경형,20만km~25만km 미만,0
2016,사업용,특수차,소형,20만km~25만km 미만,849
2016,사업용,특수차,중형,20만km~25만km 미만,669
2016,사업용,특수차,대형,20만km~25만km 미만,2700
2016,전체,합계,합계,25만km이상,1373111
2016,전체,합계,경형,25만km이상,7314
2016,전체,합계,소형,25만km이상,241611
2016,전체,합계,중형,25만km이상,620992
2016,전체,합계,대형,25만km이상,503194
2016,전체,승용차,합계,25만km이상,441190
2016,전체,승용차,경형,25만km이상,2535
2016,전체,승용차,소형,25만km이상,9233
2016,전체,승용차,중형,25만km이상,252642
2016,전체,승용차,대형,25만km이상,176780
2016,전체,승합차,합계,25만km이상,194156
2016,전체,승합차,경형,25만km이상,911
2016,전체,승합차,소형,25만km이상,840
2016,전체,승합차,중형,25만km이상,125724
2016,전체,승합차,대형,25만km이상,66681
2016,전체,화물차,합계,25만km이상,689528
2016,전체,화물차,경형,25만km이상,3868
2016,전체,화물차,소형,25만km이상,229557
2016,전체,화물차,중형,25만km이상,238383
2016,전체,화물차,대형,25만km이상,217720
2016,전체,특수차,합계,25만km이상,48237
2016,전체,특수차,경형,25만km이상,0
2016,전체,특수차,소형,25만km이상,1981
2016,전체,특수차,중형,25만km이상,4243
2016,전체,특수차,대형,25만km이상,42013
2016,비사업용,합계,합계,25만km이상,917178
2016,비사업용,합계,경형,25만km이상,5270
2016,비사업용,합계,소형,25만km이상,219349
2016,비사업용,합계,중형,25만km이상,461010
2016,비사업용,합계,대형,25만km이상,231549
2016,비사업용,승용차,합계,25만km이상,369786
2016,비사업용,승용차,경형,25만km이상,2530
2016,비사업용,승용차,소형,25만km이상,9228
2016,비사업용,승용차,중형,25만km이상,191037
2016,비사업용,승용차,대형,25만km이상,166991
2016,비사업용,승합차,합계,25만km이상,122206
2016,비사업용,승합차,경형,25만km이상,911
2016,비사업용,승합차,소형,25만km이상,839
2016,비사업용,승합차,중형,25만km이상,112788
2016,비사업용,승합차,대형,25만km이상,7668
2016,비사업용,화물차,합계,25만km이상,420427
2016,비사업용,화물차,경형,25만km이상,1829
2016,비사업용,화물차,소형,25만km이상,208632
2016,비사업용,화물차,중형,25만km이상,154750
2016,비사업용,화물차,대형,25만km이상,55216
2016,비사업용,특수차,합계,25만km이상,4759
2016,비사업용,특수차,경형,25만km이상,0
2016,비사업용,특수차,소형,25만km이상,650
2016,비사업용,특수차,중형,25만km이상,2435
2016,비사업용,특수차,대형,25만km이상,1674
2016,사업용,합계,합계,25만km이상,455933
2016,사업용,합계,경형,25만km이상,2044
2016,사업용,합계,소형,25만km이상,22262
2016,사업용,합계,중형,25만km이상,159982
2016,사업용,합계,대형,25만km이상,271645
2016,사업용,승용차,합계,25만km이상,71404
2016,사업용,승용차,경형,25만km이상,5
2016,사업용,승용차,소형,25만km이상,5
2016,사업용,승용차,중형,25만km이상,61605
2016,사업용,승용차,대형,25만km이상,9789
2016,사업용,승합차,합계,25만km이상,71950
2016,사업용,승합차,경형,25만km이상,0
2016,사업용,승합차,소형,25만km이상,1
2016,사업용,승합차,중형,25만km이상,12936
2016,사업용,승합차,대형,25만km이상,59013
2016,사업용,화물차,합계,25만km이상,269101
2016,사업용,화물차,경형,25만km이상,2039
2016,사업용,화물차,소형,25만km이상,20925
2016,사업용,화물차,중형,25만km이상,83633
2016,사업용,화물차,대형,25만km이상,162504
2016,사업용,특수차,합계,25만km이상,43478
2016,사업용,특수차,경형,25만km이상,0
2016,사업용,특수차,소형,25만km이상,1331
2016,사업용,특수차,중형,25만km이상,1808
2016,사업용,특수차,대형,25만km이상,40339
2016,전체,합계,합계,기타,0
2016,전체,합계,경형,기타,0
2016,전체,합계,소형,기타,0
2016,전체,합계,중형,기타,0
2016,전체,합계,대형,기타,0
2016,전체,승용차,합계,기타,0
2016,전체,승용차,경형,기타,0
2016,전체,승용차,소형,기타,0
2016,전체,승용차,중형,기타,0
2016,전체,승용차,대형,기타,0
2016,전체,승합차,합계,기타,0
2016,전체,승합차,경형,기타,0
2016,전체,승합차,소형,기타,0
2016,전체,승합차,중형,기타,0
2016,전체,승합차,대형,기타,0
2016,전체,화물차,합계,기타,0
2016,전체,화물차,경형,기타,0
2016,전체,화물차,소형,기타,0
2016,전체,화물차,중형,기타,0
2016,전체,화물차,대형,기타,0
2016,전체,특수차,합계,기타,0
2016,전체,특수차,경형,기타,0
2016,전체,특수차,소형,기타,0
2016,전체,특수차,중형,기타,0
2016,전체,특수차,대형,기타,0
2016,비사업용,합계,합계,기타,0
2016,비사업용,합계,경형,기타,0
2016,비사업용,합계,소형,기타,0
2016,비사업용,합계,중형,기타,0
2016,비사업용,합계,대형,기타,0
2016,비사업용,승용차,합계,기타,0
2016,비사업용,승용차,경형,기타,0
2016,비사업용,승용차,소형,기타,0
2016,비사업용,승용차,중형,기타,0
2016,비사업용,승용차,대형,기타,0
2016,비사업용,승합차,합계,기타,0
2016,비사업용,승합차,경형,기타,0
2016,비사업용,승합차,소형,기타,0
2016,비사업용,승합차,중형,기타,0
2016,비사업용,승합차,대형,기타,0
2016,비사업용,화물차,합계,기타,0
2016,비사업용,화물차,경형,기타,0
2016,비사업용,화물차,소형,기타,0
2016,비사업용,화물차,중형,기타,0
2016,비사업용,화물차,대형,기타,0
2016,비사업용,특수차,합계,기타,0
2016,비사업용,특수차,경형,기타,0
2016,비사업용,특수차,소형,기타,0
2016,비사업용,특수차,중형,기타,0
2016,비사업용,특수차,대형,기타,0
2016,사업용,합계,합계,기타,0
2016,사업용,합계,경형,기타,0
2016,사업용,합계,소형,기타,0
2016,사업용,합계,중형,기타,0
2016,사업용,합계,대형,기타,0
2016,사업용,승용차,합계,기타,0
2016,사업용,승용차,경형,기타,0
2016,사업용,승용차,소형,기타,0
2016,사업용,승용차,중형,기타,0
2016,사업용,승용차,대형,기타,0
2016,사업용,승합차,합계,기타,0
2016,사업용,승합차,경형,기타,0
2016,사업용,승합차,소형,기타,0
2016,사업용,승합차,중형,기타,0
2016,사업용,승합차,대형,기타,0
2016,사업용,화물차,합계,기타,0
2016,사업용,화물차,경형,기타,0
2016,사업용,화물차,소형,기타,0
2016,사업용,화물차,중형,기타,0
2016,사업용,화물차,대형,기타,0
2016,사업용,특수차,합계,기타,0
2016,사업용,특수차,경형,기타,0
2016,사업용,특수차,소형,기타,0
2016,사업용,특수차,중형,기타,0
2016,사업용,특수차,대형,기타,0
2017,전체,합계,합계,5만km 미만,1787624
2017,전체,합계,경형,5만km 미만,246126
2017,전체,합계,소형,5만km 미만,517902
2017,전체,합계,중형,5만km 미만,753302
2017,전체,합계,대형,5만km 미만,270294
2017,전체,승용차,합계,5만km 미만,982040
2017,전체,승용차,경형,5만km 미만,211838
2017,전체,승용차,소형,5만km 미만,19396
2017,전체,승용차,중형,5만km 미만,560822
2017,전체,승용차,대형,5만km 미만,189984
2017,전체,승합차,합계,5만km 미만,141280
2017,전체,승합차,경형,5만km 미만,8360
2017,전체,승합차,소형,5만km 미만,211
2017,전체,승합차,중형,5만km 미만,124620
2017,전체,승합차,대형,5만km 미만,8089
2017,전체,화물차,합계,5만km 미만,642365
2017,전체,화물차,경형,5만km 미만,25901
2017,전체,화물차,소형,5만km 미만,490069
2017,전체,화물차,중형,5만km 미만,60238
2017,전체,화물차,대형,5만km 미만,66157
2017,전체,특수차,합계,5만km 미만,21939
2017,전체,특수차,경형,5만km 미만,27
2017,전체,특수차,소형,5만km 미만,8226
2017,전체,특수차,중형,5만km 미만,7622
2017,전체,특수차,대형,5만km 미만,6064
2017,비사업용,합계,합계,5만km 미만,1596133
2017,비사업용,합계,경형,5만km 미만,231455
2017,비사업용,합계,소형,5만km 미만,499529
2017,비사업용,합계,중형,5만km 미만,666907
2017,비사업용,합계,대형,5만km 미만,198242
2017,비사업용,승용차,합계,5만km 미만,873074
2017,비사업용,승용차,경형,5만km 미만,199625
2017,비사업용,승용차,소형,5만km 미만,19328
2017,비사업용,승용차,중형,5만km 미만,496263
2017,비사업용,승용차,대형,5만km 미만,157858
2017,비사업용,승합차,합계,5만km 미만,125651
2017,비사업용,승합차,경형,5만km 미만,7576
2017,비사업용,승합차,소형,5만km 미만,211
2017,비사업용,승합차,중형,5만km 미만,112746
2017,비사업용,승합차,대형,5만km 미만,5118
2017,비사업용,화물차,합계,5만km 미만,587194
2017,비사업용,화물차,경형,5만km 미만,24227
2017,비사업용,화물차,소형,5만km 미만,475339
2017,비사업용,화물차,중형,5만km 미만,54248
2017,비사업용,화물차,대형,5만km 미만,33380
2017,비사업용,특수차,합계,5만km 미만,10214
2017,비사업용,특수차,경형,5만km 미만,27
2017,비사업용,특수차,소형,5만km 미만,4651
2017,비사업용,특수차,중형,5만km 미만,3650
2017,비사업용,특수차,대형,5만km 미만,1886
2017,사업용,합계,합계,5만km 미만,191491
2017,사업용,합계,경형,5만km 미만,14671
2017,사업용,합계,소형,5만km 미만,18373
2017,사업용,합계,중형,5만km 미만,86395
2017,사업용,합계,대형,5만km 미만,72052
2017,사업용,승용차,합계,5만km 미만,108966
2017,사업용,승용차,경형,5만km 미만,12213
2017,사업용,승용차,소형,5만km 미만,68
2017,사업용,승용차,중형,5만km 미만,64559
2017,사업용,승용차,대형,5만km 미만,32126
2017,사업용,승합차,합계,5만km 미만,15629
2017,사업용,승합차,경형,5만km 미만,784
2017,사업용,승합차,소형,5만km 미만,0
2017,사업용,승합차,중형,5만km 미만,11874
2017,사업용,승합차,대형,5만km 미만,2971
2017,사업용,화물차,합계,5만km 미만,55171
2017,사업용,화물차,경형,5만km 미만,1674
2017,사업용,화물차,소형,5만km 미만,14730
2017,사업용,화물차,중형,5만km 미만,5990
2017,사업용,화물차,대형,5만km 미만,32777
2017,사업용,특수차,합계,5만km 미만,11725
2017,사업용,특수차,경형,5만km 미만,0
2017,사업용,특수차,소형,5만km 미만,3575
2017,사업용,특수차,중형,5만km 미만,3972
2017,사업용,특수차,대형,5만km 미만,4178
2017,전체,합계,합계,5만km~10만km 미만,2959091
2017,전체,합계,경형,5만km~10만km 미만,302112
2017,전체,합계,소형,5만km~10만km 미만,516698
2017,전체,합계,중형,5만km~10만km 미만,1603538
2017,전체,합계,대형,5만km~10만km 미만,536743
2017,전체,승용차,합계,5만km~10만km 미만,2108455
2017,전체,승용차,경형,5만km~10만km 미만,273437
2017,전체,승용차,소형,5만km~10만km 미만,57721
2017,전체,승용차,중형,5만km~10만km 미만,1301209
2017,전체,승용차,대형,5만km~10만km 미만,476088
2017,전체,승합차,합계,5만km~10만km 미만,223584
2017,전체,승합차,경형,5만km~10만km 미만,7590
2017,전체,승합차,소형,5만km~10만km 미만,370
2017,전체,승합차,중형,5만km~10만km 미만,204629
2017,전체,승합차,대형,5만km~10만km 미만,10995
2017,전체,화물차,합계,5만km~10만km 미만,610901
2017,전체,화물차,경형,5만km~10만km 미만,21082
2017,전체,화물차,소형,5만km~10만km 미만,453106
2017,전체,화물차,중형,5만km~10만km 미만,92539
2017,전체,화물차,대형,5만km~10만km 미만,44174
2017,전체,특수차,합계,5만km~10만km 미만,16151
2017,전체,특수차,경형,5만km~10만km 미만,3
2017,전체,특수차,소형,5만km~10만km 미만,5501
2017,전체,특수차,중형,5만km~10만km 미만,5161
2017,전체,특수차,대형,5만km~10만km 미만,5486
2017,비사업용,합계,합계,5만km~10만km 미만,2725948
2017,비사업용,합계,경형,5만km~10만km 미만,288945
2017,비사업용,합계,소형,5만km~10만km 미만,494421
2017,비사업용,합계,중형,5만km~10만km 미만,1480896
2017,비사업용,합계,대형,5만km~10만km 미만,461686
2017,비사업용,승용차,합계,5만km~10만km 미만,1951451
2017,비사업용,승용차,경형,5만km~10만km 미만,263151
2017,비사업용,승용차,소형,5만km~10만km 미만,57676
2017,비사업용,승용차,중형,5만km~10만km 미만,1201581
2017,비사업용,승용차,대형,5만km~10만km 미만,429043
2017,비사업용,승합차,합계,5만km~10만km 미만,205783
2017,비사업용,승합차,경형,5만km~10만km 미만,7521
2017,비사업용,승합차,소형,5만km~10만km 미만,370
2017,비사업용,승합차,중형,5만km~10만km 미만,193596
2017,비사업용,승합차,대형,5만km~10만km 미만,4296
2017,비사업용,화물차,합계,5만km~10만km 미만,564395
2017,비사업용,화물차,경형,5만km~10만km 미만,18270
2017,비사업용,화물차,소형,5만km~10만km 미만,434356
2017,비사업용,화물차,중형,5만km~10만km 미만,84043
2017,비사업용,화물차,대형,5만km~10만km 미만,27726
2017,비사업용,특수차,합계,5만km~10만km 미만,4319
2017,비사업용,특수차,경형,5만km~10만km 미만,3
2017,비사업용,특수차,소형,5만km~10만km 미만,2019
2017,비사업용,특수차,중형,5만km~10만km 미만,1676
2017,비사업용,특수차,대형,5만km~10만km 미만,621
2017,사업용,합계,합계,5만km~10만km 미만,233143
2017,사업용,합계,경형,5만km~10만km 미만,13167
2017,사업용,합계,소형,5만km~10만km 미만,22277
2017,사업용,합계,중형,5만km~10만km 미만,122642
2017,사업용,합계,대형,5만km~10만km 미만,75057
2017,사업용,승용차,합계,5만km~10만km 미만,157004
2017,사업용,승용차,경형,5만km~10만km 미만,10286
2017,사업용,승용차,소형,5만km~10만km 미만,45
2017,사업용,승용차,중형,5만km~10만km 미만,99628
2017,사업용,승용차,대형,5만km~10만km 미만,47045
2017,사업용,승합차,합계,5만km~10만km 미만,17801
2017,사업용,승합차,경형,5만km~10만km 미만,69
2017,사업용,승합차,소형,5만km~10만km 미만,0
2017,사업용,승합차,중형,5만km~10만km 미만,11033
2017,사업용,승합차,대형,5만km~10만km 미만,6699
2017,사업용,화물차,합계,5만km~10만km 미만,46506
2017,사업용,화물차,경형,5만km~10만km 미만,2812
2017,사업용,화물차,소형,5만km~10만km 미만,18750
2017,사업용,화물차,중형,5만km~10만km 미만,8496
2017,사업용,화물차,대형,5만km~10만km 미만,16448
2017,사업용,특수차,합계,5만km~10만km 미만,11832
2017,사업용,특수차,경형,5만km~10만km 미만,0
2017,사업용,특수차,소형,5만km~10만km 미만,3482
2017,사업용,특수차,중형,5만km~10만km 미만,3485
2017,사업용,특수차,대형,5만km~10만km 미만,4865
2017,전체,합계,합계,10만km~15만km 미만,2365711
2017,전체,합계,경형,10만km~15만km 미만,131790
2017,전체,합계,소형,10만km~15만km 미만,435210
2017,전체,합계,중형,10만km~15만km 미만,1335412
2017,전체,합계,대형,10만km~15만km 미만,463299
2017,전체,승용차,합계,10만km~15만km 미만,1580113
2017,전체,승용차,경형,10만km~15만km 미만,114198
2017,전체,승용차,소형,10만km~15만km 미만,56784
2017,전체,승용차,중형,10만km~15만km 미만,994509
2017,전체,승용차,대형,10만km~15만km 미만,414622
2017,전체,승합차,합계,10만km~15만km 미만,234414
2017,전체,승합차,경형,10만km~15만km 미만,4595
2017,전체,승합차,소형,10만km~15만km 미만,769
2017,전체,승합차,중형,10만km~15만km 미만,219614
2017,전체,승합차,대형,10만km~15만km 미만,9436
2017,전체,화물차,합계,10만km~15만km 미만,539937
2017,전체,화물차,경형,10만km~15만km 미만,12997
2017,전체,화물차,소형,10만km~15만km 미만,374681
2017,전체,화물차,중형,10만km~15만km 미만,117472
2017,전체,화물차,대형,10만km~15만km 미만,34787
2017,전체,특수차,합계,10만km~15만km 미만,11247
2017,전체,특수차,경형,10만km~15만km 미만,0
2017,전체,특수차,소형,10만km~15만km 미만,2976
2017,전체,특수차,중형,10만km~15만km 미만,3817
2017,전체,특수차,대형,10만km~15만km 미만,4454
2017,비사업용,합계,합계,10만km~15만km 미만,2221174
2017,비사업용,합계,경형,10만km~15만km 미만,127590
2017,비사업용,합계,소형,10만km~15만km 미만,416917
2017,비사업용,합계,중형,10만km~15만km 미만,1257499
2017,비사업용,합계,대형,10만km~15만km 미만,419168
2017,비사업용,승용차,합계,10만km~15만km 미만,1500729
2017,비사업용,승용차,경형,10만km~15만km 미만,112164
2017,비사업용,승용차,소형,10만km~15만km 미만,56771
2017,비사업용,승용차,중형,10만km~15만km 미만,936238
2017,비사업용,승용차,대형,10만km~15만km 미만,395556
2017,비사업용,승합차,합계,10만km~15만km 미만,220899
2017,비사업용,승합차,경형,10만km~15만km 미만,4582
2017,비사업용,승합차,소형,10만km~15만km 미만,769
2017,비사업용,승합차,중형,10만km~15만km 미만,211884
2017,비사업용,승합차,대형,10만km~15만km 미만,3664
2017,비사업용,화물차,합계,10만km~15만km 미만,496291
2017,비사업용,화물차,경형,10만km~15만km 미만,10844
2017,비사업용,화물차,소형,10만km~15만km 미만,358109
2017,비사업용,화물차,중형,10만km~15만km 미만,107842
2017,비사업용,화물차,대형,10만km~15만km 미만,19496
2017,비사업용,특수차,합계,10만km~15만km 미만,3255
2017,비사업용,특수차,경형,10만km~15만km 미만,0
2017,비사업용,특수차,소형,10만km~15만km 미만,1268
2017,비사업용,특수차,중형,10만km~15만km 미만,1535
2017,비사업용,특수차,대형,10만km~15만km 미만,452
2017,사업용,합계,합계,10만km~15만km 미만,144537
2017,사업용,합계,경형,10만km~15만km 미만,4200
2017,사업용,합계,소형,10만km~15만km 미만,18293
2017,사업용,합계,중형,10만km~15만km 미만,77913
2017,사업용,합계,대형,10만km~15만km 미만,44131
2017,사업용,승용차,합계,10만km~15만km 미만,79384
2017,사업용,승용차,경형,10만km~15만km 미만,2034
2017,사업용,승용차,소형,10만km~15만km 미만,13
2017,사업용,승용차,중형,10만km~15만km 미만,58271
2017,사업용,승용차,대형,10만km~15만km 미만,19066
2017,사업용,승합차,합계,10만km~15만km 미만,13515
2017,사업용,승합차,경형,10만km~15만km 미만,13
2017,사업용,승합차,소형,10만km~15만km 미만,0
2017,사업용,승합차,중형,10만km~15만km 미만,7730
2017,사업용,승합차,대형,10만km~15만km 미만,5772
2017,사업용,화물차,합계,10만km~15만km 미만,43646
2017,사업용,화물차,경형,10만km~15만km 미만,2153
2017,사업용,화물차,소형,10만km~15만km 미만,16572
2017,사업용,화물차,중형,10만km~15만km 미만,9630
2017,사업용,화물차,대형,10만km~15만km 미만,15291
2017,사업용,특수차,합계,10만km~15만km 미만,7992
2017,사업용,특수차,경형,10만km~15만km 미만,0
2017,사업용,특수차,소형,10만km~15만km 미만,1708
2017,사업용,특수차,중형,10만km~15만km 미만,2282
2017,사업용,특수차,대형,10만km~15만km 미만,4002
2017,전체,합계,합계,15만km~20만km 미만,1657123
2017,전체,합계,경형,15만km~20만km 미만,44557
2017,전체,합계,소형,15만km~20만km 미만,348217
2017,전체,합계,중형,15만km~20만km 미만,912372
2017,전체,합계,대형,15만km~20만km 미만,351977
2017,전체,승용차,합계,15만km~20만km 미만,986756
2017,전체,승용차,경형,15만km~20만km 미만,35483
2017,전체,승용차,소형,15만km~20만km 미만,34325
2017,전체,승용차,중형,15만km~20만km 미만,608412
2017,전체,승용차,대형,15만km~20만km 미만,308536
2017,전체,승합차,합계,15만km~20만km 미만,190666
2017,전체,승합차,경형,15만km~20만km 미만,2222
2017,전체,승합차,소형,15만km~20만km 미만,1132
2017,전체,승합차,중형,15만km~20만km 미만,178515
2017,전체,승합차,대형,15만km~20만km 미만,8797
2017,전체,화물차,합계,15만km~20만km 미만,472028
2017,전체,화물차,경형,15만km~20만km 미만,6852
2017,전체,화물차,소형,15만km~20만km 미만,310773
2017,전체,화물차,중형,15만km~20만km 미만,123089
2017,전체,화물차,대형,15만km~20만km 미만,31314
2017,전체,특수차,합계,15만km~20만km 미만,7673
2017,전체,특수차,경형,15만km~20만km 미만,0
2017,전체,특수차,소형,15만km~20만km 미만,1987
2017,전체,특수차,중형,15만km~20만km 미만,2356
2017,전체,특수차,대형,15만km~20만km 미만,3330
2017,비사업용,합계,합계,15만km~20만km 미만,1554517
2017,비사업용,합계,경형,15만km~20만km 미만,42477
2017,비사업용,합계,소형,15만km~20만km 미만,333748
2017,비사업용,합계,중형,15만km~20만km 미만,858058
2017,비사업용,합계,대형,15만km~20만km 미만,320234
2017,비사업용,승용차,합계,15만km~20만km 미만,942485
2017,비사업용,승용차,경형,15만km~20만km 미만,35193
2017,비사업용,승용차,소형,15만km~20만km 미만,34325
2017,비사업용,승용차,중형,15만km~20만km 미만,572144
2017,비사업용,승용차,대형,15만km~20만km 미만,300823
2017,비사업용,승합차,합계,15만km~20만km 미만,177785
2017,비사업용,승합차,경형,15만km~20만km 미만,2221
2017,비사업용,승합차,소형,15만km~20만km 미만,1132
2017,비사업용,승합차,중형,15만km~20만km 미만,172002
2017,비사업용,승합차,대형,15만km~20만km 미만,2430
2017,비사업용,화물차,합계,15만km~20만km 미만,431787
2017,비사업용,화물차,경형,15만km~20만km 미만,5063
2017,비사업용,화물차,소형,15만km~20만km 미만,297482
2017,비사업용,화물차,중형,15만km~20만km 미만,112546
2017,비사업용,화물차,대형,15만km~20만km 미만,16696
2017,비사업용,특수차,합계,15만km~20만km 미만,2460
2017,비사업용,특수차,경형,15만km~20만km 미만,0
2017,비사업용,특수차,소형,15만km~20만km 미만,809
2017,비사업용,특수차,중형,15만km~20만km 미만,1366
2017,비사업용,특수차,대형,15만km~20만km 미만,285
2017,사업용,합계,합계,15만km~20만km 미만,102606
2017,사업용,합계,경형,15만km~20만km 미만,2080
2017,사업용,합계,소형,15만km~20만km 미만,14469
2017,사업용,합계,중형,15만km~20만km 미만,54314
2017,사업용,합계,대형,15만km~20만km 미만,31743
2017,사업용,승용차,합계,15만km~20만km 미만,44271
2017,사업용,승용차,경형,15만km~20만km 미만,290
2017,사업용,승용차,소형,15만km~20만km 미만,0
2017,사업용,승용차,중형,15만km~20만km 미만,36268
2017,사업용,승용차,대형,15만km~20만km 미만,7713
2017,사업용,승합차,합계,15만km~20만km 미만,12881
2017,사업용,승합차,경형,15만km~20만km 미만,1
2017,사업용,승합차,소형,15만km~20만km 미만,0
2017,사업용,승합차,중형,15만km~20만km 미만,6513
2017,사업용,승합차,대형,15만km~20만km 미만,6367
2017,사업용,화물차,합계,15만km~20만km 미만,40241
2017,사업용,화물차,경형,15만km~20만km 미만,1789
2017,사업용,화물차,소형,15만km~20만km 미만,13291
2017,사업용,화물차,중형,15만km~20만km 미만,10543
2017,사업용,화물차,대형,15만km~20만km 미만,14618
2017,사업용,특수차,합계,15만km~20만km 미만,5213
2017,사업용,특수차,경형,15만km~20만km 미만,0
2017,사업용,특수차,소형,15만km~20만km 미만,1178
2017,사업용,특수차,중형,15만km~20만km 미만,990
2017,사업용,특수차,대형,15만km~20만km 미만,3045
2017,전체,합계,합계,20만km~25만km 미만,1019531
2017,전체,합계,경형,20만km~25만km 미만,12723
2017,전체,합계,소형,20만km~25만km 미만,234577
2017,전체,합계,중형,20만km~25만km 미만,537851
2017,전체,합계,대형,20만km~25만km 미만,234380
2017,전체,승용차,합계,20만km~25만km 미만,534969
2017,전체,승용차,경형,20만km~25만km 미만,8375
2017,전체,승용차,소형,20만km~25만km 미만,14952
2017,전체,승용차,중형,20만km~25만km 미만,316425
2017,전체,승용차,대형,20만km~25만km 미만,195217
2017,전체,승합차,합계,20만km~25만km 미만,126935
2017,전체,승합차,경형,20만km~25만km 미만,939
2017,전체,승합차,소형,20만km~25만km 미만,1021
2017,전체,승합차,중형,20만km~25만km 미만,117609
2017,전체,승합차,대형,20만km~25만km 미만,7366
2017,전체,화물차,합계,20만km~25만km 미만,351626
2017,전체,화물차,경형,20만km~25만km 미만,3409
2017,전체,화물차,소형,20만km~25만km 미만,217050
2017,전체,화물차,중형,20만km~25만km 미만,102142
2017,전체,화물차,대형,20만km~25만km 미만,29025
2017,전체,특수차,합계,20만km~25만km 미만,6001
2017,전체,특수차,경형,20만km~25만km 미만,0
2017,전체,특수차,소형,20만km~25만km 미만,1554
2017,전체,특수차,중형,20만km~25만km 미만,1675
2017,전체,특수차,대형,20만km~25만km 미만,2772
2017,비사업용,합계,합계,20만km~25만km 미만,935664
2017,비사업용,합계,경형,20만km~25만km 미만,11411
2017,비사업용,합계,소형,20만km~25만km 미만,223719
2017,비사업용,합계,중형,20만km~25만km 미만,494019
2017,비사업용,합계,대형,20만km~25만km 미만,206515
2017,비사업용,승용차,합계,20만km~25만km 미만,503108
2017,비사업용,승용차,경형,20만km~25만km 미만,8339
2017,비사업용,승용차,소형,20만km~25만km 미만,14952
2017,비사업용,승용차,중형,20만km~25만km 미만,288734
2017,비사업용,승용차,대형,20만km~25만km 미만,191083
2017,비사업용,승합차,합계,20만km~25만km 미만,115815
2017,비사업용,승합차,경형,20만km~25만km 미만,939
2017,비사업용,승합차,소형,20만km~25만km 미만,1021
2017,비사업용,승합차,중형,20만km~25만km 미만,112309
2017,비사업용,승합차,대형,20만km~25만km 미만,1546
2017,비사업용,화물차,합계,20만km~25만km 미만,314832
2017,비사업용,화물차,경형,20만km~25만km 미만,2133
2017,비사업용,화물차,소형,20만km~25만km 미만,207194
2017,비사업용,화물차,중형,20만km~25만km 미만,91851
2017,비사업용,화물차,대형,20만km~25만km 미만,13654
2017,비사업용,특수차,합계,20만km~25만km 미만,1909
2017,비사업용,특수차,경형,20만km~25만km 미만,0
2017,비사업용,특수차,소형,20만km~25만km 미만,552
2017,비사업용,특수차,중형,20만km~25만km 미만,1125
2017,비사업용,특수차,대형,20만km~25만km 미만,232
2017,사업용,합계,합계,20만km~25만km 미만,83867
2017,사업용,합계,경형,20만km~25만km 미만,1312
2017,사업용,합계,소형,20만km~25만km 미만,10858
2017,사업용,합계,중형,20만km~25만km 미만,43832
2017,사업용,합계,대형,20만km~25만km 미만,27865
2017,사업용,승용차,합계,20만km~25만km 미만,31861
2017,사업용,승용차,경형,20만km~25만km 미만,36
2017,사업용,승용차,소형,20만km~25만km 미만,0
2017,사업용,승용차,중형,20만km~25만km 미만,27691
2017,사업용,승용차,대형,20만km~25만km 미만,4134
2017,사업용,승합차,합계,20만km~25만km 미만,11120
2017,사업용,승합차,경형,20만km~25만km 미만,0
2017,사업용,승합차,소형,20만km~25만km 미만,0
2017,사업용,승합차,중형,20만km~25만km 미만,5300
2017,사업용,승합차,대형,20만km~25만km 미만,5820
2017,사업용,화물차,합계,20만km~25만km 미만,36794
2017,사업용,화물차,경형,20만km~25만km 미만,1276
2017,사업용,화물차,소형,20만km~25만km 미만,9856
2017,사업용,화물차,중형,20만km~25만km 미만,10291
2017,사업용,화물차,대형,20만km~25만km 미만,15371
2017,사업용,특수차,합계,20만km~25만km 미만,4092
2017,사업용,특수차,경형,20만km~25만km 미만,0
2017,사업용,특수차,소형,20만km~25만km 미만,1002
2017,사업용,특수차,중형,20만km~25만km 미만,550
2017,사업용,특수차,대형,20만km~25만km 미만,2540
2017,전체,합계,합계,25만km이상,1421184
2017,전체,합계,경형,25만km이상,7515
2017,전체,합계,소형,25만km이상,247451
2017,전체,합계,중형,25만km이상,647188
2017,전체,합계,대형,25만km이상,519030
2017,전체,승용차,합계,25만km이상,466246
2017,전체,승용차,경형,25만km이상,2596
2017,전체,승용차,소형,25만km이상,8602
2017,전체,승용차,중형,25만km이상,272495
2017,전체,승용차,대형,25만km이상,182553
2017,전체,승합차,합계,25만km이상,199908
2017,전체,승합차,경형,25만km이상,837
2017,전체,승합차,소형,25만km이상,1572
2017,전체,승합차,중형,25만km이상,131690
2017,전체,승합차,대형,25만km이상,65809
2017,전체,화물차,합계,25만km이상,705565
2017,전체,화물차,경형,25만km이상,4082
2017,전체,화물차,소형,25만km이상,234754
2017,전체,화물차,중형,25만km이상,238924
2017,전체,화물차,대형,25만km이상,227805
2017,전체,특수차,합계,25만km이상,49465
2017,전체,특수차,경형,25만km이상,0
2017,전체,특수차,소형,25만km이상,2523
2017,전체,특수차,중형,25만km이상,4079
2017,전체,특수차,대형,25만km이상,42863
2017,비사업용,합계,합계,25만km이상,960469
2017,비사업용,합계,경형,25만km이상,5322
2017,비사업용,합계,소형,25만km이상,224068
2017,비사업용,합계,중형,25만km이상,488767
2017,비사업용,합계,대형,25만km이상,242312
2017,비사업용,승용차,합계,25만km이상,392961
2017,비사업용,승용차,경형,25만km이상,2591
2017,비사업용,승용차,소형,25만km이상,8602
2017,비사업용,승용차,중형,25만km이상,208752
2017,비사업용,승용차,대형,25만km이상,173016
2017,비사업용,승합차,합계,25만km이상,130867
2017,비사업용,승합차,경형,25만km이상,837
2017,비사업용,승합차,소형,25만km이상,1572
2017,비사업용,승합차,중형,25만km이상,120336
2017,비사업용,승합차,대형,25만km이상,8122
2017,비사업용,화물차,합계,25만km이상,431382
2017,비사업용,화물차,경형,25만km이상,1894
2017,비사업용,화물차,소형,25만km이상,213050
2017,비사업용,화물차,중형,25만km이상,157178
2017,비사업용,화물차,대형,25만km이상,59260
2017,비사업용,특수차,합계,25만km이상,5259
2017,비사업용,특수차,경형,25만km이상,0
2017,비사업용,특수차,소형,25만km이상,844
2017,비사업용,특수차,중형,25만km이상,2501
2017,비사업용,특수차,대형,25만km이상,1914
2017,사업용,합계,합계,25만km이상,460715
2017,사업용,합계,경형,25만km이상,2193
2017,사업용,합계,소형,25만km이상,23383
2017,사업용,합계,중형,25만km이상,158421
2017,사업용,합계,대형,25만km이상,276718
2017,사업용,승용차,합계,25만km이상,73285
2017,사업용,승용차,경형,25만km이상,5
2017,사업용,승용차,소형,25만km이상,0
2017,사업용,승용차,중형,25만km이상,63743
2017,사업용,승용차,대형,25만km이상,9537
2017,사업용,승합차,합계,25만km이상,69041
2017,사업용,승합차,경형,25만km이상,0
2017,사업용,승합차,소형,25만km이상,0
2017,사업용,승합차,중형,25만km이상,11354
2017,사업용,승합차,대형,25만km이상,57687
2017,사업용,화물차,합계,25만km이상,274183
2017,사업용,화물차,경형,25만km이상,2188
2017,사업용,화물차,소형,25만km이상,21704
2017,사업용,화물차,중형,25만km이상,81746
2017,사업용,화물차,대형,25만km이상,168545
2017,사업용,특수차,합계,25만km이상,44206
2017,사업용,특수차,경형,25만km이상,0
2017,사업용,특수차,소형,25만km이상,1679
2017,사업용,특수차,중형,25만km이상,1578
2017,사업용,특수차,대형,25만km이상,40949
2017,전체,합계,합계,기타,0
2017,전체,합계,경형,기타,0
2017,전체,합계,소형,기타,0
2017,전체,합계,중형,기타,0
2017,전체,합계,대형,기타,0
2017,전체,승용차,합계,기타,0
2017,전체,승용차,경형,기타,0
2017,전체,승용차,소형,기타,0
2017,전체,승용차,중형,기타,0
2017,전체,승용차,대형,기타,0
2017,전체,승합차,합계,기타,0
2017,전체,승합차,경형,기타,0
2017,전체,승합차,소형,기타,0
2017,전체,승합차,중형,기타,0
2017,전체,승합차,대형,기타,0
2017,전체,화물차,합계,기타,0
2017,전체,화물차,경형,기타,0
2017,전체,화물차,소형,기타,0
2017,전체,화물차,중형,기타,0
2017,전체,화물차,대형,기타,0
2017,전체,특수차,합계,기타,0
2017,전체,특수차,경형,기타,0
2017,전체,특수차,소형,기타,0
2017,전체,특수차,중형,기타,0
2017,전체,특수차,대형,기타,0
2017,비사업용,합계,합계,기타,0
2017,비사업용,합계,경형,기타,0
2017,비사업용,합계,소형,기타,0
2017,비사업용,합계,중형,기타,0
2017,비사업용,합계,대형,기타,0
2017,비사업용,승용차,합계,기타,0
2017,비사업용,승용차,경형,기타,0
2017,비사업용,승용차,소형,기타,0
2017,비사업용,승용차,중형,기타,0
2017,비사업용,승용차,대형,기타,0
2017,비사업용,승합차,합계,기타,0
2017,비사업용,승합차,경형,기타,0
2017,비사업용,승합차,소형,기타,0
2017,비사업용,승합차,중형,기타,0
2017,비사업용,승합차,대형,기타,0
2017,비사업용,화물차,합계,기타,0
2017,비사업용,화물차,경형,기타,0
2017,비사업용,화물차,소형,기타,0
2017,비사업용,화물차,중형,기타,0
2017,비사업용,화물차,대형,기타,0
2017,비사업용,특수차,합계,기타,0
2017,비사업용,특수차,경형,기타,0
2017,비사업용,특수차,소형,기타,0
2017,비사업용,특수차,중형,기타,0
2017,비사업용,특수차,대형,기타,0
2017,사업용,합계,합계,기타,0
2017,사업용,합계,경형,기타,0
2017,사업용,합계,소형,기타,0
2017,사업용,합계,중형,기타,0
2017,사업용,합계,대형,기타,0
2017,사업용,승용차,합계,기타,0
2017,사업용,승용차,경형,기타,0
2017,사업용,승용차,소형,기타,0
2017,사업용,승용차,중형,기타,0
2017,사업용,승용차,대형,기타,0
2017,사업용,승합차,합계,기타,0
2017,사업용,승합차,경형,기타,0
2017,사업용,승합차,소형,기타,0
2017,사업용,승합차,중형,기타,0
2017,사업용,승합차,대형,기타,0
2017,사업용,화물차,합계,기타,0
2017,사업용,화물차,경형,기타,0
2017,사업용,화물차,소형,기타,0
2017,사업용,화물차,중형,기타,0
2017,사업용,화물차,대형,기타,0
2017,사업용,특수차,합계,기타,0
2017,사업용,특수차,경형,기타,0
2017,사업용,특수차,소형,기타,0
2017,사업용,특수차,중형,기타,0
2017,사업용,특수차,대형,기타,0
2018,전체,합계,합계,5만km 미만,1876193
2018,전체,합계,경형,5만km 미만,271658
2018,전체,합계,소형,5만km 미만,538463
2018,전체,합계,중형,5만km 미만,776741
2018,전체,합계,대형,5만km 미만,289331
2018,전체,승용차,합계,5만km 미만,1048395
2018,전체,승용차,경형,5만km 미만,238209
2018,전체,승용차,소형,5만km 미만,12772
2018,전체,승용차,중형,5만km 미만,588808
2018,전체,승용차,대형,5만km 미만,208606
2018,전체,승합차,합계,5만km 미만,135179
2018,전체,승합차,경형,5만km 미만,7487
2018,전체,승합차,소형,5만km 미만,64
2018,전체,승합차,중형,5만km 미만,119606
2018,전체,승합차,대형,5만km 미만,8022
2018,전체,화물차,합계,5만km 미만,668324
2018,전체,화물차,경형,5만km 미만,25923
2018,전체,화물차,소형,5만km 미만,516020
2018,전체,화물차,중형,5만km 미만,59934
2018,전체,화물차,대형,5만km 미만,66447
2018,전체,특수차,합계,5만km 미만,24295
2018,전체,특수차,경형,5만km 미만,39
2018,전체,특수차,소형,5만km 미만,9607
2018,전체,특수차,중형,5만km 미만,8393
2018,전체,특수차,대형,5만km 미만,6256
2018,비사업용,합계,합계,5만km 미만,1657152
2018,비사업용,합계,경형,5만km 미만,254093
2018,비사업용,합계,소형,5만km 미만,518896
2018,비사업용,합계,중형,5만km 미만,677202
2018,비사업용,합계,대형,5만km 미만,206961
2018,비사업용,승용차,합계,5만km 미만,912949
2018,비사업용,승용차,경형,5만km 미만,222900
2018,비사업용,승용차,소형,5만km 미만,12729
2018,비사업용,승용차,중형,5만km 미만,512346
2018,비사업용,승용차,대형,5만km 미만,164974
2018,비사업용,승합차,합계,5만km 미만,119663
2018,비사업용,승합차,경형,5만km 미만,6856
2018,비사업용,승합차,소형,5만km 미만,64
2018,비사업용,승합차,중형,5만km 미만,107232
2018,비사업용,승합차,대형,5만km 미만,5511
2018,비사업용,화물차,합계,5만km 미만,612788
2018,비사업용,화물차,경형,5만km 미만,24298
2018,비사업용,화물차,소형,5만km 미만,499964
2018,비사업용,화물차,중형,5만km 미만,53986
2018,비사업용,화물차,대형,5만km 미만,34540
2018,비사업용,특수차,합계,5만km 미만,11752
2018,비사업용,특수차,경형,5만km 미만,39
2018,비사업용,특수차,소형,5만km 미만,6139
2018,비사업용,특수차,중형,5만km 미만,3638
2018,비사업용,특수차,대형,5만km 미만,1936
2018,사업용,합계,합계,5만km 미만,219041
2018,사업용,합계,경형,5만km 미만,17565
2018,사업용,합계,소형,5만km 미만,19567
2018,사업용,합계,중형,5만km 미만,99539
2018,사업용,합계,대형,5만km 미만,82370
2018,사업용,승용차,합계,5만km 미만,135446
2018,사업용,승용차,경형,5만km 미만,15309
2018,사업용,승용차,소형,5만km 미만,43
2018,사업용,승용차,중형,5만km 미만,76462
2018,사업용,승용차,대형,5만km 미만,43632
2018,사업용,승합차,합계,5만km 미만,15516
2018,사업용,승합차,경형,5만km 미만,631
2018,사업용,승합차,소형,5만km 미만,0
2018,사업용,승합차,중형,5만km 미만,12374
2018,사업용,승합차,대형,5만km 미만,2511
2018,사업용,화물차,합계,5만km 미만,55536
2018,사업용,화물차,경형,5만km 미만,1625
2018,사업용,화물차,소형,5만km 미만,16056
2018,사업용,화물차,중형,5만km 미만,5948
2018,사업용,화물차,대형,5만km 미만,31907
2018,사업용,특수차,합계,5만km 미만,12543
2018,사업용,특수차,경형,5만km 미만,0
2018,사업용,특수차,소형,5만km 미만,3468
2018,사업용,특수차,중형,5만km 미만,4755
2018,사업용,특수차,대형,5만km 미만,4320
2018,전체,합계,합계,5만km~10만km 미만,3051801
2018,전체,합계,경형,5만km~10만km 미만,349356
2018,전체,합계,소형,5만km~10만km 미만,530779
2018,전체,합계,중형,5만km~10만km 미만,1621214
2018,전체,합계,대형,5만km~10만km 미만,550452
2018,전체,승용차,합계,5만km~10만km 미만,2183130
2018,전체,승용차,경형,5만km~10만km 미만,321259
2018,전체,승용차,소형,5만km~10만km 미만,46551
2018,전체,승용차,중형,5만km~10만km 미만,1327173
2018,전체,승용차,대형,5만km~10만km 미만,488147
2018,전체,승합차,합계,5만km~10만km 미만,220763
2018,전체,승합차,경형,5만km~10만km 미만,7109
2018,전체,승합차,소형,5만km~10만km 미만,108
2018,전체,승합차,중형,5만km~10만km 미만,201916
2018,전체,승합차,대형,5만km~10만km 미만,11630
2018,전체,화물차,합계,5만km~10만km 미만,630312
2018,전체,화물차,경형,5만km~10만km 미만,20983
2018,전체,화물차,소형,5만km~10만km 미만,477754
2018,전체,화물차,중형,5만km~10만km 미만,86648
2018,전체,화물차,대형,5만km~10만km 미만,44927
2018,전체,특수차,합계,5만km~10만km 미만,17596
2018,전체,특수차,경형,5만km~10만km 미만,5
2018,전체,특수차,소형,5만km~10만km 미만,6366
2018,전체,특수차,중형,5만km~10만km 미만,5477
2018,전체,특수차,대형,5만km~10만km 미만,5748
2018,비사업용,합계,합계,5만km~10만km 미만,2800404
2018,비사업용,합계,경형,5만km~10만km 미만,334960
2018,비사업용,합계,소형,5만km~10만km 미만,506791
2018,비사업용,합계,중형,5만km~10만km 미만,1493378
2018,비사업용,합계,대형,5만km~10만km 미만,465275
2018,비사업용,승용차,합계,5만km~10만km 미만,2010340
2018,비사업용,승용차,경형,5만km~10만km 미만,309521
2018,비사업용,승용차,소형,5만km~10만km 미만,46514
2018,비사업용,승용차,중형,5만km~10만km 미만,1222086
2018,비사업용,승용차,대형,5만km~10만km 미만,432219
2018,비사업용,승합차,합계,5만km~10만km 미만,203321
2018,비사업용,승합차,경형,5만km~10만km 미만,7074
2018,비사업용,승합차,소형,5만km~10만km 미만,108
2018,비사업용,승합차,중형,5만km~10만km 미만,191379
2018,비사업용,승합차,대형,5만km~10만km 미만,4760
2018,비사업용,화물차,합계,5만km~10만km 미만,581954
2018,비사업용,화물차,경형,5만km~10만km 미만,18360
2018,비사업용,화물차,소형,5만km~10만km 미만,457692
2018,비사업용,화물차,중형,5만km~10만km 미만,78233
2018,비사업용,화물차,대형,5만km~10만km 미만,27669
2018,비사업용,특수차,합계,5만km~10만km 미만,4789
2018,비사업용,특수차,경형,5만km~10만km 미만,5
2018,비사업용,특수차,소형,5만km~10만km 미만,2477
2018,비사업용,특수차,중형,5만km~10만km 미만,1680
2018,비사업용,특수차,대형,5만km~10만km 미만,627
2018,사업용,합계,합계,5만km~10만km 미만,251397
2018,사업용,합계,경형,5만km~10만km 미만,14396
2018,사업용,합계,소형,5만km~10만km 미만,23988
2018,사업용,합계,중형,5만km~10만km 미만,127836
2018,사업용,합계,대형,5만km~10만km 미만,85177
2018,사업용,승용차,합계,5만km~10만km 미만,172790
2018,사업용,승용차,경형,5만km~10만km 미만,11738
2018,사업용,승용차,소형,5만km~10만km 미만,37
2018,사업용,승용차,중형,5만km~10만km 미만,105087
2018,사업용,승용차,대형,5만km~10만km 미만,55928
2018,사업용,승합차,합계,5만km~10만km 미만,17442
2018,사업용,승합차,경형,5만km~10만km 미만,35
2018,사업용,승합차,소형,5만km~10만km 미만,0
2018,사업용,승합차,중형,5만km~10만km 미만,10537
2018,사업용,승합차,대형,5만km~10만km 미만,6870
2018,사업용,화물차,합계,5만km~10만km 미만,48358
2018,사업용,화물차,경형,5만km~10만km 미만,2623
2018,사업용,화물차,소형,5만km~10만km 미만,20062
2018,사업용,화물차,중형,5만km~10만km 미만,8415
2018,사업용,화물차,대형,5만km~10만km 미만,17258
2018,사업용,특수차,합계,5만km~10만km 미만,12807
2018,사업용,특수차,경형,5만km~10만km 미만,0
2018,사업용,특수차,소형,5만km~10만km 미만,3889
2018,사업용,특수차,중형,5만km~10만km 미만,3797
2018,사업용,특수차,대형,5만km~10만km 미만,5121
2018,전체,합계,합계,10만km~15만km 미만,2419399
2018,전체,합계,경형,10만km~15만km 미만,153690
2018,전체,합계,소형,10만km~15만km 미만,441586
2018,전체,합계,중형,10만km~15만km 미만,1357773
2018,전체,합계,대형,10만km~15만km 미만,466350
2018,전체,승용차,합계,10만km~15만km 미만,1623114
2018,전체,승용차,경형,10만km~15만km 미만,136616
2018,전체,승용차,소형,10만km~15만km 미만,49081
2018,전체,승용차,중형,10만km~15만km 미만,1020209
2018,전체,승용차,대형,10만km~15만km 미만,417208
2018,전체,승합차,합계,10만km~15만km 미만,238438
2018,전체,승합차,경형,10만km~15만km 미만,4263
2018,전체,승합차,소형,10만km~15만km 미만,171
2018,전체,승합차,중형,10만km~15만km 미만,224825
2018,전체,승합차,대형,10만km~15만km 미만,9179
2018,전체,화물차,합계,10만km~15만km 미만,545722
2018,전체,화물차,경형,10만km~15만km 미만,12811
2018,전체,화물차,소형,10만km~15만km 미만,388624
2018,전체,화물차,중형,10만km~15만km 미만,108631
2018,전체,화물차,대형,10만km~15만km 미만,35656
2018,전체,특수차,합계,10만km~15만km 미만,12125
2018,전체,특수차,경형,10만km~15만km 미만,0
2018,전체,특수차,소형,10만km~15만km 미만,3710
2018,전체,특수차,중형,10만km~15만km 미만,4108
2018,전체,특수차,대형,10만km~15만km 미만,4307
2018,비사업용,합계,합계,10만km~15만km 미만,2269433
2018,비사업용,합계,경형,10만km~15만km 미만,149063
2018,비사업용,합계,소형,10만km~15만km 미만,422807
2018,비사업용,합계,중형,10만km~15만km 미만,1278689
2018,비사업용,합계,대형,10만km~15만km 미만,418874
2018,비사업용,승용차,합계,10만km~15만km 미만,1538752
2018,비사업용,승용차,경형,10만km~15만km 미만,134059
2018,비사업용,승용차,소형,10만km~15만km 미만,49063
2018,비사업용,승용차,중형,10만km~15만km 미만,960332
2018,비사업용,승용차,대형,10만km~15만km 미만,395298
2018,비사업용,승합차,합계,10만km~15만km 미만,225362
2018,비사업용,승합차,경형,10만km~15만km 미만,4258
2018,비사업용,승합차,소형,10만km~15만km 미만,169
2018,비사업용,승합차,중형,10만km~15만km 미만,217305
2018,비사업용,승합차,대형,10만km~15만km 미만,3630
2018,비사업용,화물차,합계,10만km~15만km 미만,501798
2018,비사업용,화물차,경형,10만km~15만km 미만,10746
2018,비사업용,화물차,소형,10만km~15만km 미만,371977
2018,비사업용,화물차,중형,10만km~15만km 미만,99566
2018,비사업용,화물차,대형,10만km~15만km 미만,19509
2018,비사업용,특수차,합계,10만km~15만km 미만,3521
2018,비사업용,특수차,경형,10만km~15만km 미만,0
2018,비사업용,특수차,소형,10만km~15만km 미만,1598
2018,비사업용,특수차,중형,10만km~15만km 미만,1486
2018,비사업용,특수차,대형,10만km~15만km 미만,437
2018,사업용,합계,합계,10만km~15만km 미만,149966
2018,사업용,합계,경형,10만km~15만km 미만,4627
2018,사업용,합계,소형,10만km~15만km 미만,18779
2018,사업용,합계,중형,10만km~15만km 미만,79084
2018,사업용,합계,대형,10만km~15만km 미만,47476
2018,사업용,승용차,합계,10만km~15만km 미만,84362
2018,사업용,승용차,경형,10만km~15만km 미만,2557
2018,사업용,승용차,소형,10만km~15만km 미만,18
2018,사업용,승용차,중형,10만km~15만km 미만,59877
2018,사업용,승용차,대형,10만km~15만km 미만,21910
2018,사업용,승합차,합계,10만km~15만km 미만,13076
2018,사업용,승합차,경형,10만km~15만km 미만,5
2018,사업용,승합차,소형,10만km~15만km 미만,2
2018,사업용,승합차,중형,10만km~15만km 미만,7520
2018,사업용,승합차,대형,10만km~15만km 미만,5549
2018,사업용,화물차,합계,10만km~15만km 미만,43924
2018,사업용,화물차,경형,10만km~15만km 미만,2065
2018,사업용,화물차,소형,10만km~15만km 미만,16647
2018,사업용,화물차,중형,10만km~15만km 미만,9065
2018,사업용,화물차,대형,10만km~15만km 미만,16147
2018,사업용,특수차,합계,10만km~15만km 미만,8604
2018,사업용,특수차,경형,10만km~15만km 미만,0
2018,사업용,특수차,소형,10만km~15만km 미만,2112
2018,사업용,특수차,중형,10만km~15만km 미만,2622
2018,사업용,특수차,대형,10만km~15만km 미만,3870
2018,전체,합계,합계,15만km~20만km 미만,1668940
2018,전체,합계,경형,15만km~20만km 미만,48721
2018,전체,합계,소형,15만km~20만km 미만,345760
2018,전체,합계,중형,15만km~20만km 미만,915062
2018,전체,합계,대형,15만km~20만km 미만,359397
2018,전체,승용차,합계,15만km~20만km 미만,999867
2018,전체,승용차,경형,15만km~20만km 미만,40104
2018,전체,승용차,소형,15만km~20만km 미만,28846
2018,전체,승용차,중형,15만km~20만km 미만,615430
2018,전체,승용차,대형,15만km~20만km 미만,315487
2018,전체,승합차,합계,15만km~20만km 미만,194838
2018,전체,승합차,경형,15만km~20만km 미만,2022
2018,전체,승합차,소형,15만km~20만km 미만,270
2018,전체,승합차,중형,15만km~20만km 미만,184041
2018,전체,승합차,대형,15만km~20만km 미만,8505
2018,전체,화물차,합계,15만km~20만km 미만,466224
2018,전체,화물차,경형,15만km~20만km 미만,6595
2018,전체,화물차,소형,15만km~20만km 미만,314367
2018,전체,화물차,중형,15만km~20만km 미만,113222
2018,전체,화물차,대형,15만km~20만km 미만,32040
2018,전체,특수차,합계,15만km~20만km 미만,8011
2018,전체,특수차,경형,15만km~20만km 미만,0
2018,전체,특수차,소형,15만km~20만km 미만,2277
2018,전체,특수차,중형,15만km~20만km 미만,2369
2018,전체,특수차,대형,15만km~20만km 미만,3365
2018,비사업용,합계,합계,15만km~20만km 미만,1564310
2018,비사업용,합계,경형,15만km~20만km 미만,46841
2018,비사업용,합계,소형,15만km~20만km 미만,331050
2018,비사업용,합계,중형,15만km~20만km 미만,859595
2018,비사업용,합계,대형,15만km~20만km 미만,326824
2018,비사업용,승용차,합계,15만km~20만km 미만,953152
2018,비사업용,승용차,경형,15만km~20만km 미만,39774
2018,비사업용,승용차,소형,15만km~20만km 미만,28845
2018,비사업용,승용차,중형,15만km~20만km 미만,577598
2018,비사업용,승용차,대형,15만km~20만km 미만,306935
2018,비사업용,승합차,합계,15만km~20만km 미만,182030
2018,비사업용,승합차,경형,15만km~20만km 미만,2022
2018,비사업용,승합차,소형,15만km~20만km 미만,270
2018,비사업용,승합차,중형,15만km~20만km 미만,177312
2018,비사업용,승합차,대형,15만km~20만km 미만,2426
2018,비사업용,화물차,합계,15만km~20만km 미만,426497
2018,비사업용,화물차,경형,15만km~20만km 미만,5045
2018,비사업용,화물차,소형,15만km~20만km 미만,300894
2018,비사업용,화물차,중형,15만km~20만km 미만,103393
2018,비사업용,화물차,대형,15만km~20만km 미만,17165
2018,비사업용,특수차,합계,15만km~20만km 미만,2631
2018,비사업용,특수차,경형,15만km~20만km 미만,0
2018,비사업용,특수차,소형,15만km~20만km 미만,1041
2018,비사업용,특수차,중형,15만km~20만km 미만,1292
2018,비사업용,특수차,대형,15만km~20만km 미만,298
2018,사업용,합계,합계,15만km~20만km 미만,104630
2018,사업용,합계,경형,15만km~20만km 미만,1880
2018,사업용,합계,소형,15만km~20만km 미만,14710
2018,사업용,합계,중형,15만km~20만km 미만,55467
2018,사업용,합계,대형,15만km~20만km 미만,32573
2018,사업용,승용차,합계,15만km~20만km 미만,46715
2018,사업용,승용차,경형,15만km~20만km 미만,330
2018,사업용,승용차,소형,15만km~20만km 미만,1
2018,사업용,승용차,중형,15만km~20만km 미만,37832
2018,사업용,승용차,대형,15만km~20만km 미만,8552
2018,사업용,승합차,합계,15만km~20만km 미만,12808
2018,사업용,승합차,경형,15만km~20만km 미만,0
2018,사업용,승합차,소형,15만km~20만km 미만,0
2018,사업용,승합차,중형,15만km~20만km 미만,6729
2018,사업용,승합차,대형,15만km~20만km 미만,6079
2018,사업용,화물차,합계,15만km~20만km 미만,39727
2018,사업용,화물차,경형,15만km~20만km 미만,1550
2018,사업용,화물차,소형,15만km~20만km 미만,13473
2018,사업용,화물차,중형,15만km~20만km 미만,9829
2018,사업용,화물차,대형,15만km~20만km 미만,14875
2018,사업용,특수차,합계,15만km~20만km 미만,5380
2018,사업용,특수차,경형,15만km~20만km 미만,0
2018,사업용,특수차,소형,15만km~20만km 미만,1236
2018,사업용,특수차,중형,15만km~20만km 미만,1077
2018,사업용,특수차,대형,15만km~20만km 미만,3067
2018,전체,합계,합계,20만km~25만km 미만,1027694
2018,전체,합계,경형,20만km~25만km 미만,13514
2018,전체,합계,소형,20만km~25만km 미만,233274
2018,전체,합계,중형,20만km~25만km 미만,535492
2018,전체,합계,대형,20만km~25만km 미만,245414
2018,전체,승용차,합계,20만km~25만km 미만,544174
2018,전체,승용차,경형,20만km~25만km 미만,9326
2018,전체,승용차,소형,20만km~25만km 미만,12565
2018,전체,승용차,중형,20만km~25만km 미만,317085
2018,전체,승용차,대형,20만km~25만km 미만,205198
2018,전체,승합차,합계,20만km~25만km 미만,130231
2018,전체,승합차,경형,20만km~25만km 미만,864
2018,전체,승합차,소형,20만km~25만km 미만,314
2018,전체,승합차,중형,20만km~25만km 미만,121295
2018,전체,승합차,대형,20만km~25만km 미만,7758
2018,전체,화물차,합계,20만km~25만km 미만,347121
2018,전체,화물차,경형,20만km~25만km 미만,3324
2018,전체,화물차,소형,20만km~25만km 미만,218591
2018,전체,화물차,중형,20만km~25만km 미만,95535
2018,전체,화물차,대형,20만km~25만km 미만,29671
2018,전체,특수차,합계,20만km~25만km 미만,6168
2018,전체,특수차,경형,20만km~25만km 미만,0
2018,전체,특수차,소형,20만km~25만km 미만,1804
2018,전체,특수차,중형,20만km~25만km 미만,1577
2018,전체,특수차,대형,20만km~25만km 미만,2787
2018,비사업용,합계,합계,20만km~25만km 미만,942023
2018,비사업용,합계,경형,20만km~25만km 미만,12260
2018,비사업용,합계,소형,20만km~25만km 미만,222346
2018,비사업용,합계,중형,20만km~25만km 미만,490460
2018,비사업용,합계,대형,20만km~25만km 미만,216957
2018,비사업용,승용차,합계,20만km~25만km 미만,510723
2018,비사업용,승용차,경형,20만km~25만km 미만,9289
2018,비사업용,승용차,소형,20만km~25만km 미만,12565
2018,비사업용,승용차,중형,20만km~25만km 미만,287942
2018,비사업용,승용차,대형,20만km~25만km 미만,200927
2018,비사업용,승합차,합계,20만km~25만km 미만,118529
2018,비사업용,승합차,경형,20만km~25만km 미만,864
2018,비사업용,승합차,소형,20만km~25만km 미만,314
2018,비사업용,승합차,중형,20만km~25만km 미만,115805
2018,비사업용,승합차,대형,20만km~25만km 미만,1546
2018,비사업용,화물차,합계,20만km~25만km 미만,310783
2018,비사업용,화물차,경형,20만km~25만km 미만,2107
2018,비사업용,화물차,소형,20만km~25만km 미만,208762
2018,비사업용,화물차,중형,20만km~25만km 미만,85693
2018,비사업용,화물차,대형,20만km~25만km 미만,14221
2018,비사업용,특수차,합계,20만km~25만km 미만,1988
2018,비사업용,특수차,경형,20만km~25만km 미만,0
2018,비사업용,특수차,소형,20만km~25만km 미만,705
2018,비사업용,특수차,중형,20만km~25만km 미만,1020
2018,비사업용,특수차,대형,20만km~25만km 미만,263
2018,사업용,합계,합계,20만km~25만km 미만,85671
2018,사업용,합계,경형,20만km~25만km 미만,1254
2018,사업용,합계,소형,20만km~25만km 미만,10928
2018,사업용,합계,중형,20만km~25만km 미만,45032
2018,사업용,합계,대형,20만km~25만km 미만,28457
2018,사업용,승용차,합계,20만km~25만km 미만,33451
2018,사업용,승용차,경형,20만km~25만km 미만,37
2018,사업용,승용차,소형,20만km~25만km 미만,0
2018,사업용,승용차,중형,20만km~25만km 미만,29143
2018,사업용,승용차,대형,20만km~25만km 미만,4271
2018,사업용,승합차,합계,20만km~25만km 미만,11702
2018,사업용,승합차,경형,20만km~25만km 미만,0
2018,사업용,승합차,소형,20만km~25만km 미만,0
2018,사업용,승합차,중형,20만km~25만km 미만,5490
2018,사업용,승합차,대형,20만km~25만km 미만,6212
2018,사업용,화물차,합계,20만km~25만km 미만,36338
2018,사업용,화물차,경형,20만km~25만km 미만,1217
2018,사업용,화물차,소형,20만km~25만km 미만,9829
2018,사업용,화물차,중형,20만km~25만km 미만,9842
2018,사업용,화물차,대형,20만km~25만km 미만,15450
2018,사업용,특수차,합계,20만km~25만km 미만,4180
2018,사업용,특수차,경형,20만km~25만km 미만,0
2018,사업용,특수차,소형,20만km~25만km 미만,1099
2018,사업용,특수차,중형,20만km~25만km 미만,557
2018,사업용,특수차,대형,20만km~25만km 미만,2524
2018,전체,합계,합계,25만km이상,1457288
2018,전체,합계,경형,25만km이상,7839
2018,전체,합계,소형,25만km이상,252873
2018,전체,합계,중형,25만km이상,648821
2018,전체,합계,대형,25만km이상,547755
2018,전체,승용차,합계,25만km이상,481210
2018,전체,승용차,경형,25만km이상,3128
2018,전체,승용차,소형,25만km이상,6696
2018,전체,승용차,중형,25만km이상,273086
2018,전체,승용차,대형,25만km이상,198300
2018,전체,승합차,합계,25만km이상,203579
2018,전체,승합차,경형,25만km이상,772
2018,전체,승합차,소형,25만km이상,438
2018,전체,승합차,중형,25만km이상,135448
2018,전체,승합차,대형,25만km이상,66921
2018,전체,화물차,합계,25만km이상,721720
2018,전체,화물차,경형,25만km이상,3939
2018,전체,화물차,소형,25만km이상,242684
2018,전체,화물차,중형,25만km이상,236476
2018,전체,화물차,대형,25만km이상,238621
2018,전체,특수차,합계,25만km이상,50779
2018,전체,특수차,경형,25만km이상,0
2018,전체,특수차,소형,25만km이상,3055
2018,전체,특수차,중형,25만km이상,3811
2018,전체,특수차,대형,25만km이상,43913
2018,비사업용,합계,합계,25만km이상,988999
2018,비사업용,합계,경형,25만km이상,5705
2018,비사업용,합계,소형,25만km이상,228855
2018,비사업용,합계,중형,25만km이상,491557
2018,비사업용,합계,대형,25만km이상,262882
2018,비사업용,승용차,합계,25만km이상,407229
2018,비사업용,승용차,경형,25만km이상,3118
2018,비사업용,승용차,소형,25만km이상,6696
2018,비사업용,승용차,중형,25만km이상,208589
2018,비사업용,승용차,대형,25만km이상,188826
2018,비사업용,승합차,합계,25만km이상,133001
2018,비사업용,승합차,경형,25만km이상,771
2018,비사업용,승합차,소형,25만km이상,438
2018,비사업용,승합차,중형,25만km이상,123509
2018,비사업용,승합차,대형,25만km이상,8283
2018,비사업용,화물차,합계,25만km이상,443136
2018,비사업용,화물차,경형,25만km이상,1816
2018,비사업용,화물차,소형,25만km이상,220578
2018,비사업용,화물차,중형,25만km이상,157033
2018,비사업용,화물차,대형,25만km이상,63709
2018,비사업용,특수차,합계,25만km이상,5633
2018,비사업용,특수차,경형,25만km이상,0
2018,비사업용,특수차,소형,25만km이상,1143
2018,비사업용,특수차,중형,25만km이상,2426
2018,비사업용,특수차,대형,25만km이상,2064
2018,사업용,합계,합계,25만km이상,468289
2018,사업용,합계,경형,25만km이상,2134
2018,사업용,합계,소형,25만km이상,24018
2018,사업용,합계,중형,25만km이상,157264
2018,사업용,합계,대형,25만km이상,284873
2018,사업용,승용차,합계,25만km이상,73981
2018,사업용,승용차,경형,25만km이상,10
2018,사업용,승용차,소형,25만km이상,0
2018,사업용,승용차,중형,25만km이상,64497
2018,사업용,승용차,대형,25만km이상,9474
2018,사업용,승합차,합계,25만km이상,70578
2018,사업용,승합차,경형,25만km이상,1
2018,사업용,승합차,소형,25만km이상,0
2018,사업용,승합차,중형,25만km이상,11939
2018,사업용,승합차,대형,25만km이상,58638
2018,사업용,화물차,합계,25만km이상,278584
2018,사업용,화물차,경형,25만km이상,2123
2018,사업용,화물차,소형,25만km이상,22106
2018,사업용,화물차,중형,25만km이상,79443
2018,사업용,화물차,대형,25만km이상,174912
2018,사업용,특수차,합계,25만km이상,45146
2018,사업용,특수차,경형,25만km이상,0
2018,사업용,특수차,소형,25만km이상,1912
2018,사업용,특수차,중형,25만km이상,1385
2018,사업용,특수차,대형,25만km이상,41849
2018,전체,합계,합계,기타,0
2018,전체,합계,경형,기타,0
2018,전체,합계,소형,기타,0
2018,전체,합계,중형,기타,0
2018,전체,합계,대형,기타,0
2018,전체,승용차,합계,기타,0
2018,전체,승용차,경형,기타,0
2018,전체,승용차,소형,기타,0
2018,전체,승용차,중형,기타,0
2018,전체,승용차,대형,기타,0
2018,전체,승합차,합계,기타,0
2018,전체,승합차,경형,기타,0
2018,전체,승합차,소형,기타,0
2018,전체,승합차,중형,기타,0
2018,전체,승합차,대형,기타,0
2018,전체,화물차,합계,기타,0
2018,전체,화물차,경형,기타,0
2018,전체,화물차,소형,기타,0
2018,전체,화물차,중형,기타,0
2018,전체,화물차,대형,기타,0
2018,전체,특수차,합계,기타,0
2018,전체,특수차,경형,기타,0
2018,전체,특수차,소형,기타,0
2018,전체,특수차,중형,기타,0
2018,전체,특수차,대형,기타,0
2018,비사업용,합계,합계,기타,0
2018,비사업용,합계,경형,기타,0
2018,비사업용,합계,소형,기타,0
2018,비사업용,합계,중형,기타,0
2018,비사업용,합계,대형,기타,0
2018,비사업용,승용차,합계,기타,0
2018,비사업용,승용차,경형,기타,0
2018,비사업용,승용차,소형,기타,0
2018,비사업용,승용차,중형,기타,0
2018,비사업용,승용차,대형,기타,0
2018,비사업용,승합차,합계,기타,0
2018,비사업용,승합차,경형,기타,0
2018,비사업용,승합차,소형,기타,0
2018,비사업용,승합차,중형,기타,0
2018,비사업용,승합차,대형,기타,0
2018,비사업용,화물차,합계,기타,0
2018,비사업용,화물차,경형,기타,0
2018,비사업용,화물차,소형,기타,0
2018,비사업용,화물차,중형,기타,0
2018,비사업용,화물차,대형,기타,0
2018,비사업용,특수차,합계,기타,0
2018,비사업용,특수차,경형,기타,0
2018,비사업용,특수차,소형,기타,0
2018,비사업용,특수차,중형,기타,0
2018,비사업용,특수차,대형,기타,0
2018,사업용,합계,합계,기타,0
2018,사업용,합계,경형,기타,0
2018,사업용,합계,소형,기타,0
2018,사업용,합계,중형,기타,0
2018,사업용,합계,대형,기타,0
2018,사업용,승용차,합계,기타,0
2018,사업용,승용차,경형,기타,0
2018,사업용,승용차,소형,기타,0
2018,사업용,승용차,중형,기타,0
2018,사업용,승용차,대형,기타,0
2018,사업용,승합차,합계,기타,0
2018,사업용,승합차,경형,기타,0
2018,사업용,승합차,소형,기타,0
2018,사업용,승합차,중형,기타,0
2018,사업용,승합차,대형,기타,0
2018,사업용,화물차,합계,기타,0
2018,사업용,화물차,경형,기타,0
2018,사업용,화물차,소형,기타,0
2018,사업용,화물차,중형,기타,0
2018,사업용,화물차,대형,기타,0
2018,사업용,특수차,합계,기타,0
2018,사업용,특수차,경형,기타,0
2018,사업용,특수차,소형,기타,0
2018,사업용,특수차,중형,기타,0
2018,사업용,특수차,대형,기타,0
2019,전체,합계,합계,5만km 미만,2001568
2019,전체,합계,경형,5만km 미만,262745
2019,전체,합계,소형,5만km 미만,563740
2019,전체,합계,중형,5만km 미만,834982
2019,전체,합계,대형,5만km 미만,340101
2019,전체,승용차,합계,5만km 미만,1162076
2019,전체,승용차,경형,5만km 미만,231290
2019,전체,승용차,소형,5만km 미만,11816
2019,전체,승용차,중형,5만km 미만,661550
2019,전체,승용차,대형,5만km 미만,257420
2019,전체,승합차,합계,5만km 미만,120803
2019,전체,승합차,경형,5만km 미만,6475
2019,전체,승합차,소형,5만km 미만,140
2019,전체,승합차,중형,5만km 미만,106832
2019,전체,승합차,대형,5만km 미만,7356
2019,전체,화물차,합계,5만km 미만,691944
2019,전체,화물차,경형,5만km 미만,24945
2019,전체,화물차,소형,5만km 미만,539945
2019,전체,화물차,중형,5만km 미만,58207
2019,전체,화물차,대형,5만km 미만,68847
2019,전체,특수차,합계,5만km 미만,26745
2019,전체,특수차,경형,5만km 미만,35
2019,전체,특수차,소형,5만km 미만,11839
2019,전체,특수차,중형,5만km 미만,8393
2019,전체,특수차,대형,5만km 미만,6478
2019,비사업용,합계,합계,5만km 미만,1737819
2019,비사업용,합계,경형,5만km 미만,242240
2019,비사업용,합계,소형,5만km 미만,538578
2019,비사업용,합계,중형,5만km 미만,717450
2019,비사업용,합계,대형,5만km 미만,239551
2019,비사업용,승용차,합계,5만km 미만,989106
2019,비사업용,승용차,경형,5만km 미만,212893
2019,비사업용,승용차,소형,5만km 미만,11789
2019,비사업용,승용차,중형,5만km 미만,566853
2019,비사업용,승용차,대형,5만km 미만,197571
2019,비사업용,승합차,합계,5만km 미만,106371
2019,비사업용,승합차,경형,5만km 미만,5994
2019,비사업용,승합차,소형,5만km 미만,140
2019,비사업용,승합차,중형,5만km 미만,94626
2019,비사업용,승합차,대형,5만km 미만,5611
2019,비사업용,화물차,합계,5만km 미만,628292
2019,비사업용,화물차,경형,5만km 미만,23318
2019,비사업용,화물차,소형,5만km 미만,518157
2019,비사업용,화물차,중형,5만km 미만,52427
2019,비사업용,화물차,대형,5만km 미만,34390
2019,비사업용,특수차,합계,5만km 미만,14050
2019,비사업용,특수차,경형,5만km 미만,35
2019,비사업용,특수차,소형,5만km 미만,8492
2019,비사업용,특수차,중형,5만km 미만,3544
2019,비사업용,특수차,대형,5만km 미만,1979
2019,사업용,합계,합계,5만km 미만,263749
2019,사업용,합계,경형,5만km 미만,20505
2019,사업용,합계,소형,5만km 미만,25162
2019,사업용,합계,중형,5만km 미만,117532
2019,사업용,합계,대형,5만km 미만,100550
2019,사업용,승용차,합계,5만km 미만,172970
2019,사업용,승용차,경형,5만km 미만,18397
2019,사업용,승용차,소형,5만km 미만,27
2019,사업용,승용차,중형,5만km 미만,94697
2019,사업용,승용차,대형,5만km 미만,59849
2019,사업용,승합차,합계,5만km 미만,14432
2019,사업용,승합차,경형,5만km 미만,481
2019,사업용,승합차,소형,5만km 미만,0
2019,사업용,승합차,중형,5만km 미만,12206
2019,사업용,승합차,대형,5만km 미만,1745
2019,사업용,화물차,합계,5만km 미만,63652
2019,사업용,화물차,경형,5만km 미만,1627
2019,사업용,화물차,소형,5만km 미만,21788
2019,사업용,화물차,중형,5만km 미만,5780
2019,사업용,화물차,대형,5만km 미만,34457
2019,사업용,특수차,합계,5만km 미만,12695
2019,사업용,특수차,경형,5만km 미만,0
2019,사업용,특수차,소형,5만km 미만,3347
2019,사업용,특수차,중형,5만km 미만,4849
2019,사업용,특수차,대형,5만km 미만,4499
2019,전체,합계,합계,5만km~10만km 미만,3187704
2019,전체,합계,경형,5만km~10만km 미만,346665
2019,전체,합계,소형,5만km~10만km 미만,542703
2019,전체,합계,중형,5만km~10만km 미만,1664733
2019,전체,합계,대형,5만km~10만km 미만,633603
2019,전체,승용차,합계,5만km~10만km 미만,2356191
2019,전체,승용차,경형,5만km~10만km 미만,319878
2019,전체,승용차,소형,5만km~10만km 미만,40246
2019,전체,승용차,중형,5만km~10만km 미만,1423573
2019,전체,승용차,대형,5만km~10만km 미만,572494
2019,전체,승합차,합계,5만km~10만km 미만,171778
2019,전체,승합차,경형,5만km~10만km 미만,6531
2019,전체,승합차,소형,5만km~10만km 미만,195
2019,전체,승합차,중형,5만km~10만km 미만,153862
2019,전체,승합차,대형,5만km~10만km 미만,11190
2019,전체,화물차,합계,5만km~10만km 미만,640544
2019,전체,화물차,경형,5만km~10만km 미만,20250
2019,전체,화물차,소형,5만km~10만km 미만,494969
2019,전체,화물차,중형,5만km~10만km 미만,81285
2019,전체,화물차,대형,5만km~10만km 미만,44040
2019,전체,특수차,합계,5만km~10만km 미만,19191
2019,전체,특수차,경형,5만km~10만km 미만,6
2019,전체,특수차,소형,5만km~10만km 미만,7293
2019,전체,특수차,중형,5만km~10만km 미만,6013
2019,전체,특수차,대형,5만km~10만km 미만,5879
2019,비사업용,합계,합계,5만km~10만km 미만,2910113
2019,비사업용,합계,경형,5만km~10만km 미만,331661
2019,비사업용,합계,소형,5만km~10만km 미만,515476
2019,비사업용,합계,중형,5만km~10만km 미만,1527629
2019,비사업용,합계,대형,5만km~10만km 미만,535347
2019,비사업용,승용차,합계,5만km~10만km 미만,2159268
2019,비사업용,승용차,경형,5만km~10만km 미만,307532
2019,비사업용,승용차,소형,5만km~10만km 미만,40218
2019,비사업용,승용차,중형,5만km~10만km 미만,1309233
2019,비사업용,승용차,대형,5만km~10만km 미만,502285
2019,비사업용,승합차,합계,5만km~10만km 미만,155570
2019,비사업용,승합차,경형,5만km~10만km 미만,6465
2019,비사업용,승합차,소형,5만km~10만km 미만,195
2019,비사업용,승합차,중형,5만km~10만km 미만,143683
2019,비사업용,승합차,대형,5만km~10만km 미만,5227
2019,비사업용,화물차,합계,5만km~10만km 미만,589720
2019,비사업용,화물차,경형,5만km~10만km 미만,17658
2019,비사업용,화물차,소형,5만km~10만km 미만,471878
2019,비사업용,화물차,중형,5만km~10만km 미만,72980
2019,비사업용,화물차,대형,5만km~10만km 미만,27204
2019,비사업용,특수차,합계,5만km~10만km 미만,5555
2019,비사업용,특수차,경형,5만km~10만km 미만,6
2019,비사업용,특수차,소형,5만km~10만km 미만,3185
2019,비사업용,특수차,중형,5만km~10만km 미만,1733
2019,비사업용,특수차,대형,5만km~10만km 미만,631
2019,사업용,합계,합계,5만km~10만km 미만,277591
2019,사업용,합계,경형,5만km~10만km 미만,15004
2019,사업용,합계,소형,5만km~10만km 미만,27227
2019,사업용,합계,중형,5만km~10만km 미만,137104
2019,사업용,합계,대형,5만km~10만km 미만,98256
2019,사업용,승용차,합계,5만km~10만km 미만,196923
2019,사업용,승용차,경형,5만km~10만km 미만,12346
2019,사업용,승용차,소형,5만km~10만km 미만,28
2019,사업용,승용차,중형,5만km~10만km 미만,114340
2019,사업용,승용차,대형,5만km~10만km 미만,70209
2019,사업용,승합차,합계,5만km~10만km 미만,16208
2019,사업용,승합차,경형,5만km~10만km 미만,66
2019,사업용,승합차,소형,5만km~10만km 미만,0
2019,사업용,승합차,중형,5만km~10만km 미만,10179
2019,사업용,승합차,대형,5만km~10만km 미만,5963
2019,사업용,화물차,합계,5만km~10만km 미만,50824
2019,사업용,화물차,경형,5만km~10만km 미만,2592
2019,사업용,화물차,소형,5만km~10만km 미만,23091
2019,사업용,화물차,중형,5만km~10만km 미만,8305
2019,사업용,화물차,대형,5만km~10만km 미만,16836
2019,사업용,특수차,합계,5만km~10만km 미만,13636
2019,사업용,특수차,경형,5만km~10만km 미만,0
2019,사업용,특수차,소형,5만km~10만km 미만,4108
2019,사업용,특수차,중형,5만km~10만km 미만,4280
2019,사업용,특수차,대형,5만km~10만km 미만,5248
2019,전체,합계,합계,10만km~15만km 미만,2487267
2019,전체,합계,경형,10만km~15만km 미만,158724
2019,전체,합계,소형,10만km~15만km 미만,444742
2019,전체,합계,중형,10만km~15만km 미만,1374182
2019,전체,합계,대형,10만km~15만km 미만,509619
2019,전체,승용차,합계,10만km~15만km 미만,1736446
2019,전체,승용차,경형,10만km~15만km 미만,142518
2019,전체,승용차,소형,10만km~15만km 미만,40838
2019,전체,승용차,중형,10만km~15만km 미만,1091483
2019,전체,승용차,대형,10만km~15만km 미만,461607
2019,전체,승합차,합계,10만km~15만km 미만,191308
2019,전체,승합차,경형,10만km~15만km 미만,3840
2019,전체,승합차,소형,10만km~15만km 미만,358
2019,전체,승합차,중형,10만km~15만km 미만,178595
2019,전체,승합차,대형,10만km~15만km 미만,8515
2019,전체,화물차,합계,10만km~15만km 미만,546506
2019,전체,화물차,경형,10만km~15만km 미만,12366
2019,전체,화물차,소형,10만km~15만km 미만,399068
2019,전체,화물차,중형,10만km~15만km 미만,99766
2019,전체,화물차,대형,10만km~15만km 미만,35306
2019,전체,특수차,합계,10만km~15만km 미만,13007
2019,전체,특수차,경형,10만km~15만km 미만,0
2019,전체,특수차,소형,10만km~15만km 미만,4478
2019,전체,특수차,중형,10만km~15만km 미만,4338
2019,전체,특수차,대형,10만km~15만km 미만,4191
2019,비사업용,합계,합계,10만km~15만km 미만,2331704
2019,비사업용,합계,경형,10만km~15만km 미만,154033
2019,비사업용,합계,소형,10만km~15만km 미만,424047
2019,비사업용,합계,중형,10만km~15만km 미만,1295070
2019,비사업용,합계,대형,10만km~15만km 미만,458554
2019,비사업용,승용차,합계,10만km~15만km 미만,1645808
2019,비사업용,승용차,경형,10만km~15만km 미만,139916
2019,비사업용,승용차,소형,10만km~15만km 미만,40827
2019,비사업용,승용차,중형,10만km~15만km 미만,1030255
2019,비사업용,승용차,대형,10만km~15만km 미만,434810
2019,비사업용,승합차,합계,10만km~15만km 미만,180356
2019,비사업용,승합차,경형,10만km~15만km 미만,3833
2019,비사업용,승합차,소형,10만km~15만km 미만,358
2019,비사업용,승합차,중형,10만km~15만km 미만,172484
2019,비사업용,승합차,대형,10만km~15만km 미만,3681
2019,비사업용,화물차,합계,10만km~15만km 미만,501701
2019,비사업용,화물차,경형,10만km~15만km 미만,10284
2019,비사업용,화물차,소형,10만km~15만km 미만,380879
2019,비사업용,화물차,중형,10만km~15만km 미만,90874
2019,비사업용,화물차,대형,10만km~15만km 미만,19664
2019,비사업용,특수차,합계,10만km~15만km 미만,3839
2019,비사업용,특수차,경형,10만km~15만km 미만,0
2019,비사업용,특수차,소형,10만km~15만km 미만,1983
2019,비사업용,특수차,중형,10만km~15만km 미만,1457
2019,비사업용,특수차,대형,10만km~15만km 미만,399
2019,사업용,합계,합계,10만km~15만km 미만,155563
2019,사업용,합계,경형,10만km~15만km 미만,4691
2019,사업용,합계,소형,10만km~15만km 미만,20695
2019,사업용,합계,중형,10만km~15만km 미만,79112
2019,사업용,합계,대형,10만km~15만km 미만,51065
2019,사업용,승용차,합계,10만km~15만km 미만,90638
2019,사업용,승용차,경형,10만km~15만km 미만,2602
2019,사업용,승용차,소형,10만km~15만km 미만,11
2019,사업용,승용차,중형,10만km~15만km 미만,61228
2019,사업용,승용차,대형,10만km~15만km 미만,26797
2019,사업용,승합차,합계,10만km~15만km 미만,10952
2019,사업용,승합차,경형,10만km~15만km 미만,7
2019,사업용,승합차,소형,10만km~15만km 미만,0
2019,사업용,승합차,중형,10만km~15만km 미만,6111
2019,사업용,승합차,대형,10만km~15만km 미만,4834
2019,사업용,화물차,합계,10만km~15만km 미만,44805
2019,사업용,화물차,경형,10만km~15만km 미만,2082
2019,사업용,화물차,소형,10만km~15만km 미만,18189
2019,사업용,화물차,중형,10만km~15만km 미만,8892
2019,사업용,화물차,대형,10만km~15만km 미만,15642
2019,사업용,특수차,합계,10만km~15만km 미만,9168
2019,사업용,특수차,경형,10만km~15만km 미만,0
2019,사업용,특수차,소형,10만km~15만km 미만,2495
2019,사업용,특수차,중형,10만km~15만km 미만,2881
2019,사업용,특수차,대형,10만km~15만km 미만,3792
2019,전체,합계,합계,15만km~20만km 미만,1671856
2019,전체,합계,경형,15만km~20만km 미만,50456
2019,전체,합계,소형,15만km~20만km 미만,340961
2019,전체,합계,중형,15만km~20만km 미만,910783
2019,전체,합계,대형,15만km~20만km 미만,369656
2019,전체,승용차,합계,15만km~20만km 미만,1037639
2019,전체,승용차,경형,15만km~20만km 미만,42393
2019,전체,승용차,소형,15만km~20만km 미만,23413
2019,전체,승용차,중형,15만km~20만km 미만,646436
2019,전체,승용차,대형,15만km~20만km 미만,325397
2019,전체,승합차,합계,15만km~20만km 미만,169946
2019,전체,승합차,경형,15만km~20만km 미만,1796
2019,전체,승합차,소형,15만km~20만km 미만,539
2019,전체,승합차,중형,15만km~20만km 미만,159463
2019,전체,승합차,대형,15만km~20만km 미만,8148
2019,전체,화물차,합계,15만km~20만km 미만,455978
2019,전체,화물차,경형,15만km~20만km 미만,6267
2019,전체,화물차,소형,15만km~20만km 미만,314361
2019,전체,화물차,중형,15만km~20만km 미만,102424
2019,전체,화물차,대형,15만km~20만km 미만,32926
2019,전체,특수차,합계,15만km~20만km 미만,8293
2019,전체,특수차,경형,15만km~20만km 미만,0
2019,전체,특수차,소형,15만km~20만km 미만,2648
2019,전체,특수차,중형,15만km~20만km 미만,2460
2019,전체,특수차,대형,15만km~20만km 미만,3185
2019,비사업용,합계,합계,15만km~20만km 미만,1569209
2019,비사업용,합계,경형,15만km~20만km 미만,48511
2019,비사업용,합계,소형,15만km~20만km 미만,325378
2019,비사업용,합계,중형,15만km~20만km 미만,859576
2019,비사업용,합계,대형,15만km~20만km 미만,335744
2019,비사업용,승용차,합계,15만km~20만km 미만,991717
2019,비사업용,승용차,경형,15만km~20만km 미만,41982
2019,비사업용,승용차,소형,15만km~20만km 미만,23413
2019,비사업용,승용차,중형,15만km~20만km 미만,610681
2019,비사업용,승용차,대형,15만km~20만km 미만,315641
2019,비사업용,승합차,합계,15만km~20만km 미만,159439
2019,비사업용,승합차,경형,15만km~20만km 미만,1795
2019,비사업용,승합차,소형,15만km~20만km 미만,539
2019,비사업용,승합차,중형,15만km~20만km 미만,154704
2019,비사업용,승합차,대형,15만km~20만km 미만,2401
2019,비사업용,화물차,합계,15만km~20만km 미만,415298
2019,비사업용,화물차,경형,15만km~20만km 미만,4734
2019,비사업용,화물차,소형,15만km~20만km 미만,300168
2019,비사업용,화물차,중형,15만km~20만km 미만,92976
2019,비사업용,화물차,대형,15만km~20만km 미만,17420
2019,비사업용,특수차,합계,15만km~20만km 미만,2755
2019,비사업용,특수차,경형,15만km~20만km 미만,0
2019,비사업용,특수차,소형,15만km~20만km 미만,1258
2019,비사업용,특수차,중형,15만km~20만km 미만,1215
2019,비사업용,특수차,대형,15만km~20만km 미만,282
2019,사업용,합계,합계,15만km~20만km 미만,102647
2019,사업용,합계,경형,15만km~20만km 미만,1945
2019,사업용,합계,소형,15만km~20만km 미만,15583
2019,사업용,합계,중형,15만km~20만km 미만,51207
2019,사업용,합계,대형,15만km~20만km 미만,33912
2019,사업용,승용차,합계,15만km~20만km 미만,45922
2019,사업용,승용차,경형,15만km~20만km 미만,411
2019,사업용,승용차,소형,15만km~20만km 미만,0
2019,사업용,승용차,중형,15만km~20만km 미만,35755
2019,사업용,승용차,대형,15만km~20만km 미만,9756
2019,사업용,승합차,합계,15만km~20만km 미만,10507
2019,사업용,승합차,경형,15만km~20만km 미만,1
2019,사업용,승합차,소형,15만km~20만km 미만,0
2019,사업용,승합차,중형,15만km~20만km 미만,4759
2019,사업용,승합차,대형,15만km~20만km 미만,5747
2019,사업용,화물차,합계,15만km~20만km 미만,40680
2019,사업용,화물차,경형,15만km~20만km 미만,1533
2019,사업용,화물차,소형,15만km~20만km 미만,14193
2019,사업용,화물차,중형,15만km~20만km 미만,9448
2019,사업용,화물차,대형,15만km~20만km 미만,15506
2019,사업용,특수차,합계,15만km~20만km 미만,5538
2019,사업용,특수차,경형,15만km~20만km 미만,0
2019,사업용,특수차,소형,15만km~20만km 미만,1390
2019,사업용,특수차,중형,15만km~20만km 미만,1245
2019,사업용,특수차,대형,15만km~20만km 미만,2903
2019,전체,합계,합계,20만km~25만km 미만,1011842
2019,전체,합계,경형,20만km~25만km 미만,13878
2019,전체,합계,소형,20만km~25만km 미만,229579
2019,전체,합계,중형,20만km~25만km 미만,526605
2019,전체,합계,대형,20만km~25만km 미만,241780
2019,전체,승용차,합계,20만km~25만km 미만,549926
2019,전체,승용차,경형,20만km~25만km 미만,10139
2019,전체,승용차,소형,20만km~25만km 미만,10435
2019,전체,승용차,중형,20만km~25만km 미만,327796
2019,전체,승용차,대형,20만km~25만km 미만,201556
2019,전체,승합차,합계,20만km~25만km 미만,119043
2019,전체,승합차,경형,20만km~25만km 미만,760
2019,전체,승합차,소형,20만km~25만km 미만,487
2019,전체,승합차,중형,20만km~25만km 미만,111027
2019,전체,승합차,대형,20만km~25만km 미만,6769
2019,전체,화물차,합계,20만km~25만km 미만,336703
2019,전체,화물차,경형,20만km~25만km 미만,2979
2019,전체,화물차,소형,20만km~25만km 미만,216739
2019,전체,화물차,중형,20만km~25만km 미만,86276
2019,전체,화물차,대형,20만km~25만km 미만,30709
2019,전체,특수차,합계,20만km~25만km 미만,6170
2019,전체,특수차,경형,20만km~25만km 미만,0
2019,전체,특수차,소형,20만km~25만km 미만,1918
2019,전체,특수차,중형,20만km~25만km 미만,1506
2019,전체,특수차,대형,20만km~25만km 미만,2746
2019,비사업용,합계,합계,20만km~25만km 미만,927948
2019,비사업용,합계,경형,20만km~25만km 미만,12703
2019,비사업용,합계,소형,20만km~25만km 미만,218268
2019,비사업용,합계,중형,20만km~25만km 미만,483884
2019,비사업용,합계,대형,20만km~25만km 미만,213093
2019,비사업용,승용차,합계,20만km~25만km 미만,516362
2019,비사업용,승용차,경형,20만km~25만km 미만,10085
2019,비사업용,승용차,소형,20만km~25만km 미만,10435
2019,비사업용,승용차,중형,20만km~25만km 미만,299015
2019,비사업용,승용차,대형,20만km~25만km 미만,196827
2019,비사업용,승합차,합계,20만km~25만km 미만,109913
2019,비사업용,승합차,경형,20만km~25만km 미만,760
2019,비사업용,승합차,소형,20만km~25만km 미만,487
2019,비사업용,승합차,중형,20만km~25만km 미만,107190
2019,비사업용,승합차,대형,20만km~25만km 미만,1476
2019,비사업용,화물차,합계,20만km~25만km 미만,299666
2019,비사업용,화물차,경형,20만km~25만km 미만,1858
2019,비사업용,화물차,소형,20만km~25만km 미만,206506
2019,비사업용,화물차,중형,20만km~25만km 미만,76750
2019,비사업용,화물차,대형,20만km~25만km 미만,14552
2019,비사업용,특수차,합계,20만km~25만km 미만,2007
2019,비사업용,특수차,경형,20만km~25만km 미만,0
2019,비사업용,특수차,소형,20만km~25만km 미만,840
2019,비사업용,특수차,중형,20만km~25만km 미만,929
2019,비사업용,특수차,대형,20만km~25만km 미만,238
2019,사업용,합계,합계,20만km~25만km 미만,83894
2019,사업용,합계,경형,20만km~25만km 미만,1175
2019,사업용,합계,소형,20만km~25만km 미만,11311
2019,사업용,합계,중형,20만km~25만km 미만,42721
2019,사업용,합계,대형,20만km~25만km 미만,28687
2019,사업용,승용차,합계,20만km~25만km 미만,33564
2019,사업용,승용차,경형,20만km~25만km 미만,54
2019,사업용,승용차,소형,20만km~25만km 미만,0
2019,사업용,승용차,중형,20만km~25만km 미만,28781
2019,사업용,승용차,대형,20만km~25만km 미만,4729
2019,사업용,승합차,합계,20만km~25만km 미만,9130
2019,사업용,승합차,경형,20만km~25만km 미만,0
2019,사업용,승합차,소형,20만km~25만km 미만,0
2019,사업용,승합차,중형,20만km~25만km 미만,3837
2019,사업용,승합차,대형,20만km~25만km 미만,5293
2019,사업용,화물차,합계,20만km~25만km 미만,37037
2019,사업용,화물차,경형,20만km~25만km 미만,1121
2019,사업용,화물차,소형,20만km~25만km 미만,10233
2019,사업용,화물차,중형,20만km~25만km 미만,9526
2019,사업용,화물차,대형,20만km~25만km 미만,16157
2019,사업용,특수차,합계,20만km~25만km 미만,4163
2019,사업용,특수차,경형,20만km~25만km 미만,0
2019,사업용,특수차,소형,20만km~25만km 미만,1078
2019,사업용,특수차,중형,20만km~25만km 미만,577
2019,사업용,특수차,대형,20만km~25만km 미만,2508
2019,전체,합계,합계,25만km이상,1437631
2019,전체,합계,경형,25만km이상,7988
2019,전체,합계,소형,25만km이상,255033
2019,전체,합계,중형,25만km이상,639319
2019,전체,합계,대형,25만km이상,535291
2019,전체,승용차,합계,25만km이상,483512
2019,전체,승용차,경형,25만km이상,3522
2019,전체,승용차,소형,25만km이상,6335
2019,전체,승용차,중형,25만km이상,281074
2019,전체,승용차,대형,25만km이상,192581
2019,전체,승합차,합계,25만km이상,176710
2019,전체,승합차,경형,25만km이상,668
2019,전체,승합차,소형,25만km이상,822
2019,전체,승합차,중형,25만km이상,125354
2019,전체,승합차,대형,25만km이상,49866
2019,전체,화물차,합계,25만km이상,725354
2019,전체,화물차,경형,25만km이상,3798
2019,전체,화물차,소형,25만km이상,244168
2019,전체,화물차,중형,25만km이상,229398
2019,전체,화물차,대형,25만km이상,247990
2019,전체,특수차,합계,25만km이상,52055
2019,전체,특수차,경형,25만km이상,0
2019,전체,특수차,소형,25만km이상,3708
2019,전체,특수차,중형,25만km이상,3493
2019,전체,특수차,대형,25만km이상,44854
2019,비사업용,합계,합계,25만km이상,980927
2019,비사업용,합계,경형,25만km이상,5949
2019,비사업용,합계,소형,25만km이상,229984
2019,비사업용,합계,중형,25만km이상,485508
2019,비사업용,합계,대형,25만km이상,259486
2019,비사업용,승용차,합계,25만km이상,407737
2019,비사업용,승용차,경형,25만km이상,3512
2019,비사업용,승용차,소형,25만km이상,6335
2019,비사업용,승용차,중형,25만km이상,215075
2019,비사업용,승용차,대형,25만km이상,182815
2019,비사업용,승합차,합계,25만km이상,126789
2019,비사업용,승합차,경형,25만km이상,668
2019,비사업용,승합차,소형,25만km이상,822
2019,비사업용,승합차,중형,25만km이상,117184
2019,비사업용,승합차,대형,25만km이상,8115
2019,비사업용,화물차,합계,25만km이상,440789
2019,비사업용,화물차,경형,25만km이상,1769
2019,비사업용,화물차,소형,25만km이상,221368
2019,비사업용,화물차,중형,25만km이상,150928
2019,비사업용,화물차,대형,25만km이상,66724
2019,비사업용,특수차,합계,25만km이상,5612
2019,비사업용,특수차,경형,25만km이상,0
2019,비사업용,특수차,소형,25만km이상,1459
2019,비사업용,특수차,중형,25만km이상,2321
2019,비사업용,특수차,대형,25만km이상,1832
2019,사업용,합계,합계,25만km이상,456704
2019,사업용,합계,경형,25만km이상,2039
2019,사업용,합계,소형,25만km이상,25049
2019,사업용,합계,중형,25만km이상,153811
2019,사업용,합계,대형,25만km이상,275805
2019,사업용,승용차,합계,25만km이상,75775
2019,사업용,승용차,경형,25만km이상,10
2019,사업용,승용차,소형,25만km이상,0
2019,사업용,승용차,중형,25만km이상,65999
2019,사업용,승용차,대형,25만km이상,9766
2019,사업용,승합차,합계,25만km이상,49921
2019,사업용,승합차,경형,25만km이상,0
2019,사업용,승합차,소형,25만km이상,0
2019,사업용,승합차,중형,25만km이상,8170
2019,사업용,승합차,대형,25만km이상,41751
2019,사업용,화물차,합계,25만km이상,284565
2019,사업용,화물차,경형,25만km이상,2029
2019,사업용,화물차,소형,25만km이상,22800
2019,사업용,화물차,중형,25만km이상,78470
2019,사업용,화물차,대형,25만km이상,181266
2019,사업용,특수차,합계,25만km이상,46443
2019,사업용,특수차,경형,25만km이상,0
2019,사업용,특수차,소형,25만km이상,2249
2019,사업용,특수차,중형,25만km이상,1172
2019,사업용,특수차,대형,25만km이상,43022
2019,전체,합계,합계,기타,0
2019,전체,합계,경형,기타,0
2019,전체,합계,소형,기타,0
2019,전체,합계,중형,기타,0
2019,전체,합계,대형,기타,0
2019,전체,승용차,합계,기타,0
2019,전체,승용차,경형,기타,0
2019,전체,승용차,소형,기타,0
2019,전체,승용차,중형,기타,0
2019,전체,승용차,대형,기타,0
2019,전체,승합차,합계,기타,0
2019,전체,승합차,경형,기타,0
2019,전체,승합차,소형,기타,0
2019,전체,승합차,중형,기타,0
2019,전체,승합차,대형,기타,0
2019,전체,화물차,합계,기타,0
2019,전체,화물차,경형,기타,0
2019,전체,화물차,소형,기타,0
2019,전체,화물차,중형,기타,0
2019,전체,화물차,대형,기타,0
2019,전체,특수차,합계,기타,0
2019,전체,특수차,경형,기타,0
2019,전체,특수차,소형,기타,0
2019,전체,특수차,중형,기타,0
2019,전체,특수차,대형,기타,0
2019,비사업용,합계,합계,기타,0
2019,비사업용,합계,경형,기타,0
2019,비사업용,합계,소형,기타,0
2019,비사업용,합계,중형,기타,0
2019,비사업용,합계,대형,기타,0
2019,비사업용,승용차,합계,기타,0
2019,비사업용,승용차,경형,기타,0
2019,비사업용,승용차,소형,기타,0
2019,비사업용,승용차,중형,기타,0
2019,비사업용,승용차,대형,기타,0
2019,비사업용,승합차,합계,기타,0
2019,비사업용,승합차,경형,기타,0
2019,비사업용,승합차,소형,기타,0
2019,비사업용,승합차,중형,기타,0
2019,비사업용,승합차,대형,기타,0
2019,비사업용,화물차,합계,기타,0
2019,비사업용,화물차,경형,기타,0
2019,비사업용,화물차,소형,기타,0
2019,비사업용,화물차,중형,기타,0
2019,비사업용,화물차,대형,기타,0
2019,비사업용,특수차,합계,기타,0
2019,비사업용,특수차,경형,기타,0
2019,비사업용,특수차,소형,기타,0
2019,비사업용,특수차,중형,기타,0
2019,비사업용,특수차,대형,기타,0
2019,사업용,합계,합계,기타,0
2019,사업용,합계,경형,기타,0
2019,사업용,합계,소형,기타,0
2019,사업용,합계,중형,기타,0
2019,사업용,합계,대형,기타,0
2019,사업용,승용차,합계,기타,0
2019,사업용,승용차,경형,기타,0
2019,사업용,승용차,소형,기타,0
2019,사업용,승용차,중형,기타,0
2019,사업용,승용차,대형,기타,0
2019,사업용,승합차,합계,기타,0
2019,사업용,승합차,경형,기타,0
2019,사업용,승합차,소형,기타,0
2019,사업용,승합차,중형,기타,0
2019,사업용,승합차,대형,기타,0
2019,사업용,화물차,합계,기타,0
2019,사업용,화물차,경형,기타,0
2019,사업용,화물차,소형,기타,0
2019,사업용,화물차,중형,기타,0
2019,사업용,화물차,대형,기타,0
2019,사업용,특수차,합계,기타,0
2019,사업용,특수차,경형,기타,0
2019,사업용,특수차,소형,기타,0
2019,사업용,특수차,중형,기타,0
2019,사업용,특수차,대형,기타,0
2020,전체,합계,합계,5만km 미만,2148954
2020,전체,합계,경형,5만km 미만,286035
2020,전체,합계,소형,5만km 미만,592759
2020,전체,합계,중형,5만km 미만,892844
2020,전체,합계,대형,5만km 미만,377316
2020,전체,승용차,합계,5만km 미만,1277481
2020,전체,승용차,경형,5만km 미만,254372
2020,전체,승용차,소형,5만km 미만,8128
2020,전체,승용차,중형,5만km 미만,720149
2020,전체,승용차,대형,5만km 미만,294832
2020,전체,승합차,합계,5만km 미만,120755
2020,전체,승합차,경형,5만km 미만,5970
2020,전체,승합차,소형,5만km 미만,60
2020,전체,승합차,중형,5만km 미만,106707
2020,전체,승합차,대형,5만km 미만,8018
2020,전체,화물차,합계,5만km 미만,721072
2020,전체,화물차,경형,5만km 미만,25646
2020,전체,화물차,소형,5만km 미만,569600
2020,전체,화물차,중형,5만km 미만,57763
2020,전체,화물차,대형,5만km 미만,68063
2020,전체,특수차,합계,5만km 미만,29646
2020,전체,특수차,경형,5만km 미만,47
2020,전체,특수차,소형,5만km 미만,14971
2020,전체,특수차,중형,5만km 미만,8225
2020,전체,특수차,대형,5만km 미만,6403
2020,비사업용,합계,합계,5만km 미만,1840823
2020,비사업용,합계,경형,5만km 미만,262963
2020,비사업용,합계,소형,5만km 미만,566609
2020,비사업용,합계,중형,5만km 미만,750001
2020,비사업용,합계,대형,5만km 미만,261250
2020,비사업용,승용차,합계,5만km 미만,1061102
2020,비사업용,승용차,경형,5만km 미만,233082
2020,비사업용,승용차,소형,5만km 미만,8102
2020,비사업용,승용차,중형,5만km 미만,601095
2020,비사업용,승용차,대형,5만km 미만,218823
2020,비사업용,승합차,합계,5만km 미만,105376
2020,비사업용,승합차,경형,5만km 미만,5702
2020,비사업용,승합차,소형,5만km 미만,60
2020,비사업용,승합차,중형,5만km 미만,93621
2020,비사업용,승합차,대형,5만km 미만,5993
2020,비사업용,화물차,합계,5만km 미만,657040
2020,비사업용,화물차,경형,5만km 미만,24132
2020,비사업용,화물차,소형,5만km 미만,546628
2020,비사업용,화물차,중형,5만km 미만,51904
2020,비사업용,화물차,대형,5만km 미만,34376
2020,비사업용,특수차,합계,5만km 미만,17305
2020,비사업용,특수차,경형,5만km 미만,47
2020,비사업용,특수차,소형,5만km 미만,11819
2020,비사업용,특수차,중형,5만km 미만,3381
2020,비사업용,특수차,대형,5만km 미만,2058
2020,사업용,합계,합계,5만km 미만,308131
2020,사업용,합계,경형,5만km 미만,23072
2020,사업용,합계,소형,5만km 미만,26150
2020,사업용,합계,중형,5만km 미만,142843
2020,사업용,합계,대형,5만km 미만,116066
2020,사업용,승용차,합계,5만km 미만,216379
2020,사업용,승용차,경형,5만km 미만,21290
2020,사업용,승용차,소형,5만km 미만,26
2020,사업용,승용차,중형,5만km 미만,119054
2020,사업용,승용차,대형,5만km 미만,76009
2020,사업용,승합차,합계,5만km 미만,15379
2020,사업용,승합차,경형,5만km 미만,268
2020,사업용,승합차,소형,5만km 미만,0
2020,사업용,승합차,중형,5만km 미만,13086
2020,사업용,승합차,대형,5만km 미만,2025
2020,사업용,화물차,합계,5만km 미만,64032
2020,사업용,화물차,경형,5만km 미만,1514
2020,사업용,화물차,소형,5만km 미만,22972
2020,사업용,화물차,중형,5만km 미만,5859
2020,사업용,화물차,대형,5만km 미만,33687
2020,사업용,특수차,합계,5만km 미만,12341
2020,사업용,특수차,경형,5만km 미만,0
2020,사업용,특수차,소형,5만km 미만,3152
2020,사업용,특수차,중형,5만km 미만,4844
2020,사업용,특수차,대형,5만km 미만,4345
2020,전체,합계,합계,5만km~10만km 미만,3321350
2020,전체,합계,경형,5만km~10만km 미만,387345
2020,전체,합계,소형,5만km~10만km 미만,558483
2020,전체,합계,중형,5만km~10만km 미만,1700385
2020,전체,합계,대형,5만km~10만km 미만,675137
2020,전체,승용차,합계,5만km~10만km 미만,2478649
2020,전체,승용차,경형,5만km~10만km 미만,361415
2020,전체,승용차,소형,5만km~10만km 미만,30919
2020,전체,승용차,중형,5만km~10만km 미만,1471834
2020,전체,승용차,대형,5만km~10만km 미만,614481
2020,전체,승합차,합계,5만km~10만km 미만,162267
2020,전체,승합차,경형,5만km~10만km 미만,6070
2020,전체,승합차,소형,5만km~10만km 미만,61
2020,전체,승합차,중형,5만km~10만km 미만,144491
2020,전체,승합차,대형,5만km~10만km 미만,11645
2020,전체,화물차,합계,5만km~10만km 미만,658602
2020,전체,화물차,경형,5만km~10만km 미만,19854
2020,전체,화물차,소형,5만km~10만km 미만,518751
2020,전체,화물차,중형,5만km~10만km 미만,77223
2020,전체,화물차,대형,5만km~10만km 미만,42774
2020,전체,특수차,합계,5만km~10만km 미만,21832
2020,전체,특수차,경형,5만km~10만km 미만,6
2020,전체,특수차,소형,5만km~10만km 미만,8752
2020,전체,특수차,중형,5만km~10만km 미만,6837
2020,전체,특수차,대형,5만km~10만km 미만,6237
2020,비사업용,합계,합계,5만km~10만km 미만,3012092
2020,비사업용,합계,경형,5만km~10만km 미만,371512
2020,비사업용,합계,소형,5만km~10만km 미만,528131
2020,비사업용,합계,중형,5만km~10만km 미만,1550367
2020,비사업용,합계,대형,5만km~10만km 미만,562082
2020,비사업용,승용차,합계,5만km~10만km 미만,2253409
2020,비사업용,승용차,경형,5만km~10만km 미만,348193
2020,비사업용,승용차,소형,5만km~10만km 미만,30905
2020,비사업용,승용차,중형,5만km~10만km 미만,1345146
2020,비사업용,승용차,대형,5만km~10만km 미만,529165
2020,비사업용,승합차,합계,5만km~10만km 미만,146405
2020,비사업용,승합차,경형,5만km~10만km 미만,5970
2020,비사업용,승합차,소형,5만km~10만km 미만,61
2020,비사업용,승합차,중형,5만km~10만km 미만,134440
2020,비사업용,승합차,대형,5만km~10만km 미만,5934
2020,비사업용,화물차,합계,5만km~10만km 미만,605638
2020,비사업용,화물차,경형,5만km~10만km 미만,17343
2020,비사업용,화물차,소형,5만km~10만km 미만,492953
2020,비사업용,화물차,중형,5만km~10만km 미만,68977
2020,비사업용,화물차,대형,5만km~10만km 미만,26365
2020,비사업용,특수차,합계,5만km~10만km 미만,6640
2020,비사업용,특수차,경형,5만km~10만km 미만,6
2020,비사업용,특수차,소형,5만km~10만km 미만,4212
2020,비사업용,특수차,중형,5만km~10만km 미만,1804
2020,비사업용,특수차,대형,5만km~10만km 미만,618
2020,사업용,합계,합계,5만km~10만km 미만,309258
2020,사업용,합계,경형,5만km~10만km 미만,15833
2020,사업용,합계,소형,5만km~10만km 미만,30352
2020,사업용,합계,중형,5만km~10만km 미만,150018
2020,사업용,합계,대형,5만km~10만km 미만,113055
2020,사업용,승용차,합계,5만km~10만km 미만,225240
2020,사업용,승용차,경형,5만km~10만km 미만,13222
2020,사업용,승용차,소형,5만km~10만km 미만,14
2020,사업용,승용차,중형,5만km~10만km 미만,126688
2020,사업용,승용차,대형,5만km~10만km 미만,85316
2020,사업용,승합차,합계,5만km~10만km 미만,15862
2020,사업용,승합차,경형,5만km~10만km 미만,100
2020,사업용,승합차,소형,5만km~10만km 미만,0
2020,사업용,승합차,중형,5만km~10만km 미만,10051
2020,사업용,승합차,대형,5만km~10만km 미만,5711
2020,사업용,화물차,합계,5만km~10만km 미만,52964
2020,사업용,화물차,경형,5만km~10만km 미만,2511
2020,사업용,화물차,소형,5만km~10만km 미만,25798
2020,사업용,화물차,중형,5만km~10만km 미만,8246
2020,사업용,화물차,대형,5만km~10만km 미만,16409
2020,사업용,특수차,합계,5만km~10만km 미만,15192
2020,사업용,특수차,경형,5만km~10만km 미만,0
2020,사업용,특수차,소형,5만km~10만km 미만,4540
2020,사업용,특수차,중형,5만km~10만km 미만,5033
2020,사업용,특수차,대형,5만km~10만km 미만,5619
2020,전체,합계,합계,10만km~15만km 미만,2568243
2020,전체,합계,경형,10만km~15만km 미만,187924
2020,전체,합계,소형,10만km~15만km 미만,455935
2020,전체,합계,중형,10만km~15만km 미만,1400163
2020,전체,합계,대형,10만km~15만km 미만,524221
2020,전체,승용차,합계,10만km~15만km 미만,1812535
2020,전체,승용차,경형,10만km~15만km 미만,172194
2020,전체,승용차,소형,10만km~15만km 미만,34554
2020,전체,승용차,중형,10만km~15만km 미만,1128938
2020,전체,승용차,대형,10만km~15만km 미만,476849
2020,전체,승합차,합계,10만km~15만km 미만,186229
2020,전체,승합차,경형,10만km~15만km 미만,3594
2020,전체,승합차,소형,10만km~15만km 미만,85
2020,전체,승합차,중형,10만km~15만km 미만,174252
2020,전체,승합차,대형,10만km~15만km 미만,8298
2020,전체,화물차,합계,10만km~15만km 미만,555069
2020,전체,화물차,경형,10만km~15만km 미만,12136
2020,전체,화물차,소형,10만km~15만km 미만,415821
2020,전체,화물차,중형,10만km~15만km 미만,92476
2020,전체,화물차,대형,10만km~15만km 미만,34636
2020,전체,특수차,합계,10만km~15만km 미만,14410
2020,전체,특수차,경형,10만km~15만km 미만,0
2020,전체,특수차,소형,10만km~15만km 미만,5475
2020,전체,특수차,중형,10만km~15만km 미만,4497
2020,전체,특수차,대형,10만km~15만km 미만,4438
2020,비사업용,합계,합계,10만km~15만km 미만,2405454
2020,비사업용,합계,경형,10만km~15만km 미만,182927
2020,비사업용,합계,소형,10만km~15만km 미만,433132
2020,비사업용,합계,중형,10만km~15만km 미만,1319900
2020,비사업용,합계,대형,10만km~15만km 미만,469495
2020,비사업용,승용차,합계,10만km~15만km 미만,1716101
2020,비사업용,승용차,경형,10만km~15만km 미만,169380
2020,비사업용,승용차,소형,10만km~15만km 미만,34554
2020,비사업용,승용차,중형,10만km~15만km 미만,1066507
2020,비사업용,승용차,대형,10만km~15만km 미만,445660
2020,비사업용,승합차,합계,10만km~15만km 미만,175916
2020,비사업용,승합차,경형,10만km~15만km 미만,3577
2020,비사업용,승합차,소형,10만km~15만km 미만,85
2020,비사업용,승합차,중형,10만km~15만km 미만,168507
2020,비사업용,승합차,대형,10만km~15만km 미만,3747
2020,비사업용,화물차,합계,10만km~15만km 미만,509067
2020,비사업용,화물차,경형,10만km~15만km 미만,9970
2020,비사업용,화물차,소형,10만km~15만km 미만,395960
2020,비사업용,화물차,중형,10만km~15만km 미만,83437
2020,비사업용,화물차,대형,10만km~15만km 미만,19700
2020,비사업용,특수차,합계,10만km~15만km 미만,4370
2020,비사업용,특수차,경형,10만km~15만km 미만,0
2020,비사업용,특수차,소형,10만km~15만km 미만,2533
2020,비사업용,특수차,중형,10만km~15만km 미만,1449
2020,비사업용,특수차,대형,10만km~15만km 미만,388
2020,사업용,합계,합계,10만km~15만km 미만,162789
2020,사업용,합계,경형,10만km~15만km 미만,4997
2020,사업용,합계,소형,10만km~15만km 미만,22803
2020,사업용,합계,중형,10만km~15만km 미만,80263
2020,사업용,합계,대형,10만km~15만km 미만,54726
2020,사업용,승용차,합계,10만km~15만km 미만,96434
2020,사업용,승용차,경형,10만km~15만km 미만,2814
2020,사업용,승용차,소형,10만km~15만km 미만,0
2020,사업용,승용차,중형,10만km~15만km 미만,62431
2020,사업용,승용차,대형,10만km~15만km 미만,31189
2020,사업용,승합차,합계,10만km~15만km 미만,10313
2020,사업용,승합차,경형,10만km~15만km 미만,17
2020,사업용,승합차,소형,10만km~15만km 미만,0
2020,사업용,승합차,중형,10만km~15만km 미만,5745
2020,사업용,승합차,대형,10만km~15만km 미만,4551
2020,사업용,화물차,합계,10만km~15만km 미만,46002
2020,사업용,화물차,경형,10만km~15만km 미만,2166
2020,사업용,화물차,소형,10만km~15만km 미만,19861
2020,사업용,화물차,중형,10만km~15만km 미만,9039
2020,사업용,화물차,대형,10만km~15만km 미만,14936
2020,사업용,특수차,합계,10만km~15만km 미만,10040
2020,사업용,특수차,경형,10만km~15만km 미만,0
2020,사업용,특수차,소형,10만km~15만km 미만,2942
2020,사업용,특수차,중형,10만km~15만km 미만,3048
2020,사업용,특수차,대형,10만km~15만km 미만,4050
2020,전체,합계,합계,15만km~20만km 미만,1695583
2020,전체,합계,경형,15만km~20만km 미만,58949
2020,전체,합계,소형,15만km~20만km 미만,342850
2020,전체,합계,중형,15만km~20만km 미만,918822
2020,전체,합계,대형,15만km~20만km 미만,374962
2020,전체,승용차,합계,15만km~20만km 미만,1067211
2020,전체,승용차,경형,15만km~20만km 미만,51215
2020,전체,승용차,소형,15만km~20만km 미만,20801
2020,전체,승용차,중형,15만km~20만km 미만,663810
2020,전체,승용차,대형,15만km~20만km 미만,331385
2020,전체,승합차,합계,15만km~20만km 미만,169864
2020,전체,승합차,경형,15만km~20만km 미만,1659
2020,전체,승합차,소형,15만km~20만km 미만,144
2020,전체,승합차,중형,15만km~20만km 미만,160317
2020,전체,승합차,대형,15만km~20만km 미만,7744
2020,전체,화물차,합계,15만km~20만km 미만,449364
2020,전체,화물차,경형,15만km~20만km 미만,6075
2020,전체,화물차,소형,15만km~20만km 미만,318536
2020,전체,화물차,중형,15만km~20만km 미만,92183
2020,전체,화물차,대형,15만km~20만km 미만,32570
2020,전체,특수차,합계,15만km~20만km 미만,9144
2020,전체,특수차,경형,15만km~20만km 미만,0
2020,전체,특수차,소형,15만km~20만km 미만,3369
2020,전체,특수차,중형,15만km~20만km 미만,2512
2020,전체,특수차,대형,15만km~20만km 미만,3263
2020,비사업용,합계,합계,15만km~20만km 미만,1591031
2020,비사업용,합계,경형,15만km~20만km 미만,56802
2020,비사업용,합계,소형,15만km~20만km 미만,325976
2020,비사업용,합계,중형,15만km~20만km 미만,868149
2020,비사업용,합계,대형,15만km~20만km 미만,340104
2020,비사업용,승용차,합계,15만km~20만km 미만,1019298
2020,비사업용,승용차,경형,15만km~20만km 미만,50637
2020,비사업용,승용차,소형,15만km~20만km 미만,20798
2020,비사업용,승용차,중형,15만km~20만km 미만,628127
2020,비사업용,승용차,대형,15만km~20만km 미만,319736
2020,비사업용,승합차,합계,15만km~20만km 미만,160289
2020,비사업용,승합차,경형,15만km~20만km 미만,1657
2020,비사업용,승합차,소형,15만km~20만km 미만,143
2020,비사업용,승합차,중형,15만km~20만km 미만,156014
2020,비사업용,승합차,대형,15만km~20만km 미만,2475
2020,비사업용,화물차,합계,15만km~20만km 미만,408410
2020,비사업용,화물차,경형,15만km~20만km 미만,4508
2020,비사업용,화물차,소형,15만km~20만km 미만,303397
2020,비사업용,화물차,중형,15만km~20만km 미만,82885
2020,비사업용,화물차,대형,15만km~20만km 미만,17620
2020,비사업용,특수차,합계,15만km~20만km 미만,3034
2020,비사업용,특수차,경형,15만km~20만km 미만,0
2020,비사업용,특수차,소형,15만km~20만km 미만,1638
2020,비사업용,특수차,중형,15만km~20만km 미만,1123
2020,비사업용,특수차,대형,15만km~20만km 미만,273
2020,사업용,합계,합계,15만km~20만km 미만,104552
2020,사업용,합계,경형,15만km~20만km 미만,2147
2020,사업용,합계,소형,15만km~20만km 미만,16874
2020,사업용,합계,중형,15만km~20만km 미만,50673
2020,사업용,합계,대형,15만km~20만km 미만,34858
2020,사업용,승용차,합계,15만km~20만km 미만,47913
2020,사업용,승용차,경형,15만km~20만km 미만,578
2020,사업용,승용차,소형,15만km~20만km 미만,3
2020,사업용,승용차,중형,15만km~20만km 미만,35683
2020,사업용,승용차,대형,15만km~20만km 미만,11649
2020,사업용,승합차,합계,15만km~20만km 미만,9575
2020,사업용,승합차,경형,15만km~20만km 미만,2
2020,사업용,승합차,소형,15만km~20만km 미만,1
2020,사업용,승합차,중형,15만km~20만km 미만,4303
2020,사업용,승합차,대형,15만km~20만km 미만,5269
2020,사업용,화물차,합계,15만km~20만km 미만,40954
2020,사업용,화물차,경형,15만km~20만km 미만,1567
2020,사업용,화물차,소형,15만km~20만km 미만,15139
2020,사업용,화물차,중형,15만km~20만km 미만,9298
2020,사업용,화물차,대형,15만km~20만km 미만,14950
2020,사업용,특수차,합계,15만km~20만km 미만,6110
2020,사업용,특수차,경형,15만km~20만km 미만,0
2020,사업용,특수차,소형,15만km~20만km 미만,1731
2020,사업용,특수차,중형,15만km~20만km 미만,1389
2020,사업용,특수차,대형,15만km~20만km 미만,2990
2020,전체,합계,합계,20만km~25만km 미만,1001035
2020,전체,합계,경형,20만km~25만km 미만,16006
2020,전체,합계,소형,20만km~25만km 미만,226440
2020,전체,합계,중형,20만km~25만km 미만,515362
2020,전체,합계,대형,20만km~25만km 미만,243227
2020,전체,승용차,합계,20만km~25만km 미만,549679
2020,전체,승용차,경형,20만km~25만km 미만,12229
2020,전체,승용차,소형,20만km~25만km 미만,9258
2020,전체,승용차,중형,20만km~25만km 미만,325106
2020,전체,승용차,대형,20만km~25만km 미만,203086
2020,전체,승합차,합계,20만km~25만km 미만,119367
2020,전체,승합차,경형,20만km~25만km 미만,747
2020,전체,승합차,소형,20만km~25만km 미만,148
2020,전체,승합차,중형,20만km~25만km 미만,111623
2020,전체,승합차,대형,20만km~25만km 미만,6849
2020,전체,화물차,합계,20만km~25만km 미만,325654
2020,전체,화물차,경형,20만km~25만km 미만,3030
2020,전체,화물차,소형,20만km~25만km 미만,214831
2020,전체,화물차,중형,20만km~25만km 미만,77145
2020,전체,화물차,대형,20만km~25만km 미만,30648
2020,전체,특수차,합계,20만km~25만km 미만,6335
2020,전체,특수차,경형,20만km~25만km 미만,0
2020,전체,특수차,소형,20만km~25만km 미만,2203
2020,전체,특수차,중형,20만km~25만km 미만,1488
2020,전체,특수차,대형,20만km~25만km 미만,2644
2020,비사업용,합계,합계,20만km~25만km 미만,919349
2020,비사업용,합계,경형,20만km~25만km 미만,14835
2020,비사업용,합계,소형,20만km~25만km 미만,214310
2020,비사업용,합계,중형,20만km~25만km 미만,475979
2020,비사업용,합계,대형,20만km~25만km 미만,214225
2020,비사업용,승용차,합계,20만km~25만km 미만,518617
2020,비사업용,승용차,경형,20만km~25만km 미만,12176
2020,비사업용,승용차,소형,20만km~25만km 미만,9258
2020,비사업용,승용차,중형,20만km~25만km 미만,299316
2020,비사업용,승용차,대형,20만km~25만km 미만,197867
2020,비사업용,승합차,합계,20만km~25만km 미만,110267
2020,비사업용,승합차,경형,20만km~25만km 미만,747
2020,비사업용,승합차,소형,20만km~25만km 미만,148
2020,비사업용,승합차,중형,20만km~25만km 미만,107984
2020,비사업용,승합차,대형,20만km~25만km 미만,1388
2020,비사업용,화물차,합계,20만km~25만km 미만,288355
2020,비사업용,화물차,경형,20만km~25만km 미만,1912
2020,비사업용,화물차,소형,20만km~25만km 미만,203929
2020,비사업용,화물차,중형,20만km~25만km 미만,67784
2020,비사업용,화물차,대형,20만km~25만km 미만,14730
2020,비사업용,특수차,합계,20만km~25만km 미만,2110
2020,비사업용,특수차,경형,20만km~25만km 미만,0
2020,비사업용,특수차,소형,20만km~25만km 미만,975
2020,비사업용,특수차,중형,20만km~25만km 미만,895
2020,비사업용,특수차,대형,20만km~25만km 미만,240
2020,사업용,합계,합계,20만km~25만km 미만,81686
2020,사업용,합계,경형,20만km~25만km 미만,1171
2020,사업용,합계,소형,20만km~25만km 미만,12130
2020,사업용,합계,중형,20만km~25만km 미만,39383
2020,사업용,합계,대형,20만km~25만km 미만,29002
2020,사업용,승용차,합계,20만km~25만km 미만,31062
2020,사업용,승용차,경형,20만km~25만km 미만,53
2020,사업용,승용차,소형,20만km~25만km 미만,0
2020,사업용,승용차,중형,20만km~25만km 미만,25790
2020,사업용,승용차,대형,20만km~25만km 미만,5219
2020,사업용,승합차,합계,20만km~25만km 미만,9100
2020,사업용,승합차,경형,20만km~25만km 미만,0
2020,사업용,승합차,소형,20만km~25만km 미만,0
2020,사업용,승합차,중형,20만km~25만km 미만,3639
2020,사업용,승합차,대형,20만km~25만km 미만,5461
2020,사업용,화물차,합계,20만km~25만km 미만,37299
2020,사업용,화물차,경형,20만km~25만km 미만,1118
2020,사업용,화물차,소형,20만km~25만km 미만,10902
2020,사업용,화물차,중형,20만km~25만km 미만,9361
2020,사업용,화물차,대형,20만km~25만km 미만,15918
2020,사업용,특수차,합계,20만km~25만km 미만,4225
2020,사업용,특수차,경형,20만km~25만km 미만,0
2020,사업용,특수차,소형,20만km~25만km 미만,1228
2020,사업용,특수차,중형,20만km~25만km 미만,593
2020,사업용,특수차,대형,20만km~25만km 미만,2404
2020,전체,합계,합계,25만km이상,1436568
2020,전체,합계,경형,25만km이상,8521
2020,전체,합계,소형,25만km이상,255341
2020,전체,합계,중형,25만km이상,623733
2020,전체,합계,대형,25만km이상,548973
2020,전체,승용차,합계,25만km이상,479749
2020,전체,승용차,경형,25만km이상,4243
2020,전체,승용차,소형,25만km이상,5367
2020,전체,승용차,중형,25만km이상,274872
2020,전체,승용차,대형,25만km이상,195267
2020,전체,승합차,합계,25만km이상,174793
2020,전체,승합차,경형,25만km이상,593
2020,전체,승합차,소형,25만km이상,245
2020,전체,승합차,중형,25만km이상,125946
2020,전체,승합차,대형,25만km이상,48009
2020,전체,화물차,합계,25만km이상,728951
2020,전체,화물차,경형,25만km이상,3685
2020,전체,화물차,소형,25만km이상,245487
2020,전체,화물차,중형,25만km이상,219813
2020,전체,화물차,대형,25만km이상,259966
2020,전체,특수차,합계,25만km이상,53075
2020,전체,특수차,경형,25만km이상,0
2020,전체,특수차,소형,25만km이상,4242
2020,전체,특수차,중형,25만km이상,3102
2020,전체,특수차,대형,25만km이상,45731
2020,비사업용,합계,합계,25만km이상,971971
2020,비사업용,합계,경형,25만km이상,6442
2020,비사업용,합계,소형,25만km이상,228454
2020,비사업용,합계,중형,25만km이상,472601
2020,비사업용,합계,대형,25만km이상,264474
2020,비사업용,승용차,합계,25만km이상,406960
2020,비사업용,승용차,경형,25만km이상,4222
2020,비사업용,승용차,소형,25만km이상,5367
2020,비사업용,승용차,중형,25만km이상,211907
2020,비사업용,승용차,대형,25만km이상,185464
2020,비사업용,승합차,합계,25만km이상,125857
2020,비사업용,승합차,경형,25만km이상,593
2020,비사업용,승합차,소형,25만km이상,245
2020,비사업용,승합차,중형,25만km이상,117440
2020,비사업용,승합차,대형,25만km이상,7579
2020,비사업용,화물차,합계,25만km이상,433803
2020,비사업용,화물차,경형,25만km이상,1627
2020,비사업용,화물차,소형,25만km이상,221212
2020,비사업용,화물차,중형,25만km이상,141163
2020,비사업용,화물차,대형,25만km이상,69801
2020,비사업용,특수차,합계,25만km이상,5351
2020,비사업용,특수차,경형,25만km이상,0
2020,비사업용,특수차,소형,25만km이상,1630
2020,비사업용,특수차,중형,25만km이상,2091
2020,비사업용,특수차,대형,25만km이상,1630
2020,사업용,합계,합계,25만km이상,464597
2020,사업용,합계,경형,25만km이상,2079
2020,사업용,합계,소형,25만km이상,26887
2020,사업용,합계,중형,25만km이상,151132
2020,사업용,합계,대형,25만km이상,284499
2020,사업용,승용차,합계,25만km이상,72789
2020,사업용,승용차,경형,25만km이상,21
2020,사업용,승용차,소형,25만km이상,0
2020,사업용,승용차,중형,25만km이상,62965
2020,사업용,승용차,대형,25만km이상,9803
2020,사업용,승합차,합계,25만km이상,48936
2020,사업용,승합차,경형,25만km이상,0
2020,사업용,승합차,소형,25만km이상,0
2020,사업용,승합차,중형,25만km이상,8506
2020,사업용,승합차,대형,25만km이상,40430
2020,사업용,화물차,합계,25만km이상,295148
2020,사업용,화물차,경형,25만km이상,2058
2020,사업용,화물차,소형,25만km이상,24275
2020,사업용,화물차,중형,25만km이상,78650
2020,사업용,화물차,대형,25만km이상,190165
2020,사업용,특수차,합계,25만km이상,47724
2020,사업용,특수차,경형,25만km이상,0
2020,사업용,특수차,소형,25만km이상,2612
2020,사업용,특수차,중형,25만km이상,1011
2020,사업용,특수차,대형,25만km이상,44101
2020,전체,합계,합계,기타,0
2020,전체,합계,경형,기타,0
2020,전체,합계,소형,기타,0
2020,전체,합계,중형,기타,0
2020,전체,합계,대형,기타,0
2020,전체,승용차,합계,기타,0
2020,전체,승용차,경형,기타,0
2020,전체,승용차,소형,기타,0
2020,전체,승용차,중형,기타,0
2020,전체,승용차,대형,기타,0
2020,전체,승합차,합계,기타,0
2020,전체,승합차,경형,기타,0
2020,전체,승합차,소형,기타,0
2020,전체,승합차,중형,기타,0
2020,전체,승합차,대형,기타,0
2020,전체,화물차,합계,기타,0
2020,전체,화물차,경형,기타,0
2020,전체,화물차,소형,기타,0
2020,전체,화물차,중형,기타,0
2020,전체,화물차,대형,기타,0
2020,전체,특수차,합계,기타,0
2020,전체,특수차,경형,기타,0
2020,전체,특수차,소형,기타,0
2020,전체,특수차,중형,기타,0
2020,전체,특수차,대형,기타,0
2020,비사업용,합계,합계,기타,0
2020,비사업용,합계,경형,기타,0
2020,비사업용,합계,소형,기타,0
2020,비사업용,합계,중형,기타,0
2020,비사업용,합계,대형,기타,0
2020,비사업용,승용차,합계,기타,0
2020,비사업용,승용차,경형,기타,0
2020,비사업용,승용차,소형,기타,0
2020,비사업용,승용차,중형,기타,0
2020,비사업용,승용차,대형,기타,0
2020,비사업용,승합차,합계,기타,0
2020,비사업용,승합차,경형,기타,0
2020,비사업용,승합차,소형,기타,0
2020,비사업용,승합차,중형,기타,0
2020,비사업용,승합차,대형,기타,0
2020,비사업용,화물차,합계,기타,0
2020,비사업용,화물차,경형,기타,0
2020,비사업용,화물차,소형,기타,0
2020,비사업용,화물차,중형,기타,0
2020,비사업용,화물차,대형,기타,0
2020,비사업용,특수차,합계,기타,0
2020,비사업용,특수차,경형,기타,0
2020,비사업용,특수차,소형,기타,0
2020,비사업용,특수차,중형,기타,0
2020,비사업용,특수차,대형,기타,0
2020,사업용,합계,합계,기타,0
2020,사업용,합계,경형,기타,0
2020,사업용,합계,소형,기타,0
2020,사업용,합계,중형,기타,0
2020,사업용,합계,대형,기타,0
2020,사업용,승용차,합계,기타,0
2020,사업용,승용차,경형,기타,0
2020,사업용,승용차,소형,기타,0
2020,사업용,승용차,중형,기타,0
2020,사업용,승용차,대형,기타,0
2020,사업용,승합차,합계,기타,0
2020,사업용,승합차,경형,기타,0
2020,사업용,승합차,소형,기타,0
2020,사업용,승합차,중형,기타,0
2020,사업용,승합차,대형,기타,0
2020,사업용,화물차,합계,기타,0
2020,사업용,화물차,경형,기타,0
2020,사업용,화물차,소형,기타,0
2020,사업용,화물차,중형,기타,0
2020,사업용,화물차,대형,기타,0
2020,사업용,특수차,합계,기타,0
2020,사업용,특수차,경형,기타,0
2020,사업용,특수차,소형,기타,0
2020,사업용,특수차,중형,기타,0
2020,사업용,특수차,대형,기타,0
2021,전체,합계,합계,5만km 미만,2262148
2021,전체,합계,경형,5만km 미만,267782
2021,전체,합계,소형,5만km 미만,609735
2021,전체,합계,중형,5만km 미만,952929
2021,전체,합계,대형,5만km 미만,431702
2021,전체,승용차,합계,5만km 미만,1375802
2021,전체,승용차,경형,5만km 미만,237128
2021,전체,승용차,소형,5만km 미만,6891
2021,전체,승용차,중형,5만km 미만,783470
2021,전체,승용차,대형,5만km 미만,348313
2021,전체,승합차,합계,5만km 미만,118899
2021,전체,승합차,경형,5만km 미만,5451
2021,전체,승합차,소형,5만km 미만,87
2021,전체,승합차,중형,5만km 미만,105610
2021,전체,승합차,대형,5만km 미만,7751
2021,전체,화물차,합계,5만km 미만,734313
2021,전체,화물차,경형,5만km 미만,25161
2021,전체,화물차,소형,5만km 미만,583795
2021,전체,화물차,중형,5만km 미만,55914
2021,전체,화물차,대형,5만km 미만,69443
2021,전체,특수차,합계,5만km 미만,33134
2021,전체,특수차,경형,5만km 미만,42
2021,전체,특수차,소형,5만km 미만,18962
2021,전체,특수차,중형,5만km 미만,7935
2021,전체,특수차,대형,5만km 미만,6195
2021,비사업용,합계,합계,5만km 미만,1912074
2021,비사업용,합계,경형,5만km 미만,240444
2021,비사업용,합계,소형,5만km 미만,582692
2021,비사업용,합계,중형,5만km 미만,788186
2021,비사업용,합계,대형,5만km 미만,300752
2021,비사업용,승용차,합계,5만km 미만,1117630
2021,비사업용,승용차,경형,5만km 미만,211570
2021,비사업용,승용차,소형,5만km 미만,6870
2021,비사업용,승용차,중형,5만km 미만,640504
2021,비사업용,승용차,대형,5만km 미만,258686
2021,비사업용,승합차,합계,5만km 미만,105171
2021,비사업용,승합차,경형,5만km 미만,5268
2021,비사업용,승합차,소형,5만km 미만,87
2021,비사업용,승합차,중형,5만km 미만,94149
2021,비사업용,승합차,대형,5만km 미만,5667
2021,비사업용,화물차,합계,5만km 미만,667697
2021,비사업용,화물차,경형,5만km 미만,23564
2021,비사업용,화물차,소형,5만km 미만,559639
2021,비사업용,화물차,중형,5만km 미만,50181
2021,비사업용,화물차,대형,5만km 미만,34313
2021,비사업용,특수차,합계,5만km 미만,21576
2021,비사업용,특수차,경형,5만km 미만,42
2021,비사업용,특수차,소형,5만km 미만,16096
2021,비사업용,특수차,중형,5만km 미만,3352
2021,비사업용,특수차,대형,5만km 미만,2086
2021,사업용,합계,합계,5만km 미만,350074
2021,사업용,합계,경형,5만km 미만,27338
2021,사업용,합계,소형,5만km 미만,27043
2021,사업용,합계,중형,5만km 미만,164743
2021,사업용,합계,대형,5만km 미만,130950
2021,사업용,승용차,합계,5만km 미만,258172
2021,사업용,승용차,경형,5만km 미만,25558
2021,사업용,승용차,소형,5만km 미만,21
2021,사업용,승용차,중형,5만km 미만,142966
2021,사업용,승용차,대형,5만km 미만,89627
2021,사업용,승합차,합계,5만km 미만,13728
2021,사업용,승합차,경형,5만km 미만,183
2021,사업용,승합차,소형,5만km 미만,0
2021,사업용,승합차,중형,5만km 미만,11461
2021,사업용,승합차,대형,5만km 미만,2084
2021,사업용,화물차,합계,5만km 미만,66616
2021,사업용,화물차,경형,5만km 미만,1597
2021,사업용,화물차,소형,5만km 미만,24156
2021,사업용,화물차,중형,5만km 미만,5733
2021,사업용,화물차,대형,5만km 미만,35130
2021,사업용,특수차,합계,5만km 미만,11558
2021,사업용,특수차,경형,5만km 미만,0
2021,사업용,특수차,소형,5만km 미만,2866
2021,사업용,특수차,중형,5만km 미만,4583
2021,사업용,특수차,대형,5만km 미만,4109
2021,전체,합계,합계,5만km~10만km 미만,3458457
2021,전체,합계,경형,5만km~10만km 미만,373973
2021,전체,합계,소형,5만km~10만km 미만,575056
2021,전체,합계,중형,5만km~10만km 미만,1752496
2021,전체,합계,대형,5만km~10만km 미만,756932
2021,전체,승용차,합계,5만km~10만km 미만,2608400
2021,전체,승용차,경형,5만km~10만km 미만,348976
2021,전체,승용차,소형,5만km~10만km 미만,27476
2021,전체,승용차,중형,5만km~10만km 미만,1534172
2021,전체,승용차,대형,5만km~10만km 미만,697776
2021,전체,승합차,합계,5만km~10만km 미만,156301
2021,전체,승합차,경형,5만km~10만km 미만,5611
2021,전체,승합차,소형,5만km~10만km 미만,108
2021,전체,승합차,중형,5만km~10만km 미만,138491
2021,전체,승합차,대형,5만km~10만km 미만,12091
2021,전체,화물차,합계,5만km~10만km 미만,668776
2021,전체,화물차,경형,5만km~10만km 미만,19382
2021,전체,화물차,소형,5만km~10만km 미만,536248
2021,전체,화물차,중형,5만km~10만km 미만,72028
2021,전체,화물차,대형,5만km~10만km 미만,41118
2021,전체,특수차,합계,5만km~10만km 미만,24980
2021,전체,특수차,경형,5만km~10만km 미만,4
2021,전체,특수차,소형,5만km~10만km 미만,11224
2021,전체,특수차,중형,5만km~10만km 미만,7805
2021,전체,특수차,대형,5만km~10만km 미만,5947
2021,비사업용,합계,합계,5만km~10만km 미만,3120962
2021,비사업용,합계,경형,5만km~10만km 미만,355741
2021,비사업용,합계,소형,5만km~10만km 미만,542671
2021,비사업용,합계,중형,5만km~10만km 미만,1588793
2021,비사업용,합계,대형,5만km~10만km 미만,633757
2021,비사업용,승용차,합계,5만km~10만km 미만,2355353
2021,비사업용,승용차,경형,5만km~10만km 미만,333242
2021,비사업용,승용차,소형,5만km~10만km 미만,27470
2021,비사업용,승용차,중형,5만km~10만km 미만,1393479
2021,비사업용,승용차,대형,5만km~10만km 미만,601162
2021,비사업용,승합차,합계,5만km~10만km 미만,141730
2021,비사업용,승합차,경형,5만km~10만km 미만,5539
2021,비사업용,승합차,소형,5만km~10만km 미만,108
2021,비사업용,승합차,중형,5만km~10만km 미만,129482
2021,비사업용,승합차,대형,5만km~10만km 미만,6601
2021,비사업용,화물차,합계,5만km~10만km 미만,615196
2021,비사업용,화물차,경형,5만km~10만km 미만,16956
2021,비사업용,화물차,소형,5만km~10만km 미만,508830
2021,비사업용,화물차,중형,5만km~10만km 미만,63996
2021,비사업용,화물차,대형,5만km~10만km 미만,25414
2021,비사업용,특수차,합계,5만km~10만km 미만,8683
2021,비사업용,특수차,경형,5만km~10만km 미만,4
2021,비사업용,특수차,소형,5만km~10만km 미만,6263
2021,비사업용,특수차,중형,5만km~10만km 미만,1836
2021,비사업용,특수차,대형,5만km~10만km 미만,580
2021,사업용,합계,합계,5만km~10만km 미만,337495
2021,사업용,합계,경형,5만km~10만km 미만,18232
2021,사업용,합계,소형,5만km~10만km 미만,32385
2021,사업용,합계,중형,5만km~10만km 미만,163703
2021,사업용,합계,대형,5만km~10만km 미만,123175
2021,사업용,승용차,합계,5만km~10만km 미만,253047
2021,사업용,승용차,경형,5만km~10만km 미만,15734
2021,사업용,승용차,소형,5만km~10만km 미만,6
2021,사업용,승용차,중형,5만km~10만km 미만,140693
2021,사업용,승용차,대형,5만km~10만km 미만,96614
2021,사업용,승합차,합계,5만km~10만km 미만,14571
2021,사업용,승합차,경형,5만km~10만km 미만,72
2021,사업용,승합차,소형,5만km~10만km 미만,0
2021,사업용,승합차,중형,5만km~10만km 미만,9009
2021,사업용,승합차,대형,5만km~10만km 미만,5490
2021,사업용,화물차,합계,5만km~10만km 미만,53580
2021,사업용,화물차,경형,5만km~10만km 미만,2426
2021,사업용,화물차,소형,5만km~10만km 미만,27418
2021,사업용,화물차,중형,5만km~10만km 미만,8032
2021,사업용,화물차,대형,5만km~10만km 미만,15704
2021,사업용,특수차,합계,5만km~10만km 미만,16297
2021,사업용,특수차,경형,5만km~10만km 미만,0
2021,사업용,특수차,소형,5만km~10만km 미만,4961
2021,사업용,특수차,중형,5만km~10만km 미만,5969
2021,사업용,특수차,대형,5만km~10만km 미만,5367
2021,전체,합계,합계,10만km~15만km 미만,2689366
2021,전체,합계,경형,10만km~15만km 미만,189838
2021,전체,합계,소형,10만km~15만km 미만,464360
2021,전체,합계,중형,10만km~15만km 미만,1456450
2021,전체,합계,대형,10만km~15만km 미만,578718
2021,전체,승용차,합계,10만km~15만km 미만,1931659
2021,전체,승용차,경형,10만km~15만km 미만,175408
2021,전체,승용차,소형,10만km~15만km 미만,29289
2021,전체,승용차,중형,10만km~15만km 미만,1195752
2021,전체,승용차,대형,10만km~15만km 미만,531210
2021,전체,승합차,합계,10만km~15만km 미만,184246
2021,전체,승합차,경형,10만km~15만km 미만,3219
2021,전체,승합차,소형,10만km~15만km 미만,143
2021,전체,승합차,중형,10만km~15만km 미만,172402
2021,전체,승합차,대형,10만km~15만km 미만,8482
2021,전체,화물차,합계,10만km~15만km 미만,556789
2021,전체,화물차,경형,10만km~15만km 미만,11207
2021,전체,화물차,소형,10만km~15만km 미만,427594
2021,전체,화물차,중형,10만km~15만km 미만,83552
2021,전체,화물차,대형,10만km~15만km 미만,34436
2021,전체,특수차,합계,10만km~15만km 미만,16672
2021,전체,특수차,경형,10만km~15만km 미만,4
2021,전체,특수차,소형,10만km~15만km 미만,7334
2021,전체,특수차,중형,10만km~15만km 미만,4744
2021,전체,특수차,대형,10만km~15만km 미만,4590
2021,비사업용,합계,합계,10만km~15만km 미만,2519076
2021,비사업용,합계,경형,10만km~15만km 미만,184712
2021,비사업용,합계,소형,10만km~15만km 미만,439841
2021,비사업용,합계,중형,10만km~15만km 미만,1373888
2021,비사업용,합계,대형,10만km~15만km 미만,520635
2021,비사업용,승용차,합계,10만km~15만km 미만,1828645
2021,비사업용,승용차,경형,10만km~15만km 미만,172225
2021,비사업용,승용차,소형,10만km~15만km 미만,29288
2021,비사업용,승용차,중형,10만km~15만km 미만,1130475
2021,비사업용,승용차,대형,10만km~15만km 미만,496657
2021,비사업용,승합차,합계,10만km~15만km 미만,174412
2021,비사업용,승합차,경형,10만km~15만km 미만,3207
2021,비사업용,승합차,소형,10만km~15만km 미만,143
2021,비사업용,승합차,중형,10만km~15만km 미만,167159
2021,비사업용,승합차,대형,10만km~15만km 미만,3903
2021,비사업용,화물차,합계,10만km~15만km 미만,510418
2021,비사업용,화물차,경형,10만km~15만km 미만,9276
2021,비사업용,화물차,소형,10만km~15만km 미만,406561
2021,비사업용,화물차,중형,10만km~15만km 미만,74864
2021,비사업용,화물차,대형,10만km~15만km 미만,19717
2021,비사업용,특수차,합계,10만km~15만km 미만,5601
2021,비사업용,특수차,경형,10만km~15만km 미만,4
2021,비사업용,특수차,소형,10만km~15만km 미만,3849
2021,비사업용,특수차,중형,10만km~15만km 미만,1390
2021,비사업용,특수차,대형,10만km~15만km 미만,358
2021,사업용,합계,합계,10만km~15만km 미만,170290
2021,사업용,합계,경형,10만km~15만km 미만,5126
2021,사업용,합계,소형,10만km~15만km 미만,24519
2021,사업용,합계,중형,10만km~15만km 미만,82562
2021,사업용,합계,대형,10만km~15만km 미만,58083
2021,사업용,승용차,합계,10만km~15만km 미만,103014
2021,사업용,승용차,경형,10만km~15만km 미만,3183
2021,사업용,승용차,소형,10만km~15만km 미만,1
2021,사업용,승용차,중형,10만km~15만km 미만,65277
2021,사업용,승용차,대형,10만km~15만km 미만,34553
2021,사업용,승합차,합계,10만km~15만km 미만,9834
2021,사업용,승합차,경형,10만km~15만km 미만,12
2021,사업용,승합차,소형,10만km~15만km 미만,0
2021,사업용,승합차,중형,10만km~15만km 미만,5243
2021,사업용,승합차,대형,10만km~15만km 미만,4579
2021,사업용,화물차,합계,10만km~15만km 미만,46371
2021,사업용,화물차,경형,10만km~15만km 미만,1931
2021,사업용,화물차,소형,10만km~15만km 미만,21033
2021,사업용,화물차,중형,10만km~15만km 미만,8688
2021,사업용,화물차,대형,10만km~15만km 미만,14719
2021,사업용,특수차,합계,10만km~15만km 미만,11071
2021,사업용,특수차,경형,10만km~15만km 미만,0
2021,사업용,특수차,소형,10만km~15만km 미만,3485
2021,사업용,특수차,중형,10만km~15만km 미만,3354
2021,사업용,특수차,대형,10만km~15만km 미만,4232
2021,전체,합계,합계,15만km~20만km 미만,1748421
2021,전체,합계,경형,15만km~20만km 미만,61571
2021,전체,합계,소형,15만km~20만km 미만,344237
2021,전체,합계,중형,15만km~20만km 미만,944390
2021,전체,합계,대형,15만km~20만km 미만,398223
2021,전체,승용차,합계,15만km~20만km 미만,1125936
2021,전체,승용차,경형,15만km~20만km 미만,54272
2021,전체,승용차,소형,15만km~20만km 미만,17396
2021,전체,승용차,중형,15만km~20만km 미만,698888
2021,전체,승용차,대형,15만km~20만km 미만,355380
2021,전체,승합차,합계,15만km~20만km 미만,169992
2021,전체,승합차,경형,15만km~20만km 미만,1553
2021,전체,승합차,소형,15만km~20만km 미만,221
2021,전체,승합차,중형,15만km~20만km 미만,160466
2021,전체,승합차,대형,15만km~20만km 미만,7752
2021,전체,화물차,합계,15만km~20만km 미만,442216
2021,전체,화물차,경형,15만km~20만km 미만,5746
2021,전체,화물차,소형,15만km~20만km 미만,322238
2021,전체,화물차,중형,15만km~20만km 미만,82508
2021,전체,화물차,대형,15만km~20만km 미만,31724
2021,전체,특수차,합계,15만km~20만km 미만,10277
2021,전체,특수차,경형,15만km~20만km 미만,0
2021,전체,특수차,소형,15만km~20만km 미만,4382
2021,전체,특수차,중형,15만km~20만km 미만,2528
2021,전체,특수차,대형,15만km~20만km 미만,3367
2021,비사업용,합계,합계,15만km~20만km 미만,1643452
2021,비사업용,합계,경형,15만km~20만km 미만,59394
2021,비사업용,합계,소형,15만km~20만km 미만,326361
2021,비사업용,합계,중형,15만km~20만km 미만,895155
2021,비사업용,합계,대형,15만km~20만km 미만,362542
2021,비사업용,승용차,합계,15만km~20만km 미만,1077499
2021,비사업용,승용차,경형,15만km~20만km 미만,53623
2021,비사업용,승용차,소형,15만km~20만km 미만,17396
2021,비사업용,승용차,중형,15만km~20만km 미만,664128
2021,비사업용,승용차,대형,15만km~20만km 미만,342352
2021,비사업용,승합차,합계,15만km~20만km 미만,160774
2021,비사업용,승합차,경형,15만km~20만km 미만,1548
2021,비사업용,승합차,소형,15만km~20만km 미만,221
2021,비사업용,승합차,중형,15만km~20만km 미만,156510
2021,비사업용,승합차,대형,15만km~20만km 미만,2495
2021,비사업용,화물차,합계,15만km~20만km 미만,401436
2021,비사업용,화물차,경형,15만km~20만km 미만,4223
2021,비사업용,화물차,소형,15만km~20만km 미만,306312
2021,비사업용,화물차,중형,15만km~20만km 미만,73477
2021,비사업용,화물차,대형,15만km~20만km 미만,17424
2021,비사업용,특수차,합계,15만km~20만km 미만,3743
2021,비사업용,특수차,경형,15만km~20만km 미만,0
2021,비사업용,특수차,소형,15만km~20만km 미만,2432
2021,비사업용,특수차,중형,15만km~20만km 미만,1040
2021,비사업용,특수차,대형,15만km~20만km 미만,271
2021,사업용,합계,합계,15만km~20만km 미만,104969
2021,사업용,합계,경형,15만km~20만km 미만,2177
2021,사업용,합계,소형,15만km~20만km 미만,17876
2021,사업용,합계,중형,15만km~20만km 미만,49235
2021,사업용,합계,대형,15만km~20만km 미만,35681
2021,사업용,승용차,합계,15만km~20만km 미만,48437
2021,사업용,승용차,경형,15만km~20만km 미만,649
2021,사업용,승용차,소형,15만km~20만km 미만,0
2021,사업용,승용차,중형,15만km~20만km 미만,34760
2021,사업용,승용차,대형,15만km~20만km 미만,13028
2021,사업용,승합차,합계,15만km~20만km 미만,9218
2021,사업용,승합차,경형,15만km~20만km 미만,5
2021,사업용,승합차,소형,15만km~20만km 미만,0
2021,사업용,승합차,중형,15만km~20만km 미만,3956
2021,사업용,승합차,대형,15만km~20만km 미만,5257
2021,사업용,화물차,합계,15만km~20만km 미만,40780
2021,사업용,화물차,경형,15만km~20만km 미만,1523
2021,사업용,화물차,소형,15만km~20만km 미만,15926
2021,사업용,화물차,중형,15만km~20만km 미만,9031
2021,사업용,화물차,대형,15만km~20만km 미만,14300
2021,사업용,특수차,합계,15만km~20만km 미만,6534
2021,사업용,특수차,경형,15만km~20만km 미만,0
2021,사업용,특수차,소형,15만km~20만km 미만,1950
2021,사업용,특수차,중형,15만km~20만km 미만,1488
2021,사업용,특수차,대형,15만km~20만km 미만,3096
2021,전체,합계,합계,20만km~25만km 미만,1002320
2021,전체,합계,경형,20만km~25만km 미만,16850
2021,전체,합계,소형,20만km~25만km 미만,225836
2021,전체,합계,중형,20만km~25만km 미만,514711
2021,전체,합계,대형,20만km~25만km 미만,244923
2021,전체,승용차,합계,20만km~25만km 미만,560168
2021,전체,승용차,경형,20만km~25만km 미만,13399
2021,전체,승용차,소형,20만km~25만km 미만,7615
2021,전체,승용차,중형,20만km~25만km 미만,333131
2021,전체,승용차,대형,20만km~25만km 미만,206023
2021,전체,승합차,합계,20만km~25만km 미만,119727
2021,전체,승합차,경형,20만km~25만km 미만,657
2021,전체,승합차,소형,20만km~25만km 미만,194
2021,전체,승합차,중형,20만km~25만km 미만,112242
2021,전체,승합차,대형,20만km~25만km 미만,6634
2021,전체,화물차,합계,20만km~25만km 미만,315259
2021,전체,화물차,경형,20만km~25만km 미만,2794
2021,전체,화물차,소형,20만km~25만km 미만,215042
2021,전체,화물차,중형,20만km~25만km 미만,67971
2021,전체,화물차,대형,20만km~25만km 미만,29452
2021,전체,특수차,합계,20만km~25만km 미만,7166
2021,전체,특수차,경형,20만km~25만km 미만,0
2021,전체,특수차,소형,20만km~25만km 미만,2985
2021,전체,특수차,중형,20만km~25만km 미만,1367
2021,전체,특수차,대형,20만km~25만km 미만,2814
2021,비사업용,합계,합계,20만km~25만km 미만,922896
2021,비사업용,합계,경형,20만km~25만km 미만,15762
2021,비사업용,합계,소형,20만km~25만km 미만,212800
2021,비사업용,합계,중형,20만km~25만km 미만,477907
2021,비사업용,합계,대형,20만km~25만km 미만,216427
2021,비사업용,승용차,합계,20만km~25만km 미만,530332
2021,비사업용,승용차,경형,20만km~25만km 미만,13322
2021,비사업용,승용차,소형,20만km~25만km 미만,7615
2021,비사업용,승용차,중형,20만km~25만km 미만,309446
2021,비사업용,승용차,대형,20만km~25만km 미만,199949
2021,비사업용,승합차,합계,20만km~25만km 미만,110989
2021,비사업용,승합차,경형,20만km~25만km 미만,656
2021,비사업용,승합차,소형,20만km~25만km 미만,194
2021,비사업용,승합차,중형,20만km~25만km 미만,108751
2021,비사업용,승합차,대형,20만km~25만km 미만,1388
2021,비사업용,화물차,합계,20만km~25만km 미만,278958
2021,비사업용,화물차,경형,20만km~25만km 미만,1784
2021,비사업용,화물차,소형,20만km~25만km 미만,203450
2021,비사업용,화물차,중형,20만km~25만km 미만,58907
2021,비사업용,화물차,대형,20만km~25만km 미만,14817
2021,비사업용,특수차,합계,20만km~25만km 미만,2617
2021,비사업용,특수차,경형,20만km~25만km 미만,0
2021,비사업용,특수차,소형,20만km~25만km 미만,1541
2021,비사업용,특수차,중형,20만km~25만km 미만,803
2021,비사업용,특수차,대형,20만km~25만km 미만,273
2021,사업용,합계,합계,20만km~25만km 미만,79424
2021,사업용,합계,경형,20만km~25만km 미만,1088
2021,사업용,합계,소형,20만km~25만km 미만,13036
2021,사업용,합계,중형,20만km~25만km 미만,36804
2021,사업용,합계,대형,20만km~25만km 미만,28496
2021,사업용,승용차,합계,20만km~25만km 미만,29836
2021,사업용,승용차,경형,20만km~25만km 미만,77
2021,사업용,승용차,소형,20만km~25만km 미만,0
2021,사업용,승용차,중형,20만km~25만km 미만,23685
2021,사업용,승용차,대형,20만km~25만km 미만,6074
2021,사업용,승합차,합계,20만km~25만km 미만,8738
2021,사업용,승합차,경형,20만km~25만km 미만,1
2021,사업용,승합차,소형,20만km~25만km 미만,0
2021,사업용,승합차,중형,20만km~25만km 미만,3491
2021,사업용,승합차,대형,20만km~25만km 미만,5246
2021,사업용,화물차,합계,20만km~25만km 미만,36301
2021,사업용,화물차,경형,20만km~25만km 미만,1010
2021,사업용,화물차,소형,20만km~25만km 미만,11592
2021,사업용,화물차,중형,20만km~25만km 미만,9064
2021,사업용,화물차,대형,20만km~25만km 미만,14635
2021,사업용,특수차,합계,20만km~25만km 미만,4549
2021,사업용,특수차,경형,20만km~25만km 미만,0
2021,사업용,특수차,소형,20만km~25만km 미만,1444
2021,사업용,특수차,중형,20만km~25만km 미만,564
2021,사업용,특수차,대형,20만km~25만km 미만,2541
2021,전체,합계,합계,25만km이상,1433891
2021,전체,합계,경형,25만km이상,8737
2021,전체,합계,소형,25만km이상,259320
2021,전체,합계,중형,25만km이상,607941
2021,전체,합계,대형,25만km이상,557893
2021,전체,승용차,합계,25만km이상,472306
2021,전체,승용차,경형,25만km이상,5091
2021,전체,승용차,소형,25만km이상,4719
2021,전체,승용차,중형,25만km이상,270126
2021,전체,승용차,대형,25만km이상,192370
2021,전체,승합차,합계,25만km이상,177050
2021,전체,승합차,경형,25만km이상,542
2021,전체,승합차,소형,25만km이상,356
2021,전체,승합차,중형,25만km이상,126911
2021,전체,승합차,대형,25만km이상,49241
2021,전체,화물차,합계,25만km이상,730810
2021,전체,화물차,경형,25만km이상,3104
2021,전체,화물차,소형,25만km이상,249230
2021,전체,화물차,중형,25만km이상,208295
2021,전체,화물차,대형,25만km이상,270181
2021,전체,특수차,합계,25만km이상,53725
2021,전체,특수차,경형,25만km이상,0
2021,전체,특수차,소형,25만km이상,5015
2021,전체,특수차,중형,25만km이상,2609
2021,전체,특수차,대형,25만km이상,46101
2021,비사업용,합계,합계,25만km이상,965134
2021,비사업용,합계,경형,25만km이상,7106
2021,비사업용,합계,소형,25만km이상,230304
2021,비사업용,합계,중형,25만km이상,464719
2021,비사업용,합계,대형,25만km이상,263005
2021,비사업용,승용차,합계,25만km이상,405818
2021,비사업용,승용차,경형,25만km이상,5067
2021,비사업용,승용차,소형,25만km이상,4719
2021,비사업용,승용차,중형,25만km이상,213938
2021,비사업용,승용차,대형,25만km이상,182094
2021,비사업용,승합차,합계,25만km이상,125530
2021,비사업용,승합차,경형,25만km이상,541
2021,비사업용,승합차,소형,25만km이상,356
2021,비사업용,승합차,중형,25만km이상,117934
2021,비사업용,승합차,대형,25만km이상,6699
2021,비사업용,화물차,합계,25만km이상,428248
2021,비사업용,화물차,경형,25만km이상,1498
2021,비사업용,화물차,소형,25만km이상,223121
2021,비사업용,화물차,중형,25만km이상,131108
2021,비사업용,화물차,대형,25만km이상,72521
2021,비사업용,특수차,합계,25만km이상,5538
2021,비사업용,특수차,경형,25만km이상,0
2021,비사업용,특수차,소형,25만km이상,2108
2021,비사업용,특수차,중형,25만km이상,1739
2021,비사업용,특수차,대형,25만km이상,1691
2021,사업용,합계,합계,25만km이상,468757
2021,사업용,합계,경형,25만km이상,1631
2021,사업용,합계,소형,25만km이상,29016
2021,사업용,합계,중형,25만km이상,143222
2021,사업용,합계,대형,25만km이상,294888
2021,사업용,승용차,합계,25만km이상,66488
2021,사업용,승용차,경형,25만km이상,24
2021,사업용,승용차,소형,25만km이상,0
2021,사업용,승용차,중형,25만km이상,56188
2021,사업용,승용차,대형,25만km이상,10276
2021,사업용,승합차,합계,25만km이상,51520
2021,사업용,승합차,경형,25만km이상,1
2021,사업용,승합차,소형,25만km이상,0
2021,사업용,승합차,중형,25만km이상,8977
2021,사업용,승합차,대형,25만km이상,42542
2021,사업용,화물차,합계,25만km이상,302562
2021,사업용,화물차,경형,25만km이상,1606
2021,사업용,화물차,소형,25만km이상,26109
2021,사업용,화물차,중형,25만km이상,77187
2021,사업용,화물차,대형,25만km이상,197660
2021,사업용,특수차,합계,25만km이상,48187
2021,사업용,특수차,경형,25만km이상,0
2021,사업용,특수차,소형,25만km이상,2907
2021,사업용,특수차,중형,25만km이상,870
2021,사업용,특수차,대형,25만km이상,44410
2021,전체,합계,합계,기타,0
2021,전체,합계,경형,기타,0
2021,전체,합계,소형,기타,0
2021,전체,합계,중형,기타,0
2021,전체,합계,대형,기타,0
2021,전체,승용차,합계,기타,0
2021,전체,승용차,경형,기타,0
2021,전체,승용차,소형,기타,0
2021,전체,승용차,중형,기타,0
2021,전체,승용차,대형,기타,0
2021,전체,승합차,합계,기타,0
2021,전체,승합차,경형,기타,0
2021,전체,승합차,소형,기타,0
2021,전체,승합차,중형,기타,0
2021,전체,승합차,대형,기타,0
2021,전체,화물차,합계,기타,0
2021,전체,화물차,경형,기타,0
2021,전체,화물차,소형,기타,0
2021,전체,화물차,중형,기타,0
2021,전체,화물차,대형,기타,0
2021,전체,특수차,합계,기타,0
2021,전체,특수차,경형,기타,0
2021,전체,특수차,소형,기타,0
2021,전체,특수차,중형,기타,0
2021,전체,특수차,대형,기타,0
2021,비사업용,합계,합계,기타,0
2021,비사업용,합계,경형,기타,0
2021,비사업용,합계,소형,기타,0
2021,비사업용,합계,중형,기타,0
2021,비사업용,합계,대형,기타,0
2021,비사업용,승용차,합계,기타,0
2021,비사업용,승용차,경형,기타,0
2021,비사업용,승용차,소형,기타,0
2021,비사업용,승용차,중형,기타,0
2021,비사업용,승용차,대형,기타,0
2021,비사업용,승합차,합계,기타,0
2021,비사업용,승합차,경형,기타,0
2021,비사업용,승합차,소형,기타,0
2021,비사업용,승합차,중형,기타,0
2021,비사업용,승합차,대형,기타,0
2021,비사업용,화물차,합계,기타,0
2021,비사업용,화물차,경형,기타,0
2021,비사업용,화물차,소형,기타,0
2021,비사업용,화물차,중형,기타,0
2021,비사업용,화물차,대형,기타,0
2021,비사업용,특수차,합계,기타,0
2021,비사업용,특수차,경형,기타,0
2021,비사업용,특수차,소형,기타,0
2021,비사업용,특수차,중형,기타,0
2021,비사업용,특수차,대형,기타,0
2021,사업용,합계,합계,기타,0
2021,사업용,합계,경형,기타,0
2021,사업용,합계,소형,기타,0
2021,사업용,합계,중형,기타,0
2021,사업용,합계,대형,기타,0
2021,사업용,승용차,합계,기타,0
2021,사업용,승용차,경형,기타,0
2021,사업용,승용차,소형,기타,0
2021,사업용,승용차,중형,기타,0
2021,사업용,승용차,대형,기타,0
2021,사업용,승합차,합계,기타,0
2021,사업용,승합차,경형,기타,0
2021,사업용,승합차,소형,기타,0
2021,사업용,승합차,중형,기타,0
2021,사업용,승합차,대형,기타,0
2021,사업용,화물차,합계,기타,0
2021,사업용,화물차,경형,기타,0
2021,사업용,화물차,소형,기타,0
2021,사업용,화물차,중형,기타,0
2021,사업용,화물차,대형,기타,0
2021,사업용,특수차,합계,기타,0
2021,사업용,특수차,경형,기타,0
2021,사업용,특수차,소형,기타,0
2021,사업용,특수차,중형,기타,0
2021,사업용,특수차,대형,기타,0
2022,전체,합계,합계,5만km 미만,2301807
2022,전체,합계,경형,5만km 미만,268024
2022,전체,합계,소형,5만km 미만,611764
2022,전체,합계,중형,5만km 미만,968947
2022,전체,합계,대형,5만km 미만,453072
2022,전체,승용차,합계,5만km 미만,1423473
2022,전체,승용차,경형,5만km 미만,239840
2022,전체,승용차,소형,5만km 미만,5466
2022,전체,승용차,중형,5만km 미만,807526
2022,전체,승용차,대형,5만km 미만,370641
2022,전체,승합차,합계,5만km 미만,108966
2022,전체,승합차,경형,5만km 미만,4824
2022,전체,승합차,소형,5만km 미만,33
2022,전체,승합차,중형,5만km 미만,97279
2022,전체,승합차,대형,5만km 미만,6830
2022,전체,화물차,합계,5만km 미만,732038
2022,전체,화물차,경형,5만km 미만,23301
2022,전체,화물차,소형,5만km 미만,584077
2022,전체,화물차,중형,5만km 미만,55517
2022,전체,화물차,대형,5만km 미만,69143
2022,전체,특수차,합계,5만km 미만,37330
2022,전체,특수차,경형,5만km 미만,59
2022,전체,특수차,소형,5만km 미만,22188
2022,전체,특수차,중형,5만km 미만,8625
2022,전체,특수차,대형,5만km 미만,6458
2022,비사업용,합계,합계,5만km 미만,1934022
2022,비사업용,합계,경형,5만km 미만,241476
2022,비사업용,합계,소형,5만km 미만,580403
2022,비사업용,합계,중형,5만km 미만,807089
2022,비사업용,합계,대형,5만km 미만,305054
2022,비사업용,승용차,합계,5만km 미만,1148649
2022,비사업용,승용차,경형,5만km 미만,214604
2022,비사업용,승용차,소형,5만km 미만,5455
2022,비사업용,승용차,중형,5만km 미만,666056
2022,비사업용,승용차,대형,5만km 미만,262534
2022,비사업용,승합차,합계,5만km 미만,97903
2022,비사업용,승합차,경형,5만km 미만,4696
2022,비사업용,승합차,소형,5만km 미만,33
2022,비사업용,승합차,중형,5만km 미만,87852
2022,비사업용,승합차,대형,5만km 미만,5322
2022,비사업용,화물차,합계,5만km 미만,662246
2022,비사업용,화물차,경형,5만km 미만,22117
2022,비사업용,화물차,소형,5만km 미만,555474
2022,비사업용,화물차,중형,5만km 미만,49658
2022,비사업용,화물차,대형,5만km 미만,34997
2022,비사업용,특수차,합계,5만km 미만,25224
2022,비사업용,특수차,경형,5만km 미만,59
2022,비사업용,특수차,소형,5만km 미만,19441
2022,비사업용,특수차,중형,5만km 미만,3523
2022,비사업용,특수차,대형,5만km 미만,2201
2022,사업용,합계,합계,5만km 미만,367785
2022,사업용,합계,경형,5만km 미만,26548
2022,사업용,합계,소형,5만km 미만,31361
2022,사업용,합계,중형,5만km 미만,161858
2022,사업용,합계,대형,5만km 미만,148018
2022,사업용,승용차,합계,5만km 미만,274824
2022,사업용,승용차,경형,5만km 미만,25236
2022,사업용,승용차,소형,5만km 미만,11
2022,사업용,승용차,중형,5만km 미만,141470
2022,사업용,승용차,대형,5만km 미만,108107
2022,사업용,승합차,합계,5만km 미만,11063
2022,사업용,승합차,경형,5만km 미만,128
2022,사업용,승합차,소형,5만km 미만,0
2022,사업용,승합차,중형,5만km 미만,9427
2022,사업용,승합차,대형,5만km 미만,1508
2022,사업용,화물차,합계,5만km 미만,69792
2022,사업용,화물차,경형,5만km 미만,1184
2022,사업용,화물차,소형,5만km 미만,28603
2022,사업용,화물차,중형,5만km 미만,5859
2022,사업용,화물차,대형,5만km 미만,34146
2022,사업용,특수차,합계,5만km 미만,12106
2022,사업용,특수차,경형,5만km 미만,0
2022,사업용,특수차,소형,5만km 미만,2747
2022,사업용,특수차,중형,5만km 미만,5102
2022,사업용,특수차,대형,5만km 미만,4257
2022,전체,합계,합계,5만km~10만km 미만,3539088
2022,전체,합계,경형,5만km~10만km 미만,398409
2022,전체,합계,소형,5만km~10만km 미만,582908
2022,전체,합계,중형,5만km~10만km 미만,1768885
2022,전체,합계,대형,5만km~10만km 미만,788886
2022,전체,승용차,합계,5만km~10만km 미만,2681817
2022,전체,승용차,경형,5만km~10만km 미만,374188
2022,전체,승용차,소형,5만km~10만km 미만,20862
2022,전체,승용차,중형,5만km~10만km 미만,1557047
2022,전체,승용차,대형,5만km~10만km 미만,729720
2022,전체,승합차,합계,5만km~10만km 미만,151549
2022,전체,승합차,경형,5만km~10만km 미만,5442
2022,전체,승합차,소형,5만km~10만km 미만,32
2022,전체,승합차,중형,5만km~10만km 미만,134494
2022,전체,승합차,대형,5만km~10만km 미만,11581
2022,전체,화물차,합계,5만km~10만km 미만,677537
2022,전체,화물차,경형,5만km~10만km 미만,18770
2022,전체,화물차,소형,5만km~10만km 미만,548425
2022,전체,화물차,중형,5만km~10만km 미만,68816
2022,전체,화물차,대형,5만km~10만km 미만,41526
2022,전체,특수차,합계,5만km~10만km 미만,28185
2022,전체,특수차,경형,5만km~10만km 미만,9
2022,전체,특수차,소형,5만km~10만km 미만,13589
2022,전체,특수차,중형,5만km~10만km 미만,8528
2022,전체,특수차,대형,5만km~10만km 미만,6059
2022,비사업용,합계,합계,5만km~10만km 미만,3171669
2022,비사업용,합계,경형,5만km~10만km 미만,380016
2022,비사업용,합계,소형,5만km~10만km 미만,547505
2022,비사업용,합계,중형,5만km~10만km 미만,1596752
2022,비사업용,합계,대형,5만km~10만km 미만,647396
2022,비사업용,승용차,합계,5만km~10만km 미만,2401431
2022,비사업용,승용차,경형,5만km~10만km 미만,358003
2022,비사업용,승용차,소형,5만km~10만km 미만,20855
2022,비사업용,승용차,중형,5만km~10만km 미만,1408377
2022,비사업용,승용차,대형,5만km~10만km 미만,614196
2022,비사업용,승합차,합계,5만km~10만km 미만,138299
2022,비사업용,승합차,경형,5만km~10만km 미만,5396
2022,비사업용,승합차,소형,5만km~10만km 미만,32
2022,비사업용,승합차,중형,5만km~10만km 미만,125916
2022,비사업용,승합차,대형,5만km~10만km 미만,6955
2022,비사업용,화물차,합계,5만km~10만km 미만,620952
2022,비사업용,화물차,경형,5만km~10만km 미만,16608
2022,비사업용,화물차,소형,5만km~10만km 미만,518058
2022,비사업용,화물차,중형,5만km~10만km 미만,60624
2022,비사업용,화물차,대형,5만km~10만km 미만,25662
2022,비사업용,특수차,합계,5만km~10만km 미만,10987
2022,비사업용,특수차,경형,5만km~10만km 미만,9
2022,비사업용,특수차,소형,5만km~10만km 미만,8560
2022,비사업용,특수차,중형,5만km~10만km 미만,1835
2022,비사업용,특수차,대형,5만km~10만km 미만,583
2022,사업용,합계,합계,5만km~10만km 미만,367419
2022,사업용,합계,경형,5만km~10만km 미만,18393
2022,사업용,합계,소형,5만km~10만km 미만,35403
2022,사업용,합계,중형,5만km~10만km 미만,172133
2022,사업용,합계,대형,5만km~10만km 미만,141490
2022,사업용,승용차,합계,5만km~10만km 미만,280386
2022,사업용,승용차,경형,5만km~10만km 미만,16185
2022,사업용,승용차,소형,5만km~10만km 미만,7
2022,사업용,승용차,중형,5만km~10만km 미만,148670
2022,사업용,승용차,대형,5만km~10만km 미만,115524
2022,사업용,승합차,합계,5만km~10만km 미만,13250
2022,사업용,승합차,경형,5만km~10만km 미만,46
2022,사업용,승합차,소형,5만km~10만km 미만,0
2022,사업용,승합차,중형,5만km~10만km 미만,8578
2022,사업용,승합차,대형,5만km~10만km 미만,4626
2022,사업용,화물차,합계,5만km~10만km 미만,56585
2022,사업용,화물차,경형,5만km~10만km 미만,2162
2022,사업용,화물차,소형,5만km~10만km 미만,30367
2022,사업용,화물차,중형,5만km~10만km 미만,8192
2022,사업용,화물차,대형,5만km~10만km 미만,15864
2022,사업용,특수차,합계,5만km~10만km 미만,17198
2022,사업용,특수차,경형,5만km~10만km 미만,0
2022,사업용,특수차,소형,5만km~10만km 미만,5029
2022,사업용,특수차,중형,5만km~10만km 미만,6693
2022,사업용,특수차,대형,5만km~10만km 미만,5476
2022,전체,합계,합계,10만km~15만km 미만,2758046
2022,전체,합계,경형,10만km~15만km 미만,219967
2022,전체,합계,소형,10만km~15만km 미만,474372
2022,전체,합계,중형,10만km~15만km 미만,1471762
2022,전체,합계,대형,10만km~15만km 미만,591945
2022,전체,승용차,합계,10만km~15만km 미만,1993688
2022,전체,승용차,경형,10만km~15만km 미만,205088
2022,전체,승용차,소형,10만km~15만km 미만,24413
2022,전체,승용차,중형,10만km~15만km 미만,1220229
2022,전체,승용차,대형,10만km~15만km 미만,543958
2022,전체,승합차,합계,10만km~15만km 미만,181433
2022,전체,승합차,경형,10만km~15만km 미만,3321
2022,전체,승합차,소형,10만km~15만km 미만,49
2022,전체,승합차,중형,10만km~15만km 미만,169443
2022,전체,승합차,대형,10만km~15만km 미만,8620
2022,전체,화물차,합계,10만km~15만km 미만,564326
2022,전체,화물차,경형,10만km~15만km 미만,11550
2022,전체,화물차,소형,10만km~15만km 미만,440784
2022,전체,화물차,중형,10만km~15만km 미만,77134
2022,전체,화물차,대형,10만km~15만km 미만,34858
2022,전체,특수차,합계,10만km~15만km 미만,18599
2022,전체,특수차,경형,10만km~15만km 미만,8
2022,전체,특수차,소형,10만km~15만km 미만,9126
2022,전체,특수차,중형,10만km~15만km 미만,4956
2022,전체,특수차,대형,10만km~15만km 미만,4509
2022,비사업용,합계,합계,10만km~15만km 미만,2577476
2022,비사업용,합계,경형,10만km~15만km 미만,214372
2022,비사업용,합계,소형,10만km~15만km 미만,447399
2022,비사업용,합계,중형,10만km~15만km 미만,1387046
2022,비사업용,합계,대형,10만km~15만km 미만,528659
2022,비사업용,승용차,합계,10만km~15만km 미만,1882631
2022,비사업용,승용차,경형,10만km~15만km 미만,201498
2022,비사업용,승용차,소형,10만km~15만km 미만,24413
2022,비사업용,승용차,중형,10만km~15만km 미만,1152951
2022,비사업용,승용차,대형,10만km~15만km 미만,503769
2022,비사업용,승합차,합계,10만km~15만km 미만,171610
2022,비사업용,승합차,경형,10만km~15만km 미만,3309
2022,비사업용,승합차,소형,10만km~15만km 미만,49
2022,비사업용,승합차,중형,10만km~15만km 미만,164017
2022,비사업용,승합차,대형,10만km~15만km 미만,4235
2022,비사업용,화물차,합계,10만km~15만km 미만,516199
2022,비사업용,화물차,경형,10만km~15만km 미만,9557
2022,비사업용,화물차,소형,10만km~15만km 미만,417549
2022,비사업용,화물차,중형,10만km~15만km 미만,68810
2022,비사업용,화물차,대형,10만km~15만km 미만,20283
2022,비사업용,특수차,합계,10만km~15만km 미만,7036
2022,비사업용,특수차,경형,10만km~15만km 미만,8
2022,비사업용,특수차,소형,10만km~15만km 미만,5388
2022,비사업용,특수차,중형,10만km~15만km 미만,1268
2022,비사업용,특수차,대형,10만km~15만km 미만,372
2022,사업용,합계,합계,10만km~15만km 미만,180570
2022,사업용,합계,경형,10만km~15만km 미만,5595
2022,사업용,합계,소형,10만km~15만km 미만,26973
2022,사업용,합계,중형,10만km~15만km 미만,84716
2022,사업용,합계,대형,10만km~15만km 미만,63286
2022,사업용,승용차,합계,10만km~15만km 미만,111057
2022,사업용,승용차,경형,10만km~15만km 미만,3590
2022,사업용,승용차,소형,10만km~15만km 미만,0
2022,사업용,승용차,중형,10만km~15만km 미만,67278
2022,사업용,승용차,대형,10만km~15만km 미만,40189
2022,사업용,승합차,합계,10만km~15만km 미만,9823
2022,사업용,승합차,경형,10만km~15만km 미만,12
2022,사업용,승합차,소형,10만km~15만km 미만,0
2022,사업용,승합차,중형,10만km~15만km 미만,5426
2022,사업용,승합차,대형,10만km~15만km 미만,4385
2022,사업용,화물차,합계,10만km~15만km 미만,48127
2022,사업용,화물차,경형,10만km~15만km 미만,1993
2022,사업용,화물차,소형,10만km~15만km 미만,23235
2022,사업용,화물차,중형,10만km~15만km 미만,8324
2022,사업용,화물차,대형,10만km~15만km 미만,14575
2022,사업용,특수차,합계,10만km~15만km 미만,11563
2022,사업용,특수차,경형,10만km~15만km 미만,0
2022,사업용,특수차,소형,10만km~15만km 미만,3738
2022,사업용,특수차,중형,10만km~15만km 미만,3688
2022,사업용,특수차,대형,10만km~15만km 미만,4137
2022,전체,합계,합계,15만km~20만km 미만,1790595
2022,전체,합계,경형,15만km~20만km 미만,73874
2022,전체,합계,소형,15만km~20만km 미만,351029
2022,전체,합계,중형,15만km~20만km 미만,963100
2022,전체,합계,대형,15만km~20만km 미만,402592
2022,전체,승용차,합계,15만km~20만km 미만,1166398
2022,전체,승용차,경형,15만km~20만km 미만,66387
2022,전체,승용차,소형,15만km~20만km 미만,15059
2022,전체,승용차,중형,15만km~20만km 미만,724602
2022,전체,승용차,대형,15만km~20만km 미만,360350
2022,전체,승합차,합계,15만km~20만km 미만,169380
2022,전체,승합차,경형,15만km~20만km 미만,1502
2022,전체,승합차,소형,15만km~20만km 미만,50
2022,전체,승합차,중형,15만km~20만km 미만,160407
2022,전체,승합차,대형,15만km~20만km 미만,7421
2022,전체,화물차,합계,15만km~20만km 미만,443501
2022,전체,화물차,경형,15만km~20만km 미만,5985
2022,전체,화물차,소형,15만km~20만km 미만,330416
2022,전체,화물차,중형,15만km~20만km 미만,75635
2022,전체,화물차,대형,15만km~20만km 미만,31465
2022,전체,특수차,합계,15만km~20만km 미만,11316
2022,전체,특수차,경형,15만km~20만km 미만,0
2022,전체,특수차,소형,15만km~20만km 미만,5504
2022,전체,특수차,중형,15만km~20만km 미만,2456
2022,전체,특수차,대형,15만km~20만km 미만,3356
2022,비사업용,합계,합계,15만km~20만km 미만,1682696
2022,비사업용,합계,경형,15만km~20만km 미만,71579
2022,비사업용,합계,소형,15만km~20만km 미만,331640
2022,비사업용,합계,중형,15만km~20만km 미만,913530
2022,비사업용,합계,대형,15만km~20만km 미만,365947
2022,비사업용,승용차,합계,15만km~20만km 미만,1115819
2022,비사업용,승용차,경형,15만km~20만km 미만,65710
2022,비사업용,승용차,소형,15만km~20만km 미만,15059
2022,비사업용,승용차,중형,15만km~20만km 미만,689501
2022,비사업용,승용차,대형,15만km~20만km 미만,345549
2022,비사업용,승합차,합계,15만km~20만km 미만,160273
2022,비사업용,승합차,경형,15만km~20만km 미만,1498
2022,비사업용,승합차,소형,15만km~20만km 미만,50
2022,비사업용,승합차,중형,15만km~20만km 미만,156269
2022,비사업용,승합차,대형,15만km~20만km 미만,2456
2022,비사업용,화물차,합계,15만km~20만km 미만,402160
2022,비사업용,화물차,경형,15만km~20만km 미만,4371
2022,비사업용,화물차,소형,15만km~20만km 미만,313204
2022,비사업용,화물차,중형,15만km~20만km 미만,66875
2022,비사업용,화물차,대형,15만km~20만km 미만,17710
2022,비사업용,특수차,합계,15만km~20만km 미만,4444
2022,비사업용,특수차,경형,15만km~20만km 미만,0
2022,비사업용,특수차,소형,15만km~20만km 미만,3327
2022,비사업용,특수차,중형,15만km~20만km 미만,885
2022,비사업용,특수차,대형,15만km~20만km 미만,232
2022,사업용,합계,합계,15만km~20만km 미만,107899
2022,사업용,합계,경형,15만km~20만km 미만,2295
2022,사업용,합계,소형,15만km~20만km 미만,19389
2022,사업용,합계,중형,15만km~20만km 미만,49570
2022,사업용,합계,대형,15만km~20만km 미만,36645
2022,사업용,승용차,합계,15만km~20만km 미만,50579
2022,사업용,승용차,경형,15만km~20만km 미만,677
2022,사업용,승용차,소형,15만km~20만km 미만,0
2022,사업용,승용차,중형,15만km~20만km 미만,35101
2022,사업용,승용차,대형,15만km~20만km 미만,14801
2022,사업용,승합차,합계,15만km~20만km 미만,9107
2022,사업용,승합차,경형,15만km~20만km 미만,4
2022,사업용,승합차,소형,15만km~20만km 미만,0
2022,사업용,승합차,중형,15만km~20만km 미만,4138
2022,사업용,승합차,대형,15만km~20만km 미만,4965
2022,사업용,화물차,합계,15만km~20만km 미만,41341
2022,사업용,화물차,경형,15만km~20만km 미만,1614
2022,사업용,화물차,소형,15만km~20만km 미만,17212
2022,사업용,화물차,중형,15만km~20만km 미만,8760
2022,사업용,화물차,대형,15만km~20만km 미만,13755
2022,사업용,특수차,합계,15만km~20만km 미만,6872
2022,사업용,특수차,경형,15만km~20만km 미만,0
2022,사업용,특수차,소형,15만km~20만km 미만,2177
2022,사업용,특수차,중형,15만km~20만km 미만,1571
2022,사업용,특수차,대형,15만km~20만km 미만,3124
2022,전체,합계,합계,20만km~25만km 미만,1022743
2022,전체,합계,경형,20만km~25만km 미만,20259
2022,전체,합계,소형,20만km~25만km 미만,231079
2022,전체,합계,중형,20만km~25만km 미만,524246
2022,전체,합계,대형,20만km~25만km 미만,247159
2022,전체,승용차,합계,20만km~25만km 미만,578451
2022,전체,승용차,경형,20만km~25만km 미만,16609
2022,전체,승용차,소형,20만km~25만km 미만,6694
2022,전체,승용차,중형,20만km~25만km 미만,346611
2022,전체,승용차,대형,20만km~25만km 미만,208537
2022,전체,승합차,합계,20만km~25만km 미만,121458
2022,전체,승합차,경형,20만km~25만km 미만,637
2022,전체,승합차,소형,20만km~25만km 미만,59
2022,전체,승합차,중형,20만km~25만km 미만,113998
2022,전체,승합차,대형,20만km~25만km 미만,6764
2022,전체,화물차,합계,20만km~25만km 미만,315155
2022,전체,화물차,경형,20만km~25만km 미만,3010
2022,전체,화물차,소형,20만km~25만km 미만,220735
2022,전체,화물차,중형,20만km~25만km 미만,62338
2022,전체,화물차,대형,20만km~25만km 미만,29072
2022,전체,특수차,합계,20만km~25만km 미만,7679
2022,전체,특수차,경형,20만km~25만km 미만,3
2022,전체,특수차,소형,20만km~25만km 미만,3591
2022,전체,특수차,중형,20만km~25만km 미만,1299
2022,전체,특수차,대형,20만km~25만km 미만,2786
2022,비사업용,합계,합계,20만km~25만km 미만,942005
2022,비사업용,합계,경형,20만km~25만km 미만,19006
2022,비사업용,합계,소형,20만km~25만km 미만,216833
2022,비사업용,합계,중형,20만km~25만km 미만,487661
2022,비사업용,합계,대형,20만km~25만km 미만,218505
2022,비사업용,승용차,합계,20만km~25만km 미만,547851
2022,비사업용,승용차,경형,20만km~25만km 미만,16530
2022,비사업용,승용차,소형,20만km~25만km 미만,6694
2022,비사업용,승용차,중형,20만km~25만km 미만,322950
2022,비사업용,승용차,대형,20만km~25만km 미만,201677
2022,비사업용,승합차,합계,20만km~25만km 미만,112387
2022,비사업용,승합차,경형,20만km~25만km 미만,636
2022,비사업용,승합차,소형,20만km~25만km 미만,59
2022,비사업용,승합차,중형,20만km~25만km 미만,110285
2022,비사업용,승합차,대형,20만km~25만km 미만,1407
2022,비사업용,화물차,합계,20만km~25만km 미만,278743
2022,비사업용,화물차,경형,20만km~25만km 미만,1837
2022,비사업용,화물차,소형,20만km~25만km 미만,208018
2022,비사업용,화물차,중형,20만km~25만km 미만,53711
2022,비사업용,화물차,대형,20만km~25만km 미만,15177
2022,비사업용,특수차,합계,20만km~25만km 미만,3024
2022,비사업용,특수차,경형,20만km~25만km 미만,3
2022,비사업용,특수차,소형,20만km~25만km 미만,2062
2022,비사업용,특수차,중형,20만km~25만km 미만,715
2022,비사업용,특수차,대형,20만km~25만km 미만,244
2022,사업용,합계,합계,20만km~25만km 미만,80738
2022,사업용,합계,경형,20만km~25만km 미만,1253
2022,사업용,합계,소형,20만km~25만km 미만,14246
2022,사업용,합계,중형,20만km~25만km 미만,36585
2022,사업용,합계,대형,20만km~25만km 미만,28654
2022,사업용,승용차,합계,20만km~25만km 미만,30600
2022,사업용,승용차,경형,20만km~25만km 미만,79
2022,사업용,승용차,소형,20만km~25만km 미만,0
2022,사업용,승용차,중형,20만km~25만km 미만,23661
2022,사업용,승용차,대형,20만km~25만km 미만,6860
2022,사업용,승합차,합계,20만km~25만km 미만,9071
2022,사업용,승합차,경형,20만km~25만km 미만,1
2022,사업용,승합차,소형,20만km~25만km 미만,0
2022,사업용,승합차,중형,20만km~25만km 미만,3713
2022,사업용,승합차,대형,20만km~25만km 미만,5357
2022,사업용,화물차,합계,20만km~25만km 미만,36412
2022,사업용,화물차,경형,20만km~25만km 미만,1173
2022,사업용,화물차,소형,20만km~25만km 미만,12717
2022,사업용,화물차,중형,20만km~25만km 미만,8627
2022,사업용,화물차,대형,20만km~25만km 미만,13895
2022,사업용,특수차,합계,20만km~25만km 미만,4655
2022,사업용,특수차,경형,20만km~25만km 미만,0
2022,사업용,특수차,소형,20만km~25만km 미만,1529
2022,사업용,특수차,중형,20만km~25만km 미만,584
2022,사업용,특수차,대형,20만km~25만km 미만,2542
2022,전체,합계,합계,25만km이상,1475921
2022,전체,합계,경형,25만km이상,10277
2022,전체,합계,소형,25만km이상,275337
2022,전체,합계,중형,25만km이상,617122
2022,전체,합계,대형,25만km이상,573185
2022,전체,승용차,합계,25만km이상,485180
2022,전체,승용차,경형,25만km이상,6104
2022,전체,승용차,소형,25만km이상,3960
2022,전체,승용차,중형,25만km이상,279777
2022,전체,승용차,대형,25만km이상,195339
2022,전체,승합차,합계,25만km이상,187207
2022,전체,승합차,경형,25만km이상,562
2022,전체,승합차,소형,25만km이상,113
2022,전체,승합차,중형,25만km이상,132938
2022,전체,승합차,대형,25만km이상,53594
2022,전체,화물차,합계,25만km이상,748678
2022,전체,화물차,경형,25만km이상,3611
2022,전체,화물차,소형,25만km이상,265353
2022,전체,화물차,중형,25만km이상,202219
2022,전체,화물차,대형,25만km이상,277495
2022,전체,특수차,합계,25만km이상,54856
2022,전체,특수차,경형,25만km이상,0
2022,전체,특수차,소형,25만km이상,5911
2022,전체,특수차,중형,25만km이상,2188
2022,전체,특수차,대형,25만km이상,46757
2022,비사업용,합계,합계,25만km이상,993924
2022,비사업용,합계,경형,25만km이상,8235
2022,비사업용,합계,소형,25만km이상,242913
2022,비사업용,합계,중형,25만km이상,472873
2022,비사업용,합계,대형,25만km이상,269903
2022,비사업용,승용차,합계,25만km이상,418127
2022,비사업용,승용차,경형,25만km이상,6065
2022,비사업용,승용차,소형,25만km이상,3960
2022,비사업용,승용차,중형,25만km이상,223725
2022,비사업용,승용차,대형,25만km이상,184377
2022,비사업용,승합차,합계,25만km이상,128631
2022,비사업용,승합차,경형,25만km이상,559
2022,비사업용,승합차,소형,25만km이상,113
2022,비사업용,승합차,중형,25만km이상,121546
2022,비사업용,승합차,대형,25만km이상,6413
2022,비사업용,화물차,합계,25만km이상,441091
2022,비사업용,화물차,경형,25만km이상,1611
2022,비사업용,화물차,소형,25만km이상,236033
2022,비사업용,화물차,중형,25만km이상,126151
2022,비사업용,화물차,대형,25만km이상,77296
2022,비사업용,특수차,합계,25만km이상,6075
2022,비사업용,특수차,경형,25만km이상,0
2022,비사업용,특수차,소형,25만km이상,2807
2022,비사업용,특수차,중형,25만km이상,1451
2022,비사업용,특수차,대형,25만km이상,1817
2022,사업용,합계,합계,25만km이상,481997
2022,사업용,합계,경형,25만km이상,2042
2022,사업용,합계,소형,25만km이상,32424
2022,사업용,합계,중형,25만km이상,144249
2022,사업용,합계,대형,25만km이상,303282
2022,사업용,승용차,합계,25만km이상,67053
2022,사업용,승용차,경형,25만km이상,39
2022,사업용,승용차,소형,25만km이상,0
2022,사업용,승용차,중형,25만km이상,56052
2022,사업용,승용차,대형,25만km이상,10962
2022,사업용,승합차,합계,25만km이상,58576
2022,사업용,승합차,경형,25만km이상,3
2022,사업용,승합차,소형,25만km이상,0
2022,사업용,승합차,중형,25만km이상,11392
2022,사업용,승합차,대형,25만km이상,47181
2022,사업용,화물차,합계,25만km이상,307587
2022,사업용,화물차,경형,25만km이상,2000
2022,사업용,화물차,소형,25만km이상,29320
2022,사업용,화물차,중형,25만km이상,76068
2022,사업용,화물차,대형,25만km이상,200199
2022,사업용,특수차,합계,25만km이상,48781
2022,사업용,특수차,경형,25만km이상,0
2022,사업용,특수차,소형,25만km이상,3104
2022,사업용,특수차,중형,25만km이상,737
2022,사업용,특수차,대형,25만km이상,44940
2022,전체,합계,합계,기타,7
2022,전체,합계,경형,기타,1
2022,전체,합계,소형,기타,1
2022,전체,합계,중형,기타,3
2022,전체,합계,대형,기타,2
2022,전체,승용차,합계,기타,4
2022,전체,승용차,경형,기타,1
2022,전체,승용차,소형,기타,0
2022,전체,승용차,중형,기타,1
2022,전체,승용차,대형,기타,2
2022,전체,승합차,합계,기타,1
2022,전체,승합차,경형,기타,0
2022,전체,승합차,소형,기타,0
2022,전체,승합차,중형,기타,1
2022,전체,승합차,대형,기타,0
2022,전체,화물차,합계,기타,1
2022,전체,화물차,경형,기타,0
2022,전체,화물차,소형,기타,0
2022,전체,화물차,중형,기타,1
2022,전체,화물차,대형,기타,0
2022,전체,특수차,합계,기타,1
2022,전체,특수차,경형,기타,0
2022,전체,특수차,소형,기타,1
2022,전체,특수차,중형,기타,0
2022,전체,특수차,대형,기타,0
2022,비사업용,합계,합계,기타,5
2022,비사업용,합계,경형,기타,1
2022,비사업용,합계,소형,기타,0
2022,비사업용,합계,중형,기타,3
2022,비사업용,합계,대형,기타,1
2022,비사업용,승용차,합계,기타,3
2022,비사업용,승용차,경형,기타,1
2022,비사업용,승용차,소형,기타,0
2022,비사업용,승용차,중형,기타,1
2022,비사업용,승용차,대형,기타,1
2022,비사업용,승합차,합계,기타,1
2022,비사업용,승합차,경형,기타,0
2022,비사업용,승합차,소형,기타,0
2022,비사업용,승합차,중형,기타,1
2022,비사업용,승합차,대형,기타,0
2022,비사업용,화물차,합계,기타,1
2022,비사업용,화물차,경형,기타,0
2022,비사업용,화물차,소형,기타,0
2022,비사업용,화물차,중형,기타,1
2022,비사업용,화물차,대형,기타,0
2022,비사업용,특수차,합계,기타,0
2022,비사업용,특수차,경형,기타,0
2022,비사업용,특수차,소형,기타,0
2022,비사업용,특수차,중형,기타,0
2022,비사업용,특수차,대형,기타,0
2022,사업용,합계,합계,기타,2
2022,사업용,합계,경형,기타,0
2022,사업용,합계,소형,기타,1
2022,사업용,합계,중형,기타,0
2022,사업용,합계,대형,기타,1
2022,사업용,승용차,합계,기타,1
2022,사업용,승용차,경형,기타,0
2022,사업용,승용차,소형,기타,0
2022,사업용,승용차,중형,기타,0
2022,사업용,승용차,대형,기타,1
2022,사업용,승합차,합계,기타,0
2022,사업용,승합차,경형,기타,0
2022,사업용,승합차,소형,기타,0
2022,사업용,승합차,중형,기타,0
2022,사업용,승합차,대형,기타,0
2022,사업용,화물차,합계,기타,0
2022,사업용,화물차,경형,기타,0
2022,사업용,화물차,소형,기타,0
2022,사업용,화물차,중형,기타,0
2022,사업용,화물차,대형,기타,0
2022,사업용,특수차,합계,기타,1
2022,사업용,특수차,경형,기타,0
2022,사업용,특수차,소형,기타,1
2022,사업용,특수차,중형,기타,0
2022,사업용,특수차,대형,기타,0
2023,전체,합계,합계,5만km 미만,2356382
2023,전체,합계,경형,5만km 미만,242487
2023,전체,합계,소형,5만km 미만,629265
2023,전체,합계,중형,5만km 미만,1009269
2023,전체,합계,대형,5만km 미만,475361
2023,전체,승용차,합계,5만km 미만,1466579
2023,전체,승용차,경형,5만km 미만,218925
2023,전체,승용차,소형,5만km 미만,4463
2023,전체,승용차,중형,5만km 미만,851403
2023,전체,승용차,대형,5만km 미만,391788
2023,전체,승합차,합계,5만km 미만,101626
2023,전체,승합차,경형,5만km 미만,3612
2023,전체,승합차,소형,5만km 미만,55
2023,전체,승합차,중형,5만km 미만,91983
2023,전체,승합차,대형,5만km 미만,5976
2023,전체,화물차,합계,5만km 미만,745570
2023,전체,화물차,경형,5만km 미만,19885
2023,전체,화물차,소형,5만km 미만,598061
2023,전체,화물차,중형,5만km 미만,56526
2023,전체,화물차,대형,5만km 미만,71098
2023,전체,특수차,합계,5만km 미만,42607
2023,전체,특수차,경형,5만km 미만,65
2023,전체,특수차,소형,5만km 미만,26686
2023,전체,특수차,중형,5만km 미만,9357
2023,전체,특수차,대형,5만km 미만,6499
2023,비사업용,합계,합계,5만km 미만,1967770
2023,비사업용,합계,경형,5만km 미만,215388
2023,비사업용,합계,소형,5만km 미만,596392
2023,비사업용,합계,중형,5만km 미만,840279
2023,비사업용,합계,대형,5만km 미만,315711
2023,비사업용,승용차,합계,5만km 미만,1171561
2023,비사업용,승용차,경형,5만km 미만,192509
2023,비사업용,승용차,소형,5만km 미만,4454
2023,비사업용,승용차,중형,5만km 미만,702719
2023,비사업용,승용차,대형,5만km 미만,271879
2023,비사업용,승합차,합계,5만km 미만,91217
2023,비사업용,승합차,경형,5만km 미만,3537
2023,비사업용,승합차,소형,5만km 미만,55
2023,비사업용,승합차,중형,5만km 미만,82888
2023,비사업용,승합차,대형,5만km 미만,4737
2023,비사업용,화물차,합계,5만km 미만,674944
2023,비사업용,화물차,경형,5만km 미만,19277
2023,비사업용,화물차,소형,5만km 미만,567983
2023,비사업용,화물차,중형,5만km 미만,50853
2023,비사업용,화물차,대형,5만km 미만,36831
2023,비사업용,특수차,합계,5만km 미만,30048
2023,비사업용,특수차,경형,5만km 미만,65
2023,비사업용,특수차,소형,5만km 미만,23900
2023,비사업용,특수차,중형,5만km 미만,3819
2023,비사업용,특수차,대형,5만km 미만,2264
2023,사업용,합계,합계,5만km 미만,388612
2023,사업용,합계,경형,5만km 미만,27099
2023,사업용,합계,소형,5만km 미만,32873
2023,사업용,합계,중형,5만km 미만,168990
2023,사업용,합계,대형,5만km 미만,159650
2023,사업용,승용차,합계,5만km 미만,295018
2023,사업용,승용차,경형,5만km 미만,26416
2023,사업용,승용차,소형,5만km 미만,9
2023,사업용,승용차,중형,5만km 미만,148684
2023,사업용,승용차,대형,5만km 미만,119909
2023,사업용,승합차,합계,5만km 미만,10409
2023,사업용,승합차,경형,5만km 미만,75
2023,사업용,승합차,소형,5만km 미만,0
2023,사업용,승합차,중형,5만km 미만,9095
2023,사업용,승합차,대형,5만km 미만,1239
2023,사업용,화물차,합계,5만km 미만,70626
2023,사업용,화물차,경형,5만km 미만,608
2023,사업용,화물차,소형,5만km 미만,30078
2023,사업용,화물차,중형,5만km 미만,5673
2023,사업용,화물차,대형,5만km 미만,34267
2023,사업용,특수차,합계,5만km 미만,12559
2023,사업용,특수차,경형,5만km 미만,0
2023,사업용,특수차,소형,5만km 미만,2786
2023,사업용,특수차,중형,5만km 미만,5538
2023,사업용,특수차,대형,5만km 미만,4235
2023,전체,합계,합계,5만km~10만km 미만,3617739
2023,전체,합계,경형,5만km~10만km 미만,374339
2023,전체,합계,소형,5만km~10만km 미만,596912
2023,전체,합계,중형,5만km~10만km 미만,1797345
2023,전체,합계,대형,5만km~10만km 미만,849143
2023,전체,승용차,합계,5만km~10만km 미만,2751342
2023,전체,승용차,경형,5만km~10만km 미만,352196
2023,전체,승용차,소형,5만km~10만km 미만,18528
2023,전체,승용차,중형,5만km~10만km 미만,1591887
2023,전체,승용차,대형,5만km~10만km 미만,788731
2023,전체,승합차,합계,5만km~10만km 미만,147183
2023,전체,승합차,경형,5만km~10만km 미만,5099
2023,전체,승합차,소형,5만km~10만km 미만,64
2023,전체,승합차,중형,5만km~10만km 미만,129603
2023,전체,승합차,대형,5만km~10만km 미만,12417
2023,전체,화물차,합계,5만km~10만km 미만,688121
2023,전체,화물차,경형,5만km~10만km 미만,17025
2023,전체,화물차,소형,5만km~10만km 미만,562179
2023,전체,화물차,중형,5만km~10만km 미만,66928
2023,전체,화물차,대형,5만km~10만km 미만,41989
2023,전체,특수차,합계,5만km~10만km 미만,31093
2023,전체,특수차,경형,5만km~10만km 미만,19
2023,전체,특수차,소형,5만km~10만km 미만,16141
2023,전체,특수차,중형,5만km~10만km 미만,8927
2023,전체,특수차,대형,5만km~10만km 미만,6006
2023,비사업용,합계,합계,5만km~10만km 미만,3234998
2023,비사업용,합계,경형,5만km~10만km 미만,356270
2023,비사업용,합계,소형,5만km~10만km 미만,555656
2023,비사업용,합계,중형,5만km~10만km 미만,1627394
2023,비사업용,합계,대형,5만km~10만km 미만,695678
2023,비사업용,승용차,합계,5만km~10만km 미만,2460444
2023,비사업용,승용차,경형,5만km~10만km 미만,335492
2023,비사업용,승용차,소형,5만km~10만km 미만,18521
2023,비사업용,승용차,중형,5만km~10만km 미만,1444958
2023,비사업용,승용차,대형,5만km~10만km 미만,661473
2023,비사업용,승합차,합계,5만km~10만km 미만,134359
2023,비사업용,승합차,경형,5만km~10만km 미만,5060
2023,비사업용,승합차,소형,5만km~10만km 미만,64
2023,비사업용,승합차,중형,5만km~10만km 미만,121984
2023,비사업용,승합차,대형,5만km~10만km 미만,7251
2023,비사업용,화물차,합계,5만km~10만km 미만,626730
2023,비사업용,화물차,경형,5만km~10만km 미만,15699
2023,비사업용,화물차,소형,5만km~10만km 미만,526024
2023,비사업용,화물차,중형,5만km~10만km 미만,58688
2023,비사업용,화물차,대형,5만km~10만km 미만,26319
2023,비사업용,특수차,합계,5만km~10만km 미만,13465
2023,비사업용,특수차,경형,5만km~10만km 미만,19
2023,비사업용,특수차,소형,5만km~10만km 미만,11047
2023,비사업용,특수차,중형,5만km~10만km 미만,1764
2023,비사업용,특수차,대형,5만km~10만km 미만,635
2023,사업용,합계,합계,5만km~10만km 미만,382741
2023,사업용,합계,경형,5만km~10만km 미만,18069
2023,사업용,합계,소형,5만km~10만km 미만,41256
2023,사업용,합계,중형,5만km~10만km 미만,169951
2023,사업용,합계,대형,5만km~10만km 미만,153465
2023,사업용,승용차,합계,5만km~10만km 미만,290898
2023,사업용,승용차,경형,5만km~10만km 미만,16704
2023,사업용,승용차,소형,5만km~10만km 미만,7
2023,사업용,승용차,중형,5만km~10만km 미만,146929
2023,사업용,승용차,대형,5만km~10만km 미만,127258
2023,사업용,승합차,합계,5만km~10만km 미만,12824
2023,사업용,승합차,경형,5만km~10만km 미만,39
2023,사업용,승합차,소형,5만km~10만km 미만,0
2023,사업용,승합차,중형,5만km~10만km 미만,7619
2023,사업용,승합차,대형,5만km~10만km 미만,5166
2023,사업용,화물차,합계,5만km~10만km 미만,61391
2023,사업용,화물차,경형,5만km~10만km 미만,1326
2023,사업용,화물차,소형,5만km~10만km 미만,36155
2023,사업용,화물차,중형,5만km~10만km 미만,8240
2023,사업용,화물차,대형,5만km~10만km 미만,15670
2023,사업용,특수차,합계,5만km~10만km 미만,17628
2023,사업용,특수차,경형,5만km~10만km 미만,0
2023,사업용,특수차,소형,5만km~10만km 미만,5094
2023,사업용,특수차,중형,5만km~10만km 미만,7163
2023,사업용,특수차,대형,5만km~10만km 미만,5371
2023,전체,합계,합계,10만km~15만km 미만,2873495
2023,전체,합계,경형,10만km~15만km 미만,219392
2023,전체,합계,소형,10만km~15만km 미만,486643
2023,전체,합계,중형,10만km~15만km 미만,1509576
2023,전체,합계,대형,10만km~15만km 미만,657884
2023,전체,승용차,합계,10만km~15만km 미만,2101213
2023,전체,승용차,경형,10만km~15만km 미만,205037
2023,전체,승용차,소형,10만km~15만km 미만,21503
2023,전체,승용차,중형,10만km~15만km 미만,1266064
2023,전체,승용차,대형,10만km~15만km 미만,608609
2023,전체,승합차,합계,10만km~15만km 미만,177354
2023,전체,승합차,경형,10만km~15만km 미만,3230
2023,전체,승합차,소형,10만km~15만km 미만,86
2023,전체,승합차,중형,10만km~15만km 미만,165205
2023,전체,승합차,대형,10만km~15만km 미만,8833
2023,전체,화물차,합계,10만km~15만km 미만,573715
2023,전체,화물차,경형,10만km~15만km 미만,11115
2023,전체,화물차,소형,10만km~15만km 미만,453925
2023,전체,화물차,중형,10만km~15만km 미만,72905
2023,전체,화물차,대형,10만km~15만km 미만,35770
2023,전체,특수차,합계,10만km~15만km 미만,21213
2023,전체,특수차,경형,10만km~15만km 미만,10
2023,전체,특수차,소형,10만km~15만km 미만,11129
2023,전체,특수차,중형,10만km~15만km 미만,5402
2023,전체,특수차,대형,10만km~15만km 미만,4672
2023,비사업용,합계,합계,10만km~15만km 미만,2687226
2023,비사업용,합계,경형,10만km~15만km 미만,214326
2023,비사업용,합계,소형,10만km~15만km 미만,457028
2023,비사업용,합계,중형,10만km~15만km 미만,1425902
2023,비사업용,합계,대형,10만km~15만km 미만,589970
2023,비사업용,승용차,합계,10만km~15만km 미만,1987575
2023,비사업용,승용차,경형,10만km~15만km 미만,201743
2023,비사업용,승용차,소형,10만km~15만km 미만,21502
2023,비사업용,승용차,중형,10만km~15만km 미만,1200578
2023,비사업용,승용차,대형,10만km~15만km 미만,563752
2023,비사업용,승합차,합계,10만km~15만km 미만,167855
2023,비사업용,승합차,경형,10만km~15만km 미만,3220
2023,비사업용,승합차,소형,10만km~15만km 미만,86
2023,비사업용,승합차,중형,10만km~15만km 미만,159829
2023,비사업용,승합차,대형,10만km~15만km 미만,4720
2023,비사업용,화물차,합계,10만km~15만km 미만,523106
2023,비사업용,화물차,경형,10만km~15만km 미만,9353
2023,비사업용,화물차,소형,10만km~15만km 미만,428292
2023,비사업용,화물차,중형,10만km~15만km 미만,64342
2023,비사업용,화물차,대형,10만km~15만km 미만,21119
2023,비사업용,특수차,합계,10만km~15만km 미만,8690
2023,비사업용,특수차,경형,10만km~15만km 미만,10
2023,비사업용,특수차,소형,10만km~15만km 미만,7148
2023,비사업용,특수차,중형,10만km~15만km 미만,1153
2023,비사업용,특수차,대형,10만km~15만km 미만,379
2023,사업용,합계,합계,10만km~15만km 미만,186269
2023,사업용,합계,경형,10만km~15만km 미만,5066
2023,사업용,합계,소형,10만km~15만km 미만,29615
2023,사업용,합계,중형,10만km~15만km 미만,83674
2023,사업용,합계,대형,10만km~15만km 미만,67914
2023,사업용,승용차,합계,10만km~15만km 미만,113638
2023,사업용,승용차,경형,10만km~15만km 미만,3294
2023,사업용,승용차,소형,10만km~15만km 미만,1
2023,사업용,승용차,중형,10만km~15만km 미만,65486
2023,사업용,승용차,대형,10만km~15만km 미만,44857
2023,사업용,승합차,합계,10만km~15만km 미만,9499
2023,사업용,승합차,경형,10만km~15만km 미만,10
2023,사업용,승합차,소형,10만km~15만km 미만,0
2023,사업용,승합차,중형,10만km~15만km 미만,5376
2023,사업용,승합차,대형,10만km~15만km 미만,4113
2023,사업용,화물차,합계,10만km~15만km 미만,50609
2023,사업용,화물차,경형,10만km~15만km 미만,1762
2023,사업용,화물차,소형,10만km~15만km 미만,25633
2023,사업용,화물차,중형,10만km~15만km 미만,8563
2023,사업용,화물차,대형,10만km~15만km 미만,14651
2023,사업용,특수차,합계,10만km~15만km 미만,12523
2023,사업용,특수차,경형,10만km~15만km 미만,0
2023,사업용,특수차,소형,10만km~15만km 미만,3981
2023,사업용,특수차,중형,10만km~15만km 미만,4249
2023,사업용,특수차,대형,10만km~15만km 미만,4293
2023,전체,합계,합계,15만km~20만km 미만,1870756
2023,전체,합계,경형,15만km~20만km 미만,77898
2023,전체,합계,소형,15만km~20만km 미만,359746
2023,전체,합계,중형,15만km~20만km 미만,993766
2023,전체,합계,대형,15만km~20만km 미만,439346
2023,전체,승용차,합계,15만km~20만km 미만,1243426
2023,전체,승용차,경형,15만km~20만km 미만,70488
2023,전체,승용차,소형,15만km~20만km 미만,12707
2023,전체,승용차,중형,15만km~20만km 미만,763324
2023,전체,승용차,대형,15만km~20만km 미만,396907
2023,전체,승합차,합계,15만km~20만km 미만,166001
2023,전체,승합차,경형,15만km~20만km 미만,1470
2023,전체,승합차,소형,15만km~20만km 미만,100
2023,전체,승합차,중형,15만km~20만km 미만,157151
2023,전체,승합차,대형,15만km~20만km 미만,7280
2023,전체,화물차,합계,15만km~20만km 미만,448877
2023,전체,화물차,경형,15만km~20만km 미만,5936
2023,전체,화물차,소형,15만km~20만km 미만,340204
2023,전체,화물차,중형,15만km~20만km 미만,70839
2023,전체,화물차,대형,15만km~20만km 미만,31898
2023,전체,특수차,합계,15만km~20만km 미만,12452
2023,전체,특수차,경형,15만km~20만km 미만,4
2023,전체,특수차,소형,15만km~20만km 미만,6735
2023,전체,특수차,중형,15만km~20만km 미만,2452
2023,전체,특수차,대형,15만km~20만km 미만,3261
2023,비사업용,합계,합계,15만km~20만km 미만,1762402
2023,비사업용,합계,경형,15만km~20만km 미만,75543
2023,비사업용,합계,소형,15만km~20만km 미만,338711
2023,비사업용,합계,중형,15만km~20만km 미만,946422
2023,비사업용,합계,대형,15만km~20만km 미만,401726
2023,비사업용,승용차,합계,15만km~20만km 미만,1193742
2023,비사업용,승용차,경형,15만km~20만km 미만,69750
2023,비사업용,승용차,소형,15만km~20만km 미만,12707
2023,비사업용,승용차,중형,15만km~20만km 미만,730542
2023,비사업용,승용차,대형,15만km~20만km 미만,380743
2023,비사업용,승합차,합계,15만km~20만km 미만,157004
2023,비사업용,승합차,경형,15만km~20만km 미만,1467
2023,비사업용,승합차,소형,15만km~20만km 미만,100
2023,비사업용,승합차,중형,15만km~20만km 미만,152905
2023,비사업용,승합차,대형,15만km~20만km 미만,2532
2023,비사업용,화물차,합계,15만km~20만km 미만,406278
2023,비사업용,화물차,경형,15만km~20만km 미만,4323
2023,비사업용,화물차,소형,15만km~20만km 미만,321537
2023,비사업용,화물차,중형,15만km~20만km 미만,62192
2023,비사업용,화물차,대형,15만km~20만km 미만,18226
2023,비사업용,특수차,합계,15만km~20만km 미만,5378
2023,비사업용,특수차,경형,15만km~20만km 미만,3
2023,비사업용,특수차,소형,15만km~20만km 미만,4367
2023,비사업용,특수차,중형,15만km~20만km 미만,783
2023,비사업용,특수차,대형,15만km~20만km 미만,225
2023,사업용,합계,합계,15만km~20만km 미만,108354
2023,사업용,합계,경형,15만km~20만km 미만,2355
2023,사업용,합계,소형,15만km~20만km 미만,21035
2023,사업용,합계,중형,15만km~20만km 미만,47344
2023,사업용,합계,대형,15만km~20만km 미만,37620
2023,사업용,승용차,합계,15만km~20만km 미만,49684
2023,사업용,승용차,경형,15만km~20만km 미만,738
2023,사업용,승용차,소형,15만km~20만km 미만,0
2023,사업용,승용차,중형,15만km~20만km 미만,32782
2023,사업용,승용차,대형,15만km~20만km 미만,16164
2023,사업용,승합차,합계,15만km~20만km 미만,8997
2023,사업용,승합차,경형,15만km~20만km 미만,3
2023,사업용,승합차,소형,15만km~20만km 미만,0
2023,사업용,승합차,중형,15만km~20만km 미만,4246
2023,사업용,승합차,대형,15만km~20만km 미만,4748
2023,사업용,화물차,합계,15만km~20만km 미만,42599
2023,사업용,화물차,경형,15만km~20만km 미만,1613
2023,사업용,화물차,소형,15만km~20만km 미만,18667
2023,사업용,화물차,중형,15만km~20만km 미만,8647
2023,사업용,화물차,대형,15만km~20만km 미만,13672
2023,사업용,특수차,합계,15만km~20만km 미만,7074
2023,사업용,특수차,경형,15만km~20만km 미만,1
2023,사업용,특수차,소형,15만km~20만km 미만,2368
2023,사업용,특수차,중형,15만km~20만km 미만,1669
2023,사업용,특수차,대형,15만km~20만km 미만,3036
2023,전체,합계,합계,20만km~25만km 미만,1057345
2023,전체,합계,경형,20만km~25만km 미만,22064
2023,전체,합계,소형,20만km~25만km 미만,236637
2023,전체,합계,중형,20만km~25만km 미만,536497
2023,전체,합계,대형,20만km~25만km 미만,262147
2023,전체,승용차,합계,20만km~25만km 미만,610522
2023,전체,승용차,경형,20만km~25만km 미만,18300
2023,전체,승용차,소형,20만km~25만km 미만,5352
2023,전체,승용차,중형,20만km~25만km 미만,363495
2023,전체,승용차,대형,20만km~25만km 미만,223375
2023,전체,승합차,합계,20만km~25만km 미만,120835
2023,전체,승합차,경형,20만km~25만km 미만,663
2023,전체,승합차,소형,20만km~25만km 미만,92
2023,전체,승합차,중형,20만km~25만km 미만,113417
2023,전체,승합차,대형,20만km~25만km 미만,6663
2023,전체,화물차,합계,20만km~25만km 미만,317702
2023,전체,화물차,경형,20만km~25만km 미만,3098
2023,전체,화물차,소형,20만km~25만km 미만,226844
2023,전체,화물차,중형,20만km~25만km 미만,58397
2023,전체,화물차,대형,20만km~25만km 미만,29363
2023,전체,특수차,합계,20만km~25만km 미만,8286
2023,전체,특수차,경형,20만km~25만km 미만,3
2023,전체,특수차,소형,20만km~25만km 미만,4349
2023,전체,특수차,중형,20만km~25만km 미만,1188
2023,전체,특수차,대형,20만km~25만km 미만,2746
2023,비사업용,합계,합계,20만km~25만km 미만,977669
2023,비사업용,합계,경형,20만km~25만km 미만,20679
2023,비사업용,합계,소형,20만km~25만km 미만,221667
2023,비사업용,합계,중형,20만km~25만km 미만,501793
2023,비사업용,합계,대형,20만km~25만km 미만,233530
2023,비사업용,승용차,합계,20만km~25만km 미만,581113
2023,비사업용,승용차,경형,20만km~25만km 미만,18206
2023,비사업용,승용차,소형,20만km~25만km 미만,5352
2023,비사업용,승용차,중형,20만km~25만km 미만,341437
2023,비사업용,승용차,대형,20만km~25만km 미만,216118
2023,비사업용,승합차,합계,20만km~25만km 미만,111991
2023,비사업용,승합차,경형,20만km~25만km 미만,661
2023,비사업용,승합차,소형,20만km~25만km 미만,92
2023,비사업용,승합차,중형,20만km~25만km 미만,109758
2023,비사업용,승합차,대형,20만km~25만km 미만,1480
2023,비사업용,화물차,합계,20만km~25만km 미만,281019
2023,비사업용,화물차,경형,20만km~25만km 미만,1809
2023,비사업용,화물차,소형,20만km~25만km 미만,213494
2023,비사업용,화물차,중형,20만km~25만km 미만,50006
2023,비사업용,화물차,대형,20만km~25만km 미만,15710
2023,비사업용,특수차,합계,20만km~25만km 미만,3546
2023,비사업용,특수차,경형,20만km~25만km 미만,3
2023,비사업용,특수차,소형,20만km~25만km 미만,2729
2023,비사업용,특수차,중형,20만km~25만km 미만,592
2023,비사업용,특수차,대형,20만km~25만km 미만,222
2023,사업용,합계,합계,20만km~25만km 미만,79676
2023,사업용,합계,경형,20만km~25만km 미만,1385
2023,사업용,합계,소형,20만km~25만km 미만,14970
2023,사업용,합계,중형,20만km~25만km 미만,34704
2023,사업용,합계,대형,20만km~25만km 미만,28617
2023,사업용,승용차,합계,20만km~25만km 미만,29409
2023,사업용,승용차,경형,20만km~25만km 미만,94
2023,사업용,승용차,소형,20만km~25만km 미만,0
2023,사업용,승용차,중형,20만km~25만km 미만,22058
2023,사업용,승용차,대형,20만km~25만km 미만,7257
2023,사업용,승합차,합계,20만km~25만km 미만,8844
2023,사업용,승합차,경형,20만km~25만km 미만,2
2023,사업용,승합차,소형,20만km~25만km 미만,0
2023,사업용,승합차,중형,20만km~25만km 미만,3659
2023,사업용,승합차,대형,20만km~25만km 미만,5183
2023,사업용,화물차,합계,20만km~25만km 미만,36683
2023,사업용,화물차,경형,20만km~25만km 미만,1289
2023,사업용,화물차,소형,20만km~25만km 미만,13350
2023,사업용,화물차,중형,20만km~25만km 미만,8391
2023,사업용,화물차,대형,20만km~25만km 미만,13653
2023,사업용,특수차,합계,20만km~25만km 미만,4740
2023,사업용,특수차,경형,20만km~25만km 미만,0
2023,사업용,특수차,소형,20만km~25만km 미만,1620
2023,사업용,특수차,중형,20만km~25만km 미만,596
2023,사업용,특수차,대형,20만km~25만km 미만,2524
2023,전체,합계,합계,25만km이상,1518344
2023,전체,합계,경형,25만km이상,11733
2023,전체,합계,소형,25만km이상,286714
2023,전체,합계,중형,25만km이상,624342
2023,전체,합계,대형,25만km이상,595555
2023,전체,승용차,합계,25만km이상,505742
2023,전체,승용차,경형,25만km이상,7107
2023,전체,승용차,소형,25만km이상,3298
2023,전체,승용차,중형,25만km이상,290818
2023,전체,승용차,대형,25만km이상,204519
2023,전체,승합차,합계,25만km이상,190495
2023,전체,승합차,경형,25만km이상,595
2023,전체,승합차,소형,25만km이상,191
2023,전체,승합차,중형,25만km이상,134007
2023,전체,승합차,대형,25만km이상,55702
2023,전체,화물차,합계,25만km이상,765924
2023,전체,화물차,경형,25만km이상,4031
2023,전체,화물차,소형,25만km이상,276193
2023,전체,화물차,중형,25만km이상,197609
2023,전체,화물차,대형,25만km이상,288091
2023,전체,특수차,합계,25만km이상,56183
2023,전체,특수차,경형,25만km이상,0
2023,전체,특수차,소형,25만km이상,7032
2023,전체,특수차,중형,25만km이상,1908
2023,전체,특수차,대형,25만km이상,47243
2023,비사업용,합계,합계,25만km이상,1029179
2023,비사업용,합계,경형,25만km이상,9349
2023,비사업용,합계,소형,25만km이상,252647
2023,비사업용,합계,중형,25만km이상,482351
2023,비사업용,합계,대형,25만km이상,284832
2023,비사업용,승용차,합계,25만km이상,439463
2023,비사업용,승용차,경형,25만km이상,7082
2023,비사업용,승용차,소형,25만km이상,3297
2023,비사업용,승용차,중형,25만km이상,235544
2023,비사업용,승용차,대형,25만km이상,193540
2023,비사업용,승합차,합계,25만km이상,129962
2023,비사업용,승합차,경형,25만km이상,595
2023,비사업용,승합차,소형,25만km이상,191
2023,비사업용,승합차,중형,25만km이상,122657
2023,비사업용,승합차,대형,25만km이상,6519
2023,비사업용,화물차,합계,25만km이상,452849
2023,비사업용,화물차,경형,25만km이상,1672
2023,비사업용,화물차,소형,25만km이상,245566
2023,비사업용,화물차,중형,25만km이상,122926
2023,비사업용,화물차,대형,25만km이상,82685
2023,비사업용,특수차,합계,25만km이상,6905
2023,비사업용,특수차,경형,25만km이상,0
2023,비사업용,특수차,소형,25만km이상,3593
2023,비사업용,특수차,중형,25만km이상,1224
2023,비사업용,특수차,대형,25만km이상,2088
2023,사업용,합계,합계,25만km이상,489165
2023,사업용,합계,경형,25만km이상,2384
2023,사업용,합계,소형,25만km이상,34067
2023,사업용,합계,중형,25만km이상,141991
2023,사업용,합계,대형,25만km이상,310723
2023,사업용,승용차,합계,25만km이상,66279
2023,사업용,승용차,경형,25만km이상,25
2023,사업용,승용차,소형,25만km이상,1
2023,사업용,승용차,중형,25만km이상,55274
2023,사업용,승용차,대형,25만km이상,10979
2023,사업용,승합차,합계,25만km이상,60533
2023,사업용,승합차,경형,25만km이상,0
2023,사업용,승합차,소형,25만km이상,0
2023,사업용,승합차,중형,25만km이상,11350
2023,사업용,승합차,대형,25만km이상,49183
2023,사업용,화물차,합계,25만km이상,313075
2023,사업용,화물차,경형,25만km이상,2359
2023,사업용,화물차,소형,25만km이상,30627
2023,사업용,화물차,중형,25만km이상,74683
2023,사업용,화물차,대형,25만km이상,205406
2023,사업용,특수차,합계,25만km이상,49278
2023,사업용,특수차,경형,25만km이상,0
2023,사업용,특수차,소형,25만km이상,3439
2023,사업용,특수차,중형,25만km이상,684
2023,사업용,특수차,대형,25만km이상,45155
2023,전체,합계,합계,기타,8
2023,전체,합계,경형,기타,0
2023,전체,합계,소형,기타,1
2023,전체,합계,중형,기타,4
2023,전체,합계,대형,기타,3
2023,전체,승용차,합계,기타,6
2023,전체,승용차,경형,기타,0
2023,전체,승용차,소형,기타,0
2023,전체,승용차,중형,기타,3
2023,전체,승용차,대형,기타,3
2023,전체,승합차,합계,기타,0
2023,전체,승합차,경형,기타,0
2023,전체,승합차,소형,기타,0
2023,전체,승합차,중형,기타,0
2023,전체,승합차,대형,기타,0
2023,전체,화물차,합계,기타,2
2023,전체,화물차,경형,기타,0
2023,전체,화물차,소형,기타,1
2023,전체,화물차,중형,기타,1
2023,전체,화물차,대형,기타,0
2023,전체,특수차,합계,기타,0
2023,전체,특수차,경형,기타,0
2023,전체,특수차,소형,기타,0
2023,전체,특수차,중형,기타,0
2023,전체,특수차,대형,기타,0
2023,비사업용,합계,합계,기타,8
2023,비사업용,합계,경형,기타,0
2023,비사업용,합계,소형,기타,1
2023,비사업용,합계,중형,기타,4
2023,비사업용,합계,대형,기타,3
2023,비사업용,승용차,합계,기타,6
2023,비사업용,승용차,경형,기타,0
2023,비사업용,승용차,소형,기타,0
2023,비사업용,승용차,중형,기타,3
2023,비사업용,승용차,대형,기타,3
2023,비사업용,승합차,합계,기타,0
2023,비사업용,승합차,경형,기타,0
2023,비사업용,승합차,소형,기타,0
2023,비사업용,승합차,중형,기타,0
2023,비사업용,승합차,대형,기타,0
2023,비사업용,화물차,합계,기타,2
2023,비사업용,화물차,경형,기타,0
2023,비사업용,화물차,소형,기타,1
2023,비사업용,화물차,중형,기타,1
2023,비사업용,화물차,대형,기타,0
2023,비사업용,특수차,합계,기타,0
2023,비사업용,특수차,경형,기타,0
2023,비사업용,특수차,소형,기타,0
2023,비사업용,특수차,중형,기타,0
2023,비사업용,특수차,대형,기타,0
2023,사업용,합계,합계,기타,0
2023,사업용,합계,경형,기타,0
2023,사업용,합계,소형,기타,0
2023,사업용,합계,중형,기타,0
2023,사업용,합계,대형,기타,0
2023,사업용,승용차,합계,기타,0
2023,사업용,승용차,경형,기타,0
2023,사업용,승용차,소형,기타,0
2023,사업용,승용차,중형,기타,0
2023,사업용,승용차,대형,기타,0
2023,사업용,승합차,합계,기타,0
2023,사업용,승합차,경형,기타,0
2023,사업용,승합차,소형,기타,0
2023,사업용,승합차,중형,기타,0
2023,사업용,승합차,대형,기타,0
2023,사업용,화물차,합계,기타,0
2023,사업용,화물차,경형,기타,0
2023,사업용,화물차,소형,기타,0
2023,사업용,화물차,중형,기타,0
2023,사업용,화물차,대형,기타,0
2023,사업용,특수차,합계,기타,0
2023,사업용,특수차,경형,기타,0
2023,사업용,특수차,소형,기타,0
2023,사업용,특수차,중형,기타,0
2023,사업용,특수차,대형,기타,0
2024,전체,합계,합계,5만km 미만,2440627
2024,전체,합계,경형,5만km 미만,240774
2024,전체,합계,소형,5만km 미만,608257
2024,전체,합계,중형,5만km 미만,1047708
2024,전체,합계,대형,5만km 미만,543888
2024,전체,승용차,합계,5만km 미만,1577933
2024,전체,승용차,경형,5만km 미만,221652
2024,전체,승용차,소형,5만km 미만,3406
2024,전체,승용차,중형,5만km 미만,893066
2024,전체,승용차,대형,5만km 미만,459809
2024,전체,승합차,합계,5만km 미만,96284
2024,전체,승합차,경형,5만km 미만,2690
2024,전체,승합차,소형,5만km 미만,31
2024,전체,승합차,중형,5만km 미만,88714
2024,전체,승합차,대형,5만km 미만,4849
2024,전체,화물차,합계,5만km 미만,718000
2024,전체,화물차,경형,5만km 미만,16345
2024,전체,화물차,소형,5만km 미만,572333
2024,전체,화물차,중형,5만km 미만,56644
2024,전체,화물차,대형,5만km 미만,72678
2024,전체,특수차,합계,5만km 미만,48410
2024,전체,특수차,경형,5만km 미만,87
2024,전체,특수차,소형,5만km 미만,32487
2024,전체,특수차,중형,5만km 미만,9284
2024,전체,특수차,대형,5만km 미만,6552
2024,비사업용,합계,합계,5만km 미만,2026075
2024,비사업용,합계,경형,5만km 미만,205690
2024,비사업용,합계,소형,5만km 미만,576427
2024,비사업용,합계,중형,5만km 미만,865695
2024,비사업용,합계,대형,5만km 미만,378263
2024,비사업용,승용차,합계,5만km 미만,1256588
2024,비사업용,승용차,경형,5만km 미만,186987
2024,비사업용,승용차,소형,5만km 미만,3403
2024,비사업용,승용차,중형,5만km 미만,731278
2024,비사업용,승용차,대형,5만km 미만,334920
2024,비사업용,승합차,합계,5만km 미만,85236
2024,비사업용,승합차,경형,5만km 미만,2650
2024,비사업용,승합차,소형,5만km 미만,31
2024,비사업용,승합차,중형,5만km 미만,79023
2024,비사업용,승합차,대형,5만km 미만,3532
2024,비사업용,화물차,합계,5만km 미만,648058
2024,비사업용,화물차,경형,5만km 미만,15967
2024,비사업용,화물차,소형,5만km 미만,543222
2024,비사업용,화물차,중형,5만km 미만,51417
2024,비사업용,화물차,대형,5만km 미만,37452
2024,비사업용,특수차,합계,5만km 미만,36193
2024,비사업용,특수차,경형,5만km 미만,86
2024,비사업용,특수차,소형,5만km 미만,29771
2024,비사업용,특수차,중형,5만km 미만,3977
2024,비사업용,특수차,대형,5만km 미만,2359
2024,사업용,합계,합계,5만km 미만,414552
2024,사업용,합계,경형,5만km 미만,35084
2024,사업용,합계,소형,5만km 미만,31830
2024,사업용,합계,중형,5만km 미만,182013
2024,사업용,합계,대형,5만km 미만,165625
2024,사업용,승용차,합계,5만km 미만,321345
2024,사업용,승용차,경형,5만km 미만,34665
2024,사업용,승용차,소형,5만km 미만,3
2024,사업용,승용차,중형,5만km 미만,161788
2024,사업용,승용차,대형,5만km 미만,124889
2024,사업용,승합차,합계,5만km 미만,11048
2024,사업용,승합차,경형,5만km 미만,40
2024,사업용,승합차,소형,5만km 미만,0
2024,사업용,승합차,중형,5만km 미만,9691
2024,사업용,승합차,대형,5만km 미만,1317
2024,사업용,화물차,합계,5만km 미만,69942
2024,사업용,화물차,경형,5만km 미만,378
2024,사업용,화물차,소형,5만km 미만,29111
2024,사업용,화물차,중형,5만km 미만,5227
2024,사업용,화물차,대형,5만km 미만,35226
2024,사업용,특수차,합계,5만km 미만,12217
2024,사업용,특수차,경형,5만km 미만,1
2024,사업용,특수차,소형,5만km 미만,2716
2024,사업용,특수차,중형,5만km 미만,5307
2024,사업용,특수차,대형,5만km 미만,4193
2024,전체,합계,합계,5만km~10만km 미만,3721323
2024,전체,합계,경형,5만km~10만km 미만,386138
2024,전체,합계,소형,5만km~10만km 미만,587661
2024,전체,합계,중형,5만km~10만km 미만,1817082
2024,전체,합계,대형,5만km~10만km 미만,930442
2024,전체,승용차,합계,5만km~10만km 미만,2871131
2024,전체,승용차,경형,5만km~10만km 미만,366632
2024,전체,승용차,소형,5만km~10만km 미만,13803
2024,전체,승용차,중형,5만km~10만km 미만,1618057
2024,전체,승용차,대형,5만km~10만km 미만,872639
2024,전체,승합차,합계,5만km~10만km 미만,138468
2024,전체,승합차,경형,5만km~10만km 미만,4335
2024,전체,승합차,소형,5만km~10만km 미만,18
2024,전체,승합차,중형,5만km~10만km 미만,123220
2024,전체,승합차,대형,5만km~10만km 미만,10895
2024,전체,화물차,합계,5만km~10만km 미만,677965
2024,전체,화물차,경형,5만km~10만km 미만,15142
2024,전체,화물차,소형,5만km~10만km 미만,554996
2024,전체,화물차,중형,5만km~10만km 미만,66711
2024,전체,화물차,대형,5만km~10만km 미만,41116
2024,전체,특수차,합계,5만km~10만km 미만,33759
2024,전체,특수차,경형,5만km~10만km 미만,29
2024,전체,특수차,소형,5만km~10만km 미만,18844
2024,전체,특수차,중형,5만km~10만km 미만,9094
2024,전체,특수차,대형,5만km~10만km 미만,5792
2024,비사업용,합계,합계,5만km~10만km 미만,3326717
2024,비사업용,합계,경형,5만km~10만km 미만,367177
2024,비사업용,합계,소형,5만km~10만km 미만,545884
2024,비사업용,합계,중형,5만km~10만km 미만,1640997
2024,비사업용,합계,대형,5만km~10만km 미만,772659
2024,비사업용,승용차,합계,5만km~10만km 미만,2566747
2024,비사업용,승용차,경형,5만km~10만km 미만,348471
2024,비사업용,승용차,소형,5만km~10만km 미만,13798
2024,비사업용,승용차,중형,5만km~10만km 미만,1464728
2024,비사업용,승용차,대형,5만km~10만km 미만,739750
2024,비사업용,승합차,합계,5만km~10만km 미만,126279
2024,비사업용,승합차,경형,5만km~10만km 미만,4313
2024,비사업용,승합차,소형,5만km~10만km 미만,18
2024,비사업용,승합차,중형,5만km~10만km 미만,116380
2024,비사업용,승합차,대형,5만km~10만km 미만,5568
2024,비사업용,화물차,합계,5만km~10만km 미만,617357
2024,비사업용,화물차,경형,5만km~10만km 미만,14364
2024,비사업용,화물차,소형,5만km~10만km 미만,518199
2024,비사업용,화물차,중형,5만km~10만km 미만,58128
2024,비사업용,화물차,대형,5만km~10만km 미만,26666
2024,비사업용,특수차,합계,5만km~10만km 미만,16334
2024,비사업용,특수차,경형,5만km~10만km 미만,29
2024,비사업용,특수차,소형,5만km~10만km 미만,13869
2024,비사업용,특수차,중형,5만km~10만km 미만,1761
2024,비사업용,특수차,대형,5만km~10만km 미만,675
2024,사업용,합계,합계,5만km~10만km 미만,394606
2024,사업용,합계,경형,5만km~10만km 미만,18961
2024,사업용,합계,소형,5만km~10만km 미만,41777
2024,사업용,합계,중형,5만km~10만km 미만,176085
2024,사업용,합계,대형,5만km~10만km 미만,157783
2024,사업용,승용차,합계,5만km~10만km 미만,304384
2024,사업용,승용차,경형,5만km~10만km 미만,18161
2024,사업용,승용차,소형,5만km~10만km 미만,5
2024,사업용,승용차,중형,5만km~10만km 미만,153329
2024,사업용,승용차,대형,5만km~10만km 미만,132889
2024,사업용,승합차,합계,5만km~10만km 미만,12189
2024,사업용,승합차,경형,5만km~10만km 미만,22
2024,사업용,승합차,소형,5만km~10만km 미만,0
2024,사업용,승합차,중형,5만km~10만km 미만,6840
2024,사업용,승합차,대형,5만km~10만km 미만,5327
2024,사업용,화물차,합계,5만km~10만km 미만,60608
2024,사업용,화물차,경형,5만km~10만km 미만,778
2024,사업용,화물차,소형,5만km~10만km 미만,36797
2024,사업용,화물차,중형,5만km~10만km 미만,8583
2024,사업용,화물차,대형,5만km~10만km 미만,14450
2024,사업용,특수차,합계,5만km~10만km 미만,17425
2024,사업용,특수차,경형,5만km~10만km 미만,0
2024,사업용,특수차,소형,5만km~10만km 미만,4975
2024,사업용,특수차,중형,5만km~10만km 미만,7333
2024,사업용,특수차,대형,5만km~10만km 미만,5117
2024,전체,합계,합계,10만km~15만km 미만,2926883
2024,전체,합계,경형,10만km~15만km 미만,242783
2024,전체,합계,소형,10만km~15만km 미만,494402
2024,전체,합계,중형,10만km~15만km 미만,1507735
2024,전체,합계,대형,10만km~15만km 미만,681963
2024,전체,승용차,합계,10만km~15만km 미만,2152656
2024,전체,승용차,경형,10만km~15만km 미만,229629
2024,전체,승용차,소형,10만km~15만km 미만,16727
2024,전체,승용차,중형,10만km~15만km 미만,1274284
2024,전체,승용차,대형,10만km~15만km 미만,632016
2024,전체,승합차,합계,10만km~15만km 미만,169094
2024,전체,승합차,경형,10만km~15만km 미만,2954
2024,전체,승합차,소형,10만km~15만km 미만,24
2024,전체,승합차,중형,10만km~15만km 미만,157104
2024,전체,승합차,대형,10만km~15만km 미만,9012
2024,전체,화물차,합계,10만km~15만km 미만,581297
2024,전체,화물차,경형,10만km~15만km 미만,10179
2024,전체,화물차,소형,10만km~15만km 미만,464479
2024,전체,화물차,중형,10만km~15만km 미만,70392
2024,전체,화물차,대형,10만km~15만km 미만,36247
2024,전체,특수차,합계,10만km~15만km 미만,23836
2024,전체,특수차,경형,10만km~15만km 미만,21
2024,전체,특수차,소형,10만km~15만km 미만,13172
2024,전체,특수차,중형,10만km~15만km 미만,5955
2024,전체,특수차,대형,10만km~15만km 미만,4688
2024,비사업용,합계,합계,10만km~15만km 미만,2732617
2024,비사업용,합계,경형,10만km~15만km 미만,237746
2024,비사업용,합계,소형,10만km~15만km 미만,461507
2024,비사업용,합계,중형,10만km~15만km 미만,1422366
2024,비사업용,합계,대형,10만km~15만km 미만,610998
2024,비사업용,승용차,합계,10만km~15만km 미만,2033959
2024,비사업용,승용차,경형,10만km~15만km 미만,225865
2024,비사업용,승용차,소형,10만km~15만km 미만,16725
2024,비사업용,승용차,중형,10만km~15만km 미만,1207133
2024,비사업용,승용차,대형,10만km~15만km 미만,584236
2024,비사업용,승합차,합계,10만km~15만km 미만,159707
2024,비사업용,승합차,경형,10만km~15만km 미만,2948
2024,비사업용,승합차,소형,10만km~15만km 미만,24
2024,비사업용,승합차,중형,10만km~15만km 미만,152237
2024,비사업용,승합차,대형,10만km~15만km 미만,4498
2024,비사업용,화물차,합계,10만km~15만km 미만,528434
2024,비사업용,화물차,경형,10만km~15만km 미만,8912
2024,비사업용,화물차,소형,10만km~15만km 미만,435779
2024,비사업용,화물차,중형,10만km~15만km 미만,61873
2024,비사업용,화물차,대형,10만km~15만km 미만,21870
2024,비사업용,특수차,합계,10만km~15만km 미만,10517
2024,비사업용,특수차,경형,10만km~15만km 미만,21
2024,비사업용,특수차,소형,10만km~15만km 미만,8979
2024,비사업용,특수차,중형,10만km~15만km 미만,1123
2024,비사업용,특수차,대형,10만km~15만km 미만,394
2024,사업용,합계,합계,10만km~15만km 미만,194266
2024,사업용,합계,경형,10만km~15만km 미만,5037
2024,사업용,합계,소형,10만km~15만km 미만,32895
2024,사업용,합계,중형,10만km~15만km 미만,85369
2024,사업용,합계,대형,10만km~15만km 미만,70965
2024,사업용,승용차,합계,10만km~15만km 미만,118697
2024,사업용,승용차,경형,10만km~15만km 미만,3764
2024,사업용,승용차,소형,10만km~15만km 미만,2
2024,사업용,승용차,중형,10만km~15만km 미만,67151
2024,사업용,승용차,대형,10만km~15만km 미만,47780
2024,사업용,승합차,합계,10만km~15만km 미만,9387
2024,사업용,승합차,경형,10만km~15만km 미만,6
2024,사업용,승합차,소형,10만km~15만km 미만,0
2024,사업용,승합차,중형,10만km~15만km 미만,4867
2024,사업용,승합차,대형,10만km~15만km 미만,4514
2024,사업용,화물차,합계,10만km~15만km 미만,52863
2024,사업용,화물차,경형,10만km~15만km 미만,1267
2024,사업용,화물차,소형,10만km~15만km 미만,28700
2024,사업용,화물차,중형,10만km~15만km 미만,8519
2024,사업용,화물차,대형,10만km~15만km 미만,14377
2024,사업용,특수차,합계,10만km~15만km 미만,13319
2024,사업용,특수차,경형,10만km~15만km 미만,0
2024,사업용,특수차,소형,10만km~15만km 미만,4193
2024,사업용,특수차,중형,10만km~15만km 미만,4832
2024,사업용,특수차,대형,10만km~15만km 미만,4294
2024,전체,합계,합계,15만km~20만km 미만,1904804
2024,전체,합계,경형,15만km~20만km 미만,90495
2024,전체,합계,소형,15만km~20만km 미만,368823
2024,전체,합계,중형,15만km~20만km 미만,998022
2024,전체,합계,대형,15만km~20만km 미만,447464
2024,전체,승용차,합계,15만km~20만km 미만,1276496
2024,전체,승용차,경형,15만km~20만km 미만,83457
2024,전체,승용차,소형,15만km~20만km 미만,10524
2024,전체,승용차,중형,15만km~20만km 미만,777801
2024,전체,승용차,대형,15만km~20만km 미만,404714
2024,전체,승합차,합계,15만km~20만km 미만,158932
2024,전체,승합차,경형,15만km~20만km 미만,1408
2024,전체,승합차,소형,15만km~20만km 미만,26
2024,전체,승합차,중형,15만km~20만km 미만,150412
2024,전체,승합차,대형,15만km~20만km 미만,7086
2024,전체,화물차,합계,15만km~20만km 미만,455599
2024,전체,화물차,경형,15만km~20만km 미만,5623
2024,전체,화물차,소형,15만km~20만km 미만,350177
2024,전체,화물차,중형,15만km~20만km 미만,67289
2024,전체,화물차,대형,15만km~20만km 미만,32510
2024,전체,특수차,합계,15만km~20만km 미만,13777
2024,전체,특수차,경형,15만km~20만km 미만,7
2024,전체,특수차,소형,15만km~20만km 미만,8096
2024,전체,특수차,중형,15만km~20만km 미만,2520
2024,전체,특수차,대형,15만km~20만km 미만,3154
2024,비사업용,합계,합계,15만km~20만km 미만,1793263
2024,비사업용,합계,경형,15만km~20만km 미만,88383
2024,비사업용,합계,소형,15만km~20만km 미만,345722
2024,비사업용,합계,중형,15만km~20만km 미만,950121
2024,비사업용,합계,대형,15만km~20만km 미만,409037
2024,비사업용,승용차,합계,15만km~20만km 미만,1225189
2024,비사업용,승용차,경형,15만km~20만km 미만,82756
2024,비사업용,승용차,소형,15만km~20만km 미만,10524
2024,비사업용,승용차,중형,15만km~20만km 미만,744632
2024,비사업용,승용차,대형,15만km~20만km 미만,387277
2024,비사업용,승합차,합계,15만km~20만km 미만,150230
2024,비사업용,승합차,경형,15만km~20만km 미만,1407
2024,비사업용,승합차,소형,15만km~20만km 미만,26
2024,비사업용,승합차,중형,15만km~20만km 미만,146366
2024,비사업용,승합차,대형,15만km~20만km 미만,2431
2024,비사업용,화물차,합계,15만km~20만km 미만,411422
2024,비사업용,화물차,경형,15만km~20만km 미만,4213
2024,비사업용,화물차,소형,15만km~20만km 미만,329709
2024,비사업용,화물차,중형,15만km~20만km 미만,58395
2024,비사업용,화물차,대형,15만km~20만km 미만,19105
2024,비사업용,특수차,합계,15만km~20만km 미만,6422
2024,비사업용,특수차,경형,15만km~20만km 미만,7
2024,비사업용,특수차,소형,15만km~20만km 미만,5463
2024,비사업용,특수차,중형,15만km~20만km 미만,728
2024,비사업용,특수차,대형,15만km~20만km 미만,224
2024,사업용,합계,합계,15만km~20만km 미만,111541
2024,사업용,합계,경형,15만km~20만km 미만,2112
2024,사업용,합계,소형,15만km~20만km 미만,23101
2024,사업용,합계,중형,15만km~20만km 미만,47901
2024,사업용,합계,대형,15만km~20만km 미만,38427
2024,사업용,승용차,합계,15만km~20만km 미만,51307
2024,사업용,승용차,경형,15만km~20만km 미만,701
2024,사업용,승용차,소형,15만km~20만km 미만,0
2024,사업용,승용차,중형,15만km~20만km 미만,33169
2024,사업용,승용차,대형,15만km~20만km 미만,17437
2024,사업용,승합차,합계,15만km~20만km 미만,8702
2024,사업용,승합차,경형,15만km~20만km 미만,1
2024,사업용,승합차,소형,15만km~20만km 미만,0
2024,사업용,승합차,중형,15만km~20만km 미만,4046
2024,사업용,승합차,대형,15만km~20만km 미만,4655
2024,사업용,화물차,합계,15만km~20만km 미만,44177
2024,사업용,화물차,경형,15만km~20만km 미만,1410
2024,사업용,화물차,소형,15만km~20만km 미만,20468
2024,사업용,화물차,중형,15만km~20만km 미만,8894
2024,사업용,화물차,대형,15만km~20만km 미만,13405
2024,사업용,특수차,합계,15만km~20만km 미만,7355
2024,사업용,특수차,경형,15만km~20만km 미만,0
2024,사업용,특수차,소형,15만km~20만km 미만,2633
2024,사업용,특수차,중형,15만km~20만km 미만,1792
2024,사업용,특수차,대형,15만km~20만km 미만,2930
2024,전체,합계,합계,20만km~25만km 미만,1077272
2024,전체,합계,경형,20만km~25만km 미만,25711
2024,전체,합계,소형,20만km~25만km 미만,242030
2024,전체,합계,중형,20만km~25만km 미만,543447
2024,전체,합계,대형,20만km~25만km 미만,266084
2024,전체,승용차,합계,20만km~25만km 미만,629992
2024,전체,승용차,경형,20만km~25만km 미만,21999
2024,전체,승용차,소형,20만km~25만km 미만,4323
2024,전체,승용차,중형,20만km~25만km 미만,376510
2024,전체,승용차,대형,20만km~25만km 미만,227160
2024,전체,승합차,합계,20만km~25만km 미만,117026
2024,전체,승합차,경형,20만km~25만km 미만,618
2024,전체,승합차,소형,20만km~25만km 미만,27
2024,전체,승합차,중형,20만km~25만km 미만,110112
2024,전체,승합차,대형,20만km~25만km 미만,6269
2024,전체,화물차,합계,20만km~25만km 미만,321066
2024,전체,화물차,경형,20만km~25만km 미만,3090
2024,전체,화물차,소형,20만km~25만km 미만,232457
2024,전체,화물차,중형,20만km~25만km 미만,55568
2024,전체,화물차,대형,20만km~25만km 미만,29951
2024,전체,특수차,합계,20만km~25만km 미만,9188
2024,전체,특수차,경형,20만km~25만km 미만,4
2024,전체,특수차,소형,20만km~25만km 미만,5223
2024,전체,특수차,중형,20만km~25만km 미만,1257
2024,전체,특수차,대형,20만km~25만km 미만,2704
2024,비사업용,합계,합계,20만km~25만km 미만,996757
2024,비사업용,합계,경형,20만km~25만km 미만,24325
2024,비사업용,합계,소형,20만km~25만km 미만,226054
2024,비사업용,합계,중형,20만km~25만km 미만,509511
2024,비사업용,합계,대형,20만km~25만km 미만,236867
2024,비사업용,승용차,합계,20만km~25만km 미만,600389
2024,비사업용,승용차,경형,20만km~25만km 미만,21895
2024,비사업용,승용차,소형,20만km~25만km 미만,4323
2024,비사업용,승용차,중형,20만km~25만km 미만,355231
2024,비사업용,승용차,대형,20만km~25만km 미만,218940
2024,비사업용,승합차,합계,20만km~25만km 미만,108840
2024,비사업용,승합차,경형,20만km~25만km 미만,614
2024,비사업용,승합차,소형,20만km~25만km 미만,27
2024,비사업용,승합차,중형,20만km~25만km 미만,106701
2024,비사업용,승합차,대형,20만km~25만km 미만,1498
2024,비사업용,화물차,합계,20만km~25만km 미만,283237
2024,비사업용,화물차,경형,20만km~25만km 미만,1812
2024,비사업용,화물차,소형,20만km~25만km 미만,218208
2024,비사업용,화물차,중형,20만km~25만km 미만,47019
2024,비사업용,화물차,대형,20만km~25만km 미만,16198
2024,비사업용,특수차,합계,20만km~25만km 미만,4291
2024,비사업용,특수차,경형,20만km~25만km 미만,4
2024,비사업용,특수차,소형,20만km~25만km 미만,3496
2024,비사업용,특수차,중형,20만km~25만km 미만,560
2024,비사업용,특수차,대형,20만km~25만km 미만,231
2024,사업용,합계,합계,20만km~25만km 미만,80515
2024,사업용,합계,경형,20만km~25만km 미만,1386
2024,사업용,합계,소형,20만km~25만km 미만,15976
2024,사업용,합계,중형,20만km~25만km 미만,33936
2024,사업용,합계,대형,20만km~25만km 미만,29217
2024,사업용,승용차,합계,20만km~25만km 미만,29603
2024,사업용,승용차,경형,20만km~25만km 미만,104
2024,사업용,승용차,소형,20만km~25만km 미만,0
2024,사업용,승용차,중형,20만km~25만km 미만,21279
2024,사업용,승용차,대형,20만km~25만km 미만,8220
2024,사업용,승합차,합계,20만km~25만km 미만,8186
2024,사업용,승합차,경형,20만km~25만km 미만,4
2024,사업용,승합차,소형,20만km~25만km 미만,0
2024,사업용,승합차,중형,20만km~25만km 미만,3411
2024,사업용,승합차,대형,20만km~25만km 미만,4771
2024,사업용,화물차,합계,20만km~25만km 미만,37829
2024,사업용,화물차,경형,20만km~25만km 미만,1278
2024,사업용,화물차,소형,20만km~25만km 미만,14249
2024,사업용,화물차,중형,20만km~25만km 미만,8549
2024,사업용,화물차,대형,20만km~25만km 미만,13753
2024,사업용,특수차,합계,20만km~25만km 미만,4897
2024,사업용,특수차,경형,20만km~25만km 미만,0
2024,사업용,특수차,소형,20만km~25만km 미만,1727
2024,사업용,특수차,중형,20만km~25만km 미만,697
2024,사업용,특수차,대형,20만km~25만km 미만,2473
2024,전체,합계,합계,25만km이상,1550884
2024,전체,합계,경형,25만km이상,13517
2024,전체,합계,소형,25만km이상,296976
2024,전체,합계,중형,25만km이상,631198
2024,전체,합계,대형,25만km이상,609193
2024,전체,승용차,합계,25만km이상,519367
2024,전체,승용차,경형,25만km이상,8508
2024,전체,승용차,소형,25만km이상,2574
2024,전체,승용차,중형,25만km이상,301869
2024,전체,승용차,대형,25만km이상,206416
2024,전체,승합차,합계,25만km이상,188256
2024,전체,승합차,경형,25만km이상,632
2024,전체,승합차,소형,25만km이상,69
2024,전체,승합차,중형,25만km이상,132497
2024,전체,승합차,대형,25만km이상,55058
2024,전체,화물차,합계,25만km이상,784850
2024,전체,화물차,경형,25만km이상,4377
2024,전체,화물차,소형,25만km이상,286085
2024,전체,화물차,중형,25만km이상,195076
2024,전체,화물차,대형,25만km이상,299312
2024,전체,특수차,합계,25만km이상,58411
2024,전체,특수차,경형,25만km이상,0
2024,전체,특수차,소형,25만km이상,8248
2024,전체,특수차,중형,25만km이상,1756
2024,전체,특수차,대형,25만km이상,48407
2024,비사업용,합계,합계,25만km이상,1051478
2024,비사업용,합계,경형,25만km이상,10815
2024,비사업용,합계,소형,25만km이상,261054
2024,비사업용,합계,중형,25만km이상,488270
2024,비사업용,합계,대형,25만km이상,291339
2024,비사업용,승용차,합계,25만km이상,450015
2024,비사업용,승용차,경형,25만km이상,8483
2024,비사업용,승용차,소형,25만km이상,2574
2024,비사업용,승용차,중형,25만km이상,244996
2024,비사업용,승용차,대형,25만km이상,193962
2024,비사업용,승합차,합계,25만km이상,129116
2024,비사업용,승합차,경형,25만km이상,631
2024,비사업용,승합차,소형,25만km이상,69
2024,비사업용,승합차,중형,25만km이상,121771
2024,비사업용,승합차,대형,25만km이상,6645
2024,비사업용,화물차,합계,25만km이상,464495
2024,비사업용,화물차,경형,25만km이상,1701
2024,비사업용,화물차,소형,25만km이상,253995
2024,비사업용,화물차,중형,25만km이상,120392
2024,비사업용,화물차,대형,25만km이상,88407
2024,비사업용,특수차,합계,25만km이상,7852
2024,비사업용,특수차,경형,25만km이상,0
2024,비사업용,특수차,소형,25만km이상,4416
2024,비사업용,특수차,중형,25만km이상,1111
2024,비사업용,특수차,대형,25만km이상,2325
2024,사업용,합계,합계,25만km이상,499406
2024,사업용,합계,경형,25만km이상,2702
2024,사업용,합계,소형,25만km이상,35922
2024,사업용,합계,중형,25만km이상,142928
2024,사업용,합계,대형,25만km이상,317854
2024,사업용,승용차,합계,25만km이상,69352
2024,사업용,승용차,경형,25만km이상,25
2024,사업용,승용차,소형,25만km이상,0
2024,사업용,승용차,중형,25만km이상,56873
2024,사업용,승용차,대형,25만km이상,12454
2024,사업용,승합차,합계,25만km이상,59140
2024,사업용,승합차,경형,25만km이상,1
2024,사업용,승합차,소형,25만km이상,0
2024,사업용,승합차,중형,25만km이상,10726
2024,사업용,승합차,대형,25만km이상,48413
2024,사업용,화물차,합계,25만km이상,320355
2024,사업용,화물차,경형,25만km이상,2676
2024,사업용,화물차,소형,25만km이상,32090
2024,사업용,화물차,중형,25만km이상,74684
2024,사업용,화물차,대형,25만km이상,210905
2024,사업용,특수차,합계,25만km이상,50559
2024,사업용,특수차,경형,25만km이상,0
2024,사업용,특수차,소형,25만km이상,3832
2024,사업용,특수차,중형,25만km이상,645
2024,사업용,특수차,대형,25만km이상,46082
2024,전체,합계,합계,기타,24
2024,전체,합계,경형,기타,7
2024,전체,합계,소형,기타,6
2024,전체,합계,중형,기타,10
2024,전체,합계,대형,기타,1
2024,전체,승용차,합계,기타,14
2024,전체,승용차,경형,기타,7
2024,전체,승용차,소형,기타,0
2024,전체,승용차,중형,기타,6
2024,전체,승용차,대형,기타,1
2024,전체,승합차,합계,기타,3
2024,전체,승합차,경형,기타,0
2024,전체,승합차,소형,기타,0
2024,전체,승합차,중형,기타,3
2024,전체,승합차,대형,기타,0
2024,전체,화물차,합계,기타,7
2024,전체,화물차,경형,기타,0
2024,전체,화물차,소형,기타,6
2024,전체,화물차,중형,기타,1
2024,전체,화물차,대형,기타,0
2024,전체,특수차,합계,기타,0
2024,전체,특수차,경형,기타,0
2024,전체,특수차,소형,기타,0
2024,전체,특수차,중형,기타,0
2024,전체,특수차,대형,기타,0
2024,비사업용,합계,합계,기타,17
2024,비사업용,합계,경형,기타,3
2024,비사업용,합계,소형,기타,6
2024,비사업용,합계,중형,기타,7
2024,비사업용,합계,대형,기타,1
2024,비사업용,승용차,합계,기타,7
2024,비사업용,승용차,경형,기타,3
2024,비사업용,승용차,소형,기타,0
2024,비사업용,승용차,중형,기타,3
2024,비사업용,승용차,대형,기타,1
2024,비사업용,승합차,합계,기타,3
2024,비사업용,승합차,경형,기타,0
2024,비사업용,승합차,소형,기타,0
2024,비사업용,승합차,중형,기타,3
2024,비사업용,승합차,대형,기타,0
2024,비사업용,화물차,합계,기타,7
2024,비사업용,화물차,경형,기타,0
2024,비사업용,화물차,소형,기타,6
2024,비사업용,화물차,중형,기타,1
2024,비사업용,화물차,대형,기타,0
2024,비사업용,특수차,합계,기타,0
2024,비사업용,특수차,경형,기타,0
2024,비사업용,특수차,소형,기타,0
2024,비사업용,특수차,중형,기타,0
2024,비사업용,특수차,대형,기타,0
2024,사업용,합계,합계,기타,7
2024,사업용,합계,경형,기타,4
2024,사업용,합계,소형,기타,0
2024,사업용,합계,중형,기타,3
2024,사업용,합계,대형,기타,0
2024,사업용,승용차,합계,기타,7
2024,사업용,승용차,경형,기타,4
2024,사업용,승용차,소형,기타,0
2024,사업용,승용차,중형,기타,3
2024,사업용,승용차,대형,기타,0
2024,사업용,승합차,합계,기타,0
2024,사업용,승합차,경형,기타,0
2024,사업용,승합차,소형,기타,0
2024,사업용,승합차,중형,기타,0
2024,사업용,승합차,대형,기타,0
2024,사업용,화물차,합계,기타,0
2024,사업용,화물차,경형,기타,0
2024,사업용,화물차,소형,기타,0
2024,사업용,화물차,중형,기타,0
2024,사업용,화물차,대형,기타,0
2024,사업용,특수차,합계,기타,0
2024,사업용,특수차,경형,기타,0
2024,사업용,특수차,소형,기타,0
2024,사업용,특수차,중형,기타,0
2024,사업용,특수차,대형,기타,0
